State Name,City Name,Year,Month,Day of Week,Time of Day,Accident Severity,Number of Vehicles Involved,Vehicle Type Involved,Number of Casualties,Number of Fatalities,Weather Conditions,Road Type,Road Condition,Lighting Conditions,Traffic Control Presence,Speed Limit (km/h),Driver Age,Driver License Status,Alcohol Involvement,Accident Location Details,High Risk
Bihar,Gaya,2021,November,Tuesday,08:06,Minor,3,Two-Wheeler,3,0,Clear,Urban Road,Dry,Daylight,Signs,40,39,Unlicensed,No,Intersection,0
Gujarat,Surat,2019,November,Thursday,09:21,Minor,2,Car,1,0,Clear,Urban Road,Dry,Daylight,Signs,45,41,Valid,No,Straight Road,0
Delhi,New Delhi,2019,December,Saturday,21:18,Serious,1,Two-Wheeler,3,0,Foggy,State Highway,Dry,Dark,Signs,80,46,Valid,No,Straight Road,1
Andhra Pradesh,Vijayawada,2020,January,Friday,18:40,Fatal,1,Two-Wheeler,3,1,Foggy,National Highway,Damaged,Dusk,Signals,85,57,Expired,No,Straight Road,1
Maharashtra,Pune,2018,November,Monday,06:20,Serious,5,Truck,3,0,Clear,National Highway,Dry,Daylight,Signs,90,39,Valid,No,Curve,1
Himachal Pradesh,Shimla,2023,April,Friday,12:44,Minor,2,Truck,1,0,Clear,Urban Road,Dry,Daylight,No Control,35,22,Expired,No,Straight Road,0
Bihar,Gaya,2018,January,Saturday,08:25,Minor,1,Two-Wheeler,1,0,Rainy,Village Road,Wet,Daylight,No Control,25,28,Valid,No,Straight Road,0
Bihar,Patna,2020,February,Wednesday,19:47,Minor,1,Car,3,0,Clear,Urban Road,Dry,Dusk,No Control,45,39,Unlicensed,No,Straight Road,0
Maharashtra,Mumbai,2019,October,Tuesday,21:04,Serious,4,Car,3,0,Clear,State Highway,Dry,Dark,Police Checkpost,65,54,Unlicensed,Yes,Straight Road,1
Gujarat,Ahmedabad,2019,August,Saturday,07:43,Serious,1,Truck,3,0,Hazy,Expressway,Damaged,Daylight,Signs,100,45,Valid,No,Straight Road,1
Karnataka,Bengaluru,2020,July,Monday,12:19,Fatal,3,Two-Wheeler,3,2,Stormy,National Highway,Wet,Daylight,Signs,95,26,Valid,No,Straight Road,1
Jharkhand,Ranchi,2023,November,Saturday,22:25,Fatal,5,Bus,4,2,Clear,Expressway,Dry,Dark,Signs,100,29,Valid,No,Straight Road,1
West Bengal,Siliguri,2024,February,Saturday,17:55,Minor,2,Car,1,0,Hazy,National Highway,Dry,Daylight,Signals,60,33,Valid,No,Straight Road,0
Haryana,Faridabad,2019,January,Sunday,20:28,Serious,3,Car,2,0,Clear,National Highway,Damaged,Dark,Signals,80,38,Valid,No,Curve,1
Gujarat,Unknown,2019,December,Monday,10:04,Minor,1,Car,4,0,Hazy,Village Road,Dry,Daylight,No Control,25,34,Valid,No,Intersection,0
Uttar Pradesh,Unknown,2021,August,Monday,08:27,Minor,2,Car,2,0,Rainy,Urban Road,Wet,Daylight,Police Checkpost,30,27,Valid,No,Straight Road,0
Madhya Pradesh,Unknown,2020,October,Sunday,17:14,Minor,3,Auto-Rickshaw,1,0,Clear,Village Road,Under Construction,Daylight,No Control,25,28,Valid,No,Straight Road,0
Maharashtra,Pune,2023,July,Thursday,06:28,Minor,2,Truck,1,0,Hazy,Urban Road,Damaged,Dawn,Signals,30,36,Expired,No,Bridge,0
Haryana,Faridabad,2019,February,Wednesday,19:13,Serious,3,Two-Wheeler,3,0,Hazy,National Highway,Dry,Daylight,Signals,85,40,Valid,No,Intersection,1
West Bengal,Siliguri,2020,July,Friday,18:38,Serious,3,Two-Wheeler,2,0,Clear,National Highway,Dry,Dusk,Signs,80,25,Valid,No,Straight Road,1
Bihar,Patna,2021,December,Monday,09:14,Minor,1,Two-Wheeler,1,0,Foggy,State Highway,Dry,Daylight,Signs,80,41,Valid,No,Curve,0
Karnataka,Bengaluru,2020,February,Friday,13:27,Minor,2,Two-Wheeler,1,0,Hazy,Urban Road,Under Construction,Daylight,Police Checkpost,30,59,Valid,No,Curve,0
Uttarakhand,Unknown,2022,February,Sunday,19:57,Minor,1,Car,1,0,Clear,State Highway,Dry,Daylight,Signs,65,39,Valid,No,Bridge,0
Odisha,Bhubaneswar,2023,May,Friday,21:38,Fatal,2,Truck,5,3,Clear,National Highway,Under Construction,Dark,Signs,95,40,Valid,No,Straight Road,1
Bihar,Patna,2021,June,Thursday,10:42,Fatal,4,Two-Wheeler,3,2,Clear,National Highway,Dry,Daylight,Police Checkpost,80,21,Valid,No,Curve,1
Uttar Pradesh,Varanasi,2021,August,Sunday,19:46,Minor,2,Auto-Rickshaw,1,0,Hazy,Urban Road,Dry,Daylight,Signals,40,46,Valid,No,Straight Road,0
Gujarat,Unknown,2024,February,Saturday,07:55,Serious,3,Tractor,3,0,Clear,National Highway,Dry,Daylight,Police Checkpost,85,30,Valid,No,Curve,1
Maharashtra,Nagpur,2024,December,Monday,21:53,Serious,1,Car,4,0,Foggy,State Highway,Under Construction,Dark,No Control,60,50,Valid,No,Bridge,1
Uttar Pradesh,Agra,2024,February,Friday,17:51,Fatal,2,Car,1,1,Clear,National Highway,Dry,Dusk,Signs,95,59,Valid,Yes,Straight Road,1
Andhra Pradesh,Visakhapatnam,2018,March,Monday,06:20,Serious,4,Two-Wheeler,3,0,Clear,Village Road,Dry,Daylight,No Control,35,29,Unlicensed,No,Straight Road,1
Kerala,Kochi,2023,December,Wednesday,18:37,Minor,4,Auto-Rickshaw,1,0,Clear,Urban Road,Dry,Dark,No Control,40,29,Valid,No,Straight Road,0
Uttarakhand,Dehradun,2024,May,Friday,18:49,Serious,1,Two-Wheeler,3,0,Clear,National Highway,Dry,Dusk,Signs,65,43,Valid,No,Bridge,1
Tamil Nadu,Chennai,2023,July,Tuesday,18:33,Minor,3,Truck,1,0,Clear,Urban Road,Dry,Daylight,No Control,50,22,Valid,No,Curve,0
Karnataka,Hubballi,2023,June,Monday,10:07,Minor,3,Truck,3,0,Stormy,Urban Road,Wet,Daylight,Signs,55,38,Valid,No,Intersection,0
Gujarat,Unknown,2020,April,Friday,18:30,Serious,4,Two-Wheeler,2,0,Clear,Urban Road,Under Construction,Daylight,No Control,55,34,Valid,No,Curve,1
Uttar Pradesh,Varanasi,2023,July,Wednesday,19:12,Minor,4,Two-Wheeler,3,0,Clear,National Highway,Dry,Dusk,Signs,85,36,Valid,No,Straight Road,0
Maharashtra,Nashik,2022,October,Friday,10:41,Minor,1,Truck,4,0,Clear,State Highway,Dry,Daylight,Signs,80,18,Valid,No,Bridge,0
Gujarat,Surat,2023,January,Tuesday,07:51,Minor,3,Two-Wheeler,2,0,Hazy,Village Road,Dry,Daylight,No Control,35,43,Expired,No,Curve,0
Uttar Pradesh,Varanasi,2020,November,Saturday,20:42,Fatal,1,Two-Wheeler,5,1,Clear,National Highway,Dry,Dark,Signs,75,66,Unlicensed,No,Straight Road,1
Telangana,Unknown,2023,March,Sunday,16:33,Minor,1,Cycle,4,0,Clear,Urban Road,Dry,Daylight,Signs,55,32,Valid,No,Intersection,0
Gujarat,Ahmedabad,2023,December,Monday,13:35,Serious,3,Car,2,1,Foggy,National Highway,Dry,Daylight,Signs,65,20,Valid,No,Straight Road,1
Haryana,Faridabad,2023,December,Saturday,20:32,Fatal,2,Truck,6,1,Foggy,State Highway,Dry,Dark,Signs,75,47,Valid,Yes,Straight Road,1
Andhra Pradesh,Vijayawada,2019,December,Tuesday,06:26,Minor,2,Two-Wheeler,1,0,Foggy,Urban Road,Dry,Daylight,Signs,55,27,Valid,No,Intersection,0
Tamil Nadu,Chennai,2024,August,Wednesday,19:13,Minor,1,Two-Wheeler,2,0,Clear,National Highway,Dry,Dark,Signals,80,37,Expired,No,Bridge,0
Haryana,Faridabad,2019,November,Wednesday,13:40,Fatal,3,Two-Wheeler,2,1,Rainy,National Highway,Damaged,Dawn,No Control,95,28,Unlicensed,No,Straight Road,1
Punjab,Ludhiana,2024,November,Tuesday,02:20,Serious,4,Two-Wheeler,4,0,Clear,Urban Road,Dry,Dark,No Control,35,20,Valid,No,Bridge,1
Karnataka,Unknown,2018,August,Monday,23:09,Serious,3,Two-Wheeler,2,0,Stormy,State Highway,Under Construction,Dark,Signs,50,41,Valid,No,Straight Road,1
Tamil Nadu,Madurai,2019,November,Saturday,18:48,Serious,3,Tractor,2,0,Foggy,Village Road,Damaged,Dark,No Control,25,29,Valid,No,Curve,1
Andhra Pradesh,Vijayawada,2022,May,Saturday,08:33,Minor,2,Two-Wheeler,2,0,Hazy,Urban Road,Dry,Daylight,Signs,30,18,Valid,No,Straight Road,0
Uttar Pradesh,Lucknow,2021,November,Sunday,21:31,Serious,1,Two-Wheeler,2,0,Clear,Village Road,Dry,Dark,No Control,25,41,Valid,No,Straight Road,1
Uttar Pradesh,Varanasi,2022,December,Sunday,21:31,Serious,2,Auto-Rickshaw,3,0,Foggy,Village Road,Under Construction,Dark,Police Checkpost,25,71,Expired,No,Curve,1
Maharashtra,Mumbai,2020,August,Thursday,19:04,Fatal,1,Bus,2,1,Rainy,National Highway,Wet,Dusk,Signs,80,49,Valid,No,Curve,1
Bihar,Patna,2018,February,Tuesday,06:32,Minor,1,Tractor,2,0,Clear,Village Road,Dry,Dawn,Signs,30,37,Expired,No,Straight Road,0
Telangana,Unknown,2022,March,Monday,07:32,Minor,4,Two-Wheeler,2,0,Clear,Expressway,Dry,Daylight,Signs,85,73,Valid,No,Straight Road,0
Andhra Pradesh,Visakhapatnam,2021,March,Friday,18:30,Serious,2,Two-Wheeler,3,1,Clear,State Highway,Dry,Daylight,No Control,60,18,Unlicensed,No,Intersection,1
Bihar,Patna,2021,July,Sunday,21:00,Minor,1,Truck,1,0,Hazy,Urban Road,Damaged,Dusk,No Control,50,44,Valid,No,Intersection,0
Gujarat,Vadodara,2020,June,Wednesday,08:45,Serious,2,Bus,2,0,Rainy,State Highway,Wet,Dark,Signs,55,59,Valid,No,Straight Road,1
Madhya Pradesh,Gwalior,2024,October,Tuesday,13:36,Serious,1,Two-Wheeler,4,0,Clear,National Highway,Dry,Daylight,No Control,75,25,Valid,No,Straight Road,1
Uttar Pradesh,Kanpur,2023,April,Thursday,06:45,Fatal,3,Cycle,4,3,Hazy,State Highway,Dry,Dark,No Control,75,41,Valid,No,Curve,1
Maharashtra,Pune,2019,February,Sunday,13:30,Fatal,4,Bus,2,1,Clear,National Highway,Damaged,Daylight,Signs,75,29,Valid,No,Bridge,1
Telangana,Unknown,2018,August,Thursday,16:19,Minor,1,Car,1,0,Stormy,Urban Road,Damaged,Daylight,Signs,35,33,Valid,No,Intersection,0
Gujarat,Surat,2019,February,Saturday,00:49,Minor,2,Truck,2,0,Clear,Urban Road,Dry,Dark,Signs,55,42,Valid,No,Straight Road,0
Madhya Pradesh,Gwalior,2018,November,Thursday,16:21,Serious,2,Two-Wheeler,4,0,Clear,National Highway,Dry,Daylight,Signals,100,18,Valid,No,Straight Road,1
Bihar,Unknown,2022,January,Wednesday,16:27,Fatal,2,Two-Wheeler,2,1,Foggy,National Highway,Dry,Daylight,No Control,95,25,Valid,No,Bridge,1
West Bengal,Durgapur,2022,June,Thursday,12:00,Serious,2,Two-Wheeler,3,0,Stormy,National Highway,Wet,Daylight,Signals,75,37,Valid,No,Bridge,1
Madhya Pradesh,Indore,2021,December,Saturday,21:09,Fatal,4,Two-Wheeler,3,1,Hazy,Expressway,Dry,Dark,Signs,80,18,Valid,No,Straight Road,1
Madhya Pradesh,Indore,2022,July,Saturday,06:06,Minor,2,Two-Wheeler,3,0,Hazy,Village Road,Damaged,Daylight,Signs,30,33,Valid,No,Straight Road,0
Tamil Nadu,Unknown,2023,October,Thursday,02:25,Fatal,1,Truck,2,2,Hazy,National Highway,Damaged,Dark,Signs,90,19,Valid,No,Curve,1
Maharashtra,Pune,2023,June,Wednesday,13:15,Serious,1,Auto-Rickshaw,3,0,Clear,Village Road,Dry,Daylight,No Control,40,19,Valid,No,Curve,1
Gujarat,Vadodara,2021,October,Tuesday,14:19,Minor,1,Two-Wheeler,1,0,Clear,Village Road,Dry,Daylight,Signs,20,48,Valid,No,Curve,0
Uttar Pradesh,Unknown,2022,September,Monday,08:45,Minor,3,Car,1,0,Rainy,Village Road,Under Construction,Daylight,Signs,20,38,Expired,No,Straight Road,0
Karnataka,Unknown,2022,July,Monday,22:40,Serious,3,Car,2,0,Rainy,Village Road,Wet,Dark,Signs,25,34,Valid,Yes,Straight Road,1
Delhi,New Delhi,2024,February,Tuesday,08:47,Minor,2,Two-Wheeler,6,0,Clear,Urban Road,Dry,Daylight,Signals,35,32,Unlicensed,No,Intersection,0
Uttar Pradesh,Varanasi,2023,December,Saturday,09:48,Serious,3,Two-Wheeler,3,0,Clear,National Highway,Dry,Daylight,No Control,65,41,Unlicensed,No,Curve,1
Maharashtra,Nashik,2020,January,Saturday,19:14,Minor,2,Two-Wheeler,3,0,Foggy,Village Road,Dry,Dusk,Signs,30,31,Valid,No,Curve,0
Tamil Nadu,Unknown,2024,May,Saturday,21:36,Minor,2,Car,3,0,Hazy,Village Road,Dry,Dark,Police Checkpost,25,28,Valid,No,Straight Road,0
Tamil Nadu,Coimbatore,2020,August,Saturday,14:52,Minor,2,Auto-Rickshaw,1,0,Clear,State Highway,Dry,Daylight,Signs,65,50,Valid,Yes,Bridge,0
Telangana,Warangal,2023,October,Sunday,00:18,Serious,2,Car,3,0,Clear,Urban Road,Dry,Dark,Signs,60,30,Valid,No,Curve,1
Madhya Pradesh,Bhopal,2024,July,Sunday,10:22,Minor,2,Truck,4,0,Clear,Urban Road,Dry,Daylight,Signals,45,53,Valid,No,Straight Road,0
Bihar,Unknown,2023,May,Wednesday,08:31,Minor,3,Truck,1,0,Clear,Urban Road,Dry,Daylight,Signs,45,30,Valid,No,Straight Road,0
Telangana,Hyderabad,2018,May,Tuesday,14:47,Minor,2,Tractor,2,0,Clear,Urban Road,Dry,Daylight,Signs,60,46,Valid,No,Straight Road,0
Karnataka,Mangaluru,2019,December,Tuesday,17:08,Fatal,3,Truck,4,1,Clear,National Highway,Dry,Dusk,Signals,85,40,Valid,No,Straight Road,1
Punjab,Unknown,2023,May,Sunday,11:28,Minor,1,Two-Wheeler,1,0,Hazy,State Highway,Dry,Daylight,No Control,80,44,Valid,No,Straight Road,0
Uttar Pradesh,Lucknow,2018,November,Monday,14:14,Serious,3,Two-Wheeler,2,0,Clear,State Highway,Dry,Daylight,Signs,75,40,Valid,Yes,Curve,1
Maharashtra,Nashik,2018,January,Wednesday,18:42,Serious,3,Two-Wheeler,3,0,Clear,National Highway,Dry,Dark,Signs,60,46,Valid,No,Straight Road,1
Maharashtra,Nashik,2019,August,Friday,08:14,Serious,3,Two-Wheeler,3,0,Stormy,Urban Road,Under Construction,Daylight,No Control,60,54,Valid,No,Straight Road,1
Kerala,Kochi,2021,September,Friday,07:21,Minor,3,Car,1,0,Rainy,State Highway,Wet,Daylight,Signs,55,26,Valid,No,Curve,0
Gujarat,Surat,2018,September,Friday,19:20,Minor,2,Car,1,0,Rainy,State Highway,Dry,Dark,Signs,60,55,Valid,No,Straight Road,0
Uttar Pradesh,Kanpur,2019,June,Saturday,01:04,Minor,1,Car,2,0,Clear,National Highway,Under Construction,Dark,No Control,80,33,Valid,Yes,Curve,0
Rajasthan,Udaipur,2020,September,Friday,06:40,Fatal,1,Two-Wheeler,1,1,Rainy,Urban Road,Wet,Daylight,Signals,55,18,Valid,No,Intersection,1
Uttar Pradesh,Varanasi,2022,June,Sunday,00:15,Fatal,2,Auto-Rickshaw,3,1,Rainy,State Highway,Wet,Dawn,No Control,80,45,Valid,No,Intersection,1
Andhra Pradesh,Visakhapatnam,2021,August,Monday,15:29,Serious,3,Two-Wheeler,3,0,Clear,National Highway,Dry,Daylight,Police Checkpost,80,47,Valid,No,Bridge,1
Gujarat,Unknown,2023,November,Sunday,16:41,Minor,3,Truck,1,0,Clear,Urban Road,Damaged,Daylight,No Control,40,43,Valid,No,Straight Road,0
Karnataka,Unknown,2024,September,Friday,14:47,Serious,1,Truck,2,0,Hazy,Urban Road,Dry,Daylight,No Control,40,33,Valid,Yes,Intersection,1
Tamil Nadu,Chennai,2018,September,Tuesday,12:55,Minor,1,Car,1,0,Clear,Urban Road,Dry,Daylight,No Control,40,26,Valid,No,Intersection,0
West Bengal,Siliguri,2022,December,Sunday,14:07,Minor,2,Two-Wheeler,1,0,Hazy,Urban Road,Dry,Daylight,No Control,40,31,Valid,No,Curve,0
Karnataka,Bengaluru,2019,March,Sunday,07:37,Minor,1,Car,2,0,Clear,State Highway,Dry,Daylight,Police Checkpost,55,39,Valid,No,Straight Road,0
Maharashtra,Unknown,2020,August,Sunday,19:19,Serious,1,Cycle,3,0,Rainy,National Highway,Wet,Dusk,Signs,90,34,Valid,No,Intersection,1
Maharashtra,Nagpur,2020,August,Sunday,23:46,Fatal,4,Bus,2,2,Stormy,State Highway,Dry,Dark,Police Checkpost,80,24,Valid,No,Straight Road,1
Chhattisgarh,Raipur,2022,September,Wednesday,14:23,Serious,1,Two-Wheeler,3,0,Rainy,Urban Road,Wet,Daylight,Police Checkpost,45,34,Valid,No,Curve,1
Assam,Guwahati,2019,February,Tuesday,11:00,Minor,2,Two-Wheeler,1,0,Clear,Urban Road,Dry,Daylight,No Control,35,27,Valid,No,Intersection,0
Andhra Pradesh,Unknown,2024,October,Tuesday,19:51,Minor,3,Bus,4,0,Clear,Urban Road,Damaged,Daylight,Signals,50,29,Expired,No,Straight Road,0
Tamil Nadu,Chennai,2020,March,Sunday,07:45,Minor,2,Two-Wheeler,2,0,Clear,Village Road,Damaged,Daylight,Signs,30,46,Valid,No,Straight Road,0
Uttarakhand,Dehradun,2023,May,Saturday,10:19,Serious,5,Truck,4,0,Clear,National Highway,Dry,Daylight,No Control,75,23,Valid,No,Bridge,1
Bihar,Unknown,2024,September,Sunday,22:50,Serious,2,Cycle,5,0,Clear,Village Road,Dry,Dark,No Control,20,41,Valid,No,Curve,1
Andhra Pradesh,Vijayawada,2021,April,Sunday,07:24,Serious,2,Two-Wheeler,3,0,Clear,Urban Road,Damaged,Daylight,Signs,55,31,Valid,No,Straight Road,1
Gujarat,Unknown,2018,February,Friday,05:24,Minor,3,Two-Wheeler,1,0,Clear,Urban Road,Dry,Dawn,Signs,50,40,Unlicensed,No,Intersection,0
Tamil Nadu,Unknown,2022,September,Tuesday,15:17,Minor,3,Car,1,0,Clear,Urban Road,Dry,Daylight,Signs,35,26,Valid,No,Straight Road,0
Maharashtra,Nagpur,2020,April,Tuesday,15:29,Serious,3,Two-Wheeler,3,0,Clear,Urban Road,Dry,Daylight,Signs,40,34,Valid,No,Intersection,1
Odisha,Cuttack,2020,October,Thursday,16:59,Minor,1,Car,2,0,Clear,National Highway,Dry,Daylight,Signs,80,27,Valid,No,Straight Road,0
Gujarat,Ahmedabad,2021,November,Saturday,07:03,Serious,3,Two-Wheeler,4,0,Clear,National Highway,Dry,Daylight,Signs,80,40,Expired,No,Straight Road,1
Uttar Pradesh,Lucknow,2020,May,Tuesday,18:35,Serious,1,Car,4,0,Clear,State Highway,Damaged,Dusk,Signs,70,18,Valid,No,Curve,1
Tamil Nadu,Chennai,2019,September,Sunday,08:10,Serious,1,Two-Wheeler,2,0,Rainy,National Highway,Damaged,Daylight,Police Checkpost,65,36,Expired,No,Intersection,1
Madhya Pradesh,Bhopal,2024,March,Saturday,22:07,Fatal,5,Two-Wheeler,4,2,Foggy,National Highway,Dry,Dawn,No Control,80,21,Valid,Yes,Straight Road,1
Uttar Pradesh,Varanasi,2019,December,Wednesday,08:03,Serious,2,Car,4,1,Rainy,National Highway,Damaged,Daylight,No Control,65,29,Unlicensed,No,Bridge,1
Delhi,New Delhi,2021,March,Sunday,00:16,Serious,2,Two-Wheeler,2,0,Rainy,Expressway,Under Construction,Dark,Signs,85,33,Valid,Yes,Straight Road,1
Bihar,Gaya,2023,November,Friday,15:43,Serious,5,Tractor,2,0,Clear,National Highway,Dry,Daylight,Signs,65,45,Valid,No,Straight Road,1
Andhra Pradesh,Unknown,2019,October,Saturday,07:44,Fatal,1,Two-Wheeler,1,1,Clear,Expressway,Under Construction,Daylight,Signs,105,18,Unlicensed,No,Curve,1
Gujarat,Unknown,2022,April,Wednesday,16:47,Serious,1,Two-Wheeler,5,1,Clear,Urban Road,Under Construction,Daylight,Signs,55,18,Unlicensed,No,Bridge,1
West Bengal,Durgapur,2024,October,Wednesday,08:08,Fatal,2,Truck,2,1,Foggy,National Highway,Dry,Daylight,Signs,100,50,Valid,No,Straight Road,1
Madhya Pradesh,Indore,2023,August,Monday,12:06,Fatal,2,Car,3,1,Hazy,National Highway,Under Construction,Daylight,Signs,90,33,Valid,No,Curve,1
Telangana,Warangal,2018,September,Friday,07:58,Fatal,2,Tractor,1,1,Rainy,National Highway,Under Construction,Daylight,Signs,90,18,Valid,No,Curve,1
Maharashtra,Pune,2020,May,Saturday,12:55,Fatal,1,Two-Wheeler,3,1,Clear,State Highway,Dry,Dawn,Signs,55,32,Unlicensed,No,Intersection,1
Karnataka,Hubballi,2018,March,Sunday,06:42,Minor,1,Car,2,0,Clear,National Highway,Dry,Dawn,Signs,60,31,Expired,No,Bridge,0
Maharashtra,Pune,2022,September,Sunday,10:50,Minor,1,Two-Wheeler,1,0,Clear,Village Road,Dry,Daylight,No Control,25,30,Expired,No,Straight Road,0
Rajasthan,Udaipur,2020,January,Monday,07:48,Serious,3,Truck,2,0,Foggy,State Highway,Dry,Daylight,Signs,60,40,Expired,No,Intersection,1
Tamil Nadu,Madurai,2024,May,Sunday,19:34,Minor,3,Car,4,0,Clear,Urban Road,Dry,Dusk,Signals,45,18,Valid,No,Bridge,0
Uttar Pradesh,Agra,2019,February,Tuesday,18:28,Minor,2,Two-Wheeler,2,0,Clear,Urban Road,Dry,Dusk,Signs,50,37,Valid,No,Straight Road,0
Maharashtra,Mumbai,2023,January,Monday,07:58,Minor,2,Car,1,0,Hazy,Urban Road,Dry,Daylight,Signals,30,31,Unlicensed,No,Straight Road,0
Madhya Pradesh,Bhopal,2020,January,Saturday,04:40,Serious,4,Bus,2,0,Hazy,Expressway,Dry,Dark,Signs,85,36,Valid,No,Straight Road,1
Uttar Pradesh,Varanasi,2024,February,Sunday,01:52,Fatal,3,Tractor,3,2,Rainy,State Highway,Wet,Dark,No Control,75,47,Unlicensed,Yes,Straight Road,1
Assam,Guwahati,2019,December,Sunday,08:12,Minor,4,Two-Wheeler,1,0,Clear,State Highway,Dry,Daylight,Signs,65,49,Valid,No,Straight Road,0
Madhya Pradesh,Indore,2019,October,Saturday,13:13,Fatal,4,Two-Wheeler,3,1,Clear,Expressway,Under Construction,Daylight,Signs,95,56,Valid,No,Straight Road,1
Karnataka,Bengaluru,2020,December,Tuesday,11:37,Fatal,4,Car,2,2,Foggy,Expressway,Dry,Dark,Signs,115,18,Valid,No,Straight Road,1
Madhya Pradesh,Bhopal,2024,February,Tuesday,23:57,Minor,1,Two-Wheeler,1,0,Clear,Urban Road,Dry,Dark,Signals,50,41,Valid,No,Curve,0
Maharashtra,Nashik,2023,December,Monday,19:37,Serious,4,Truck,3,0,Stormy,Urban Road,Wet,Dark,Signs,55,46,Valid,No,Intersection,1
Chhattisgarh,Raipur,2023,August,Friday,04:26,Fatal,1,Bus,2,1,Clear,State Highway,Dry,Dark,No Control,70,30,Valid,No,Straight Road,1
Gujarat,Vadodara,2021,October,Thursday,07:01,Minor,2,Two-Wheeler,1,0,Clear,Urban Road,Dry,Daylight,Police Checkpost,45,36,Valid,No,Intersection,0
Bihar,Patna,2023,November,Monday,01:09,Serious,3,Car,3,0,Clear,State Highway,Dry,Dark,No Control,75,53,Valid,No,Intersection,1
Maharashtra,Nagpur,2022,April,Thursday,06:13,Minor,5,Two-Wheeler,3,0,Clear,Urban Road,Dry,Dark,Police Checkpost,60,34,Valid,No,Intersection,0
Rajasthan,Jaipur,2022,September,Friday,14:12,Serious,4,Truck,2,0,Rainy,Village Road,Wet,Daylight,No Control,35,52,Valid,No,Intersection,1
Rajasthan,Unknown,2023,August,Saturday,04:42,Minor,3,Car,1,0,Rainy,State Highway,Dry,Dark,Signs,70,36,Valid,No,Straight Road,0
Jharkhand,Jamshedpur,2024,May,Thursday,03:41,Minor,3,Tractor,1,0,Clear,Urban Road,Dry,Dark,Signs,30,42,Valid,No,Straight Road,0
Madhya Pradesh,Gwalior,2022,June,Wednesday,05:22,Serious,2,Two-Wheeler,3,0,Rainy,Urban Road,Damaged,Dawn,Signals,55,48,Valid,No,Straight Road,1
Gujarat,Vadodara,2021,March,Friday,17:59,Minor,3,Truck,1,0,Clear,National Highway,Dry,Daylight,Signs,65,23,Valid,No,Intersection,0
Tamil Nadu,Madurai,2022,March,Saturday,00:23,Minor,1,Car,2,0,Clear,Urban Road,Dry,Dawn,Police Checkpost,30,42,Valid,No,Straight Road,0
Tamil Nadu,Chennai,2023,December,Wednesday,22:26,Minor,2,Car,1,0,Hazy,Urban Road,Dry,Dark,Signals,45,31,Valid,No,Curve,0
Rajasthan,Jodhpur,2024,September,Monday,11:31,Minor,1,Car,3,0,Rainy,National Highway,Wet,Daylight,Signals,65,51,Valid,No,Straight Road,0
Gujarat,Ahmedabad,2022,July,Sunday,10:34,Serious,5,Two-Wheeler,4,0,Clear,National Highway,Under Construction,Daylight,Signs,65,33,Expired,No,Straight Road,1
Maharashtra,Pune,2024,September,Saturday,13:11,Serious,3,Two-Wheeler,4,1,Clear,National Highway,Dry,Daylight,Signs,80,33,Valid,No,Straight Road,1
Haryana,Faridabad,2023,May,Tuesday,14:18,Serious,1,Truck,2,0,Clear,National Highway,Dry,Daylight,Signs,75,27,Valid,No,Bridge,1
Odisha,Cuttack,2024,March,Friday,12:41,Minor,1,Truck,1,0,Clear,Urban Road,Dry,Daylight,Signs,35,36,Valid,No,Straight Road,0
Uttar Pradesh,Kanpur,2023,December,Friday,13:50,Serious,1,Truck,3,0,Foggy,Urban Road,Dry,Daylight,No Control,60,43,Valid,No,Straight Road,1
Madhya Pradesh,Unknown,2024,December,Monday,10:25,Minor,1,Tractor,1,0,Rainy,State Highway,Wet,Daylight,Police Checkpost,55,38,Valid,No,Bridge,0
Maharashtra,Unknown,2019,March,Tuesday,10:06,Minor,3,Two-Wheeler,1,0,Clear,Urban Road,Dry,Daylight,No Control,35,63,Valid,No,Intersection,0
Telangana,Warangal,2024,October,Sunday,01:51,Serious,1,Two-Wheeler,2,0,Clear,National Highway,Damaged,Dark,Signs,90,32,Valid,No,Straight Road,1
Tamil Nadu,Coimbatore,2020,June,Thursday,17:34,Minor,2,Two-Wheeler,1,0,Stormy,Village Road,Damaged,Dusk,No Control,35,26,Expired,No,Straight Road,0
Telangana,Hyderabad,2023,September,Tuesday,16:26,Minor,2,Two-Wheeler,1,0,Rainy,State Highway,Wet,Daylight,Signs,60,35,Valid,No,Straight Road,0
Kerala,Kochi,2020,February,Saturday,17:35,Minor,3,Two-Wheeler,2,0,Clear,Urban Road,Dry,Dusk,Signs,35,41,Valid,No,Straight Road,0
Bihar,Patna,2021,June,Thursday,22:49,Fatal,3,Two-Wheeler,4,1,Rainy,National Highway,Dry,Dark,Signals,95,22,Valid,No,Straight Road,1
Maharashtra,Nagpur,2023,February,Friday,13:00,Minor,4,Cycle,3,0,Clear,Village Road,Dry,Daylight,Signs,20,53,Valid,No,Straight Road,0
Assam,Guwahati,2021,October,Wednesday,20:21,Minor,3,Two-Wheeler,1,0,Clear,Urban Road,Dry,Dark,No Control,50,34,Valid,Yes,Intersection,0
Uttar Pradesh,Agra,2023,May,Monday,12:56,Serious,2,Cycle,4,0,Foggy,Expressway,Dry,Daylight,Signs,85,57,Valid,No,Straight Road,1
Maharashtra,Pune,2018,April,Tuesday,13:18,Minor,2,Two-Wheeler,3,0,Clear,State Highway,Dry,Daylight,Signs,50,53,Valid,No,Straight Road,0
Madhya Pradesh,Indore,2023,September,Sunday,16:58,Minor,3,Car,1,0,Clear,Village Road,Dry,Daylight,No Control,20,45,Valid,No,Curve,0
Karnataka,Bengaluru,2020,December,Friday,08:16,Minor,1,Car,1,0,Rainy,State Highway,Wet,Daylight,Police Checkpost,65,37,Valid,No,Straight Road,0
Haryana,Unknown,2023,May,Saturday,08:28,Minor,2,Car,2,0,Clear,National Highway,Dry,Daylight,Signals,70,25,Valid,No,Bridge,0
Punjab,Unknown,2019,September,Monday,14:04,Minor,5,Two-Wheeler,1,0,Clear,Urban Road,Dry,Daylight,Police Checkpost,50,29,Valid,No,Intersection,0
Tamil Nadu,Chennai,2022,September,Saturday,03:43,Fatal,2,Truck,1,1,Hazy,National Highway,Dry,Dark,Signs,100,24,Valid,No,Straight Road,1
Chhattisgarh,Raipur,2022,June,Thursday,08:14,Serious,4,Auto-Rickshaw,2,0,Rainy,Urban Road,Damaged,Daylight,No Control,30,24,Unlicensed,No,Intersection,1
Tamil Nadu,Madurai,2018,October,Friday,19:50,Serious,1,Truck,3,0,Hazy,State Highway,Dry,Dusk,No Control,70,40,Valid,No,Straight Road,1
Rajasthan,Jaipur,2021,February,Wednesday,13:07,Minor,1,Car,4,0,Clear,Urban Road,Dry,Daylight,Signs,55,41,Valid,No,Bridge,0
Tamil Nadu,Coimbatore,2022,November,Friday,01:07,Minor,1,Bus,2,0,Clear,Urban Road,Damaged,Dark,Signs,35,18,Valid,No,Straight Road,0
Jharkhand,Jamshedpur,2023,May,Monday,03:28,Serious,2,Truck,5,0,Foggy,Urban Road,Dry,Dark,Signals,40,31,Valid,No,Intersection,1
Uttar Pradesh,Lucknow,2024,January,Monday,21:05,Minor,2,Car,1,0,Clear,Urban Road,Damaged,Dark,Signs,30,27,Valid,No,Bridge,0
Maharashtra,Pune,2020,December,Saturday,22:19,Minor,1,Auto-Rickshaw,1,0,Hazy,Urban Road,Damaged,Dark,Police Checkpost,35,54,Valid,No,Straight Road,0
Gujarat,Vadodara,2022,October,Monday,16:41,Minor,3,Car,2,0,Hazy,Urban Road,Dry,Daylight,Police Checkpost,60,18,Valid,No,Straight Road,0
Goa,Panaji,2019,October,Monday,07:30,Minor,3,Car,2,0,Clear,Urban Road,Dry,Daylight,Police Checkpost,35,60,Expired,No,Intersection,0
Odisha,Cuttack,2024,February,Sunday,11:33,Minor,2,Truck,1,0,Rainy,Urban Road,Wet,Daylight,Signals,35,44,Valid,No,Intersection,0
Kerala,Kozhikode,2024,October,Wednesday,09:05,Minor,3,Car,2,0,Rainy,Village Road,Wet,Daylight,Signs,35,18,Valid,No,Straight Road,0
Odisha,Cuttack,2024,September,Friday,19:40,Fatal,2,Two-Wheeler,1,1,Stormy,State Highway,Wet,Dark,No Control,60,29,Valid,No,Straight Road,1
Odisha,Bhubaneswar,2021,November,Saturday,14:05,Serious,3,Car,4,0,Clear,National Highway,Dry,Daylight,Signals,70,42,Valid,No,Bridge,1
Rajasthan,Unknown,2020,May,Saturday,18:34,Serious,4,Cycle,3,0,Clear,Urban Road,Dry,Dark,Signals,55,29,Valid,Yes,Intersection,1
Tamil Nadu,Chennai,2023,December,Monday,10:47,Minor,2,Car,3,0,Clear,Urban Road,Dry,Daylight,No Control,50,34,Expired,No,Intersection,0
Bihar,Unknown,2023,September,Friday,20:43,Fatal,3,Tractor,4,1,Clear,Village Road,Dry,Dark,No Control,30,64,Unlicensed,Yes,Curve,1
Telangana,Hyderabad,2019,April,Friday,12:21,Serious,3,Auto-Rickshaw,3,0,Rainy,Expressway,Wet,Daylight,Signs,115,32,Valid,No,Straight Road,1
Karnataka,Mysuru,2021,March,Wednesday,12:09,Fatal,4,Car,5,4,Stormy,Village Road,Wet,Daylight,No Control,25,24,Unlicensed,No,Curve,1
Maharashtra,Nashik,2022,November,Saturday,13:49,Minor,3,Two-Wheeler,2,0,Clear,Urban Road,Dry,Daylight,Signals,55,48,Valid,No,Intersection,0
Kerala,Thiruvananthapuram,2021,August,Sunday,15:12,Serious,2,Truck,2,0,Rainy,Urban Road,Damaged,Daylight,Signals,50,20,Valid,No,Intersection,1
Tamil Nadu,Madurai,2020,February,Tuesday,20:29,Fatal,1,Tractor,2,1,Foggy,State Highway,Dry,Dark,No Control,65,45,Valid,Yes,Straight Road,1
Jharkhand,Jamshedpur,2019,February,Tuesday,13:14,Serious,2,Car,2,0,Clear,National Highway,Under Construction,Daylight,No Control,75,44,Valid,No,Curve,1
Uttar Pradesh,Varanasi,2020,October,Saturday,21:01,Minor,4,Two-Wheeler,3,0,Clear,Urban Road,Dry,Dark,No Control,35,59,Valid,No,Intersection,0
Maharashtra,Unknown,2019,March,Thursday,11:24,Minor,3,Two-Wheeler,1,0,Clear,Urban Road,Dry,Daylight,Signals,45,42,Expired,No,Curve,0
Haryana,Unknown,2020,March,Saturday,10:33,Serious,2,Car,2,1,Clear,National Highway,Dry,Daylight,No Control,90,34,Valid,Yes,Straight Road,1
Uttar Pradesh,Kanpur,2019,August,Tuesday,09:45,Serious,4,Car,2,0,Hazy,Village Road,Dry,Daylight,No Control,20,37,Valid,No,Bridge,1
Uttar Pradesh,Unknown,2020,November,Monday,00:43,Minor,3,Car,1,0,Clear,Village Road,Dry,Dark,No Control,25,63,Valid,No,Bridge,0
West Bengal,Unknown,2022,May,Saturday,20:49,Serious,2,Car,4,0,Clear,State Highway,Damaged,Dawn,No Control,75,38,Valid,No,Curve,1
Delhi,Unknown,2020,August,Sunday,04:48,Fatal,2,Car,2,1,Rainy,National Highway,Wet,Dark,No Control,95,34,Expired,No,Curve,1
Uttar Pradesh,Unknown,2018,September,Monday,10:24,Minor,2,Two-Wheeler,1,0,Stormy,Village Road,Wet,Daylight,Signs,30,36,Valid,No,Straight Road,0
Tamil Nadu,Madurai,2023,August,Sunday,08:20,Minor,2,Car,2,0,Hazy,National Highway,Dry,Daylight,Signs,80,43,Valid,No,Straight Road,0
Bihar,Gaya,2021,September,Wednesday,18:36,Fatal,3,Car,1,1,Stormy,National Highway,Wet,Dusk,Signs,60,32,Valid,No,Curve,1
Uttarakhand,Dehradun,2022,March,Monday,21:28,Minor,1,Car,1,0,Clear,Urban Road,Dry,Dark,Signs,55,25,Valid,Yes,Intersection,0
Rajasthan,Jodhpur,2021,August,Thursday,19:17,Minor,2,Car,1,0,Hazy,Village Road,Dry,Dark,No Control,30,29,Unlicensed,No,Curve,0
Uttar Pradesh,Unknown,2021,January,Wednesday,09:01,Serious,4,Truck,4,0,Foggy,Urban Road,Dry,Daylight,Signs,30,26,Valid,No,Intersection,1
Maharashtra,Nagpur,2021,September,Saturday,12:28,Minor,3,Truck,3,0,Rainy,Urban Road,Wet,Daylight,No Control,40,35,Valid,No,Intersection,0
Uttar Pradesh,Unknown,2023,October,Wednesday,08:28,Minor,1,Car,1,0,Clear,Village Road,Dry,Daylight,No Control,35,30,Valid,No,Straight Road,0
Uttar Pradesh,Agra,2023,October,Thursday,21:56,Serious,2,Truck,4,0,Clear,Urban Road,Dry,Dark,No Control,55,35,Valid,No,Curve,1
Telangana,Hyderabad,2024,January,Tuesday,05:48,Minor,3,Cycle,2,0,Clear,Urban Road,Damaged,Dawn,Signs,50,35,Valid,No,Straight Road,0
Maharashtra,Nagpur,2021,November,Saturday,22:16,Serious,3,Bus,3,0,Rainy,National Highway,Dry,Dark,Signs,65,40,Valid,No,Curve,1
Rajasthan,Jodhpur,2020,June,Sunday,19:06,Serious,4,Bus,3,0,Clear,State Highway,Dry,Dusk,No Control,55,25,Unlicensed,No,Intersection,1
Andhra Pradesh,Vijayawada,2018,January,Thursday,17:47,Minor,3,Truck,3,0,Clear,State Highway,Dry,Dusk,Police Checkpost,60,57,Expired,No,Intersection,0
Madhya Pradesh,Bhopal,2021,July,Thursday,18:29,Serious,1,Car,4,0,Foggy,National Highway,Damaged,Dark,Signs,90,52,Valid,No,Straight Road,1
Uttar Pradesh,Unknown,2024,July,Sunday,10:02,Fatal,3,Tractor,4,2,Rainy,State Highway,Damaged,Daylight,Signs,70,43,Valid,No,Bridge,1
Punjab,Amritsar,2019,May,Tuesday,09:45,Serious,1,Two-Wheeler,6,0,Hazy,National Highway,Wet,Daylight,Signals,90,46,Unlicensed,No,Straight Road,1
Andhra Pradesh,Vijayawada,2023,September,Saturday,11:20,Fatal,1,Two-Wheeler,1,1,Rainy,National Highway,Wet,Daylight,Signs,70,23,Valid,No,Straight Road,1
Kerala,Unknown,2023,July,Friday,07:10,Serious,3,Two-Wheeler,3,0,Clear,Urban Road,Under Construction,Daylight,Signs,40,30,Valid,Yes,Straight Road,1
Uttar Pradesh,Kanpur,2022,March,Sunday,18:39,Serious,4,Car,2,0,Clear,National Highway,Dry,Dusk,Signals,70,31,Expired,No,Intersection,1
Maharashtra,Pune,2021,August,Wednesday,13:47,Fatal,2,Truck,4,1,Rainy,National Highway,Wet,Daylight,Signs,90,20,Valid,Yes,Straight Road,1
Jharkhand,Ranchi,2023,April,Wednesday,20:46,Fatal,1,Two-Wheeler,5,2,Rainy,Urban Road,Wet,Dark,No Control,55,32,Valid,No,Straight Road,1
Karnataka,Mangaluru,2018,February,Wednesday,20:16,Minor,2,Tractor,1,0,Clear,Village Road,Dry,Dusk,No Control,20,64,Valid,No,Straight Road,0
Tamil Nadu,Chennai,2018,April,Monday,06:35,Minor,3,Truck,1,0,Clear,Urban Road,Dry,Dark,Signals,50,38,Valid,No,Intersection,0
Rajasthan,Jaipur,2019,November,Tuesday,08:27,Serious,1,Cycle,3,0,Clear,National Highway,Dry,Daylight,No Control,75,55,Valid,No,Curve,1
Telangana,Unknown,2023,July,Sunday,12:52,Serious,4,Car,3,0,Rainy,Urban Road,Wet,Daylight,Signals,40,55,Valid,Yes,Straight Road,1
Chhattisgarh,Bilaspur,2021,April,Tuesday,05:11,Minor,4,Car,1,0,Clear,Urban Road,Dry,Dawn,Signs,45,26,Unlicensed,No,Straight Road,0
Tamil Nadu,Chennai,2019,May,Monday,17:49,Serious,1,Tractor,2,1,Clear,National Highway,Damaged,Dusk,Signs,80,37,Valid,No,Straight Road,1
Assam,Guwahati,2018,November,Wednesday,18:20,Fatal,1,Cycle,1,1,Clear,National Highway,Dry,Dusk,Signs,100,32,Valid,No,Straight Road,1
Maharashtra,Nashik,2021,August,Thursday,18:37,Fatal,5,Truck,2,1,Rainy,State Highway,Wet,Dark,No Control,65,48,Expired,No,Straight Road,1
Madhya Pradesh,Indore,2020,October,Friday,13:30,Serious,1,Two-Wheeler,3,1,Clear,State Highway,Dry,Dusk,No Control,75,43,Valid,No,Curve,1
West Bengal,Kolkata,2019,August,Monday,19:20,Fatal,3,Two-Wheeler,1,1,Rainy,National Highway,Wet,Dark,Police Checkpost,95,57,Unlicensed,No,Curve,1
Maharashtra,Pune,2018,December,Saturday,16:13,Serious,1,Two-Wheeler,3,0,Clear,National Highway,Dry,Dawn,Police Checkpost,100,39,Valid,No,Straight Road,1
Uttar Pradesh,Unknown,2023,August,Saturday,23:21,Minor,3,Two-Wheeler,1,0,Clear,Urban Road,Dry,Dark,Signs,50,47,Valid,No,Curve,0
Karnataka,Hubballi,2023,May,Tuesday,19:36,Minor,1,Car,3,0,Clear,Urban Road,Dry,Dusk,Signs,60,29,Valid,No,Straight Road,0
Uttarakhand,Dehradun,2019,April,Saturday,18:36,Minor,2,Car,1,0,Clear,Urban Road,Under Construction,Dusk,Signs,45,19,Valid,No,Intersection,0
Madhya Pradesh,Bhopal,2021,January,Wednesday,06:37,Serious,2,Truck,2,0,Hazy,Expressway,Dry,Daylight,Signs,95,45,Valid,No,Straight Road,1
Jharkhand,Unknown,2019,October,Thursday,19:39,Fatal,1,Auto-Rickshaw,2,1,Clear,National Highway,Dry,Dark,Signals,90,39,Unlicensed,No,Straight Road,1
Punjab,Ludhiana,2020,December,Sunday,09:03,Serious,5,Two-Wheeler,5,0,Hazy,Urban Road,Dry,Daylight,No Control,55,44,Valid,Yes,Curve,1
Gujarat,Ahmedabad,2018,August,Sunday,12:23,Serious,1,Auto-Rickshaw,2,0,Rainy,State Highway,Damaged,Daylight,Signs,60,54,Unlicensed,No,Straight Road,1
Bihar,Patna,2024,June,Wednesday,13:18,Minor,2,Auto-Rickshaw,1,0,Rainy,Urban Road,Wet,Daylight,Signs,60,41,Valid,No,Straight Road,0
Maharashtra,Nashik,2023,February,Thursday,10:23,Minor,5,Truck,1,0,Clear,Urban Road,Dry,Daylight,Signs,45,47,Valid,No,Straight Road,0
Maharashtra,Nagpur,2024,August,Wednesday,05:22,Minor,3,Auto-Rickshaw,1,0,Clear,Urban Road,Dry,Dawn,Signs,35,49,Expired,No,Intersection,0
Haryana,Faridabad,2020,March,Thursday,07:10,Minor,2,Cycle,1,0,Clear,Urban Road,Dry,Daylight,Signs,50,35,Valid,No,Intersection,0
Punjab,Ludhiana,2024,August,Saturday,19:57,Minor,2,Car,2,0,Clear,Urban Road,Dry,Dusk,No Control,35,30,Valid,No,Intersection,0
Uttar Pradesh,Lucknow,2021,April,Monday,17:00,Minor,1,Car,2,0,Clear,Urban Road,Dry,Dark,Signs,40,61,Valid,No,Straight Road,0
Rajasthan,Jaipur,2019,November,Sunday,22:35,Serious,3,Car,3,0,Rainy,National Highway,Damaged,Dark,Signs,80,42,Expired,No,Bridge,1
West Bengal,Durgapur,2020,December,Saturday,19:27,Serious,2,Car,2,0,Foggy,State Highway,Dry,Daylight,No Control,65,40,Valid,No,Bridge,1
Delhi,Unknown,2023,March,Monday,11:42,Minor,3,Cycle,2,0,Clear,Village Road,Dry,Daylight,No Control,20,25,Valid,No,Straight Road,0
West Bengal,Durgapur,2023,April,Sunday,19:49,Minor,1,Two-Wheeler,2,0,Clear,Urban Road,Under Construction,Dusk,Signals,35,40,Expired,No,Straight Road,0
Karnataka,Mysuru,2023,December,Saturday,15:38,Serious,3,Two-Wheeler,4,0,Foggy,National Highway,Dry,Daylight,Signals,65,41,Valid,No,Curve,1
Karnataka,Unknown,2019,January,Wednesday,09:45,Fatal,2,Auto-Rickshaw,6,2,Hazy,Expressway,Dry,Daylight,Signs,105,26,Unlicensed,No,Bridge,1
Gujarat,Vadodara,2022,July,Thursday,23:16,Fatal,2,Bus,1,1,Clear,Expressway,Dry,Dusk,Signs,120,46,Valid,No,Straight Road,1
Telangana,Hyderabad,2024,February,Sunday,21:59,Minor,2,Two-Wheeler,2,0,Clear,Urban Road,Dry,Dark,Signs,50,34,Valid,No,Straight Road,0
Delhi,New Delhi,2018,June,Sunday,05:05,Minor,4,Truck,2,0,Clear,Urban Road,Dry,Daylight,Signals,45,18,Valid,No,Intersection,0
Gujarat,Ahmedabad,2020,January,Wednesday,19:40,Minor,5,Two-Wheeler,2,0,Clear,State Highway,Dry,Dusk,Police Checkpost,75,31,Valid,No,Intersection,0
Tamil Nadu,Coimbatore,2018,February,Friday,04:08,Minor,3,Car,2,0,Foggy,Urban Road,Dry,Dark,Signals,30,49,Valid,No,Straight Road,0
Uttar Pradesh,Unknown,2018,May,Sunday,21:14,Fatal,1,Cycle,2,1,Clear,Expressway,Dry,Dark,Signs,85,26,Expired,Yes,Straight Road,1
Kerala,Thiruvananthapuram,2024,January,Sunday,16:49,Minor,2,Car,2,0,Clear,National Highway,Dry,Daylight,Police Checkpost,100,66,Valid,No,Bridge,0
Punjab,Amritsar,2019,October,Monday,07:40,Serious,3,Auto-Rickshaw,2,0,Clear,State Highway,Dry,Daylight,No Control,75,43,Valid,No,Curve,1
Maharashtra,Unknown,2019,July,Thursday,19:38,Minor,3,Two-Wheeler,2,0,Clear,Village Road,Dry,Daylight,No Control,30,64,Valid,No,Straight Road,0
Maharashtra,Unknown,2018,June,Sunday,14:49,Minor,1,Car,2,0,Rainy,State Highway,Wet,Daylight,Signs,50,24,Valid,No,Curve,0
Madhya Pradesh,Bhopal,2024,June,Monday,03:16,Fatal,3,Truck,2,1,Clear,Expressway,Dry,Dark,Signs,85,22,Valid,No,Straight Road,1
Uttar Pradesh,Kanpur,2021,November,Thursday,19:38,Serious,4,Two-Wheeler,2,0,Clear,State Highway,Dry,Daylight,No Control,70,34,Expired,No,Curve,1
Haryana,Unknown,2023,November,Friday,19:12,Serious,1,Auto-Rickshaw,2,0,Clear,National Highway,Damaged,Dusk,Signals,70,22,Expired,No,Straight Road,1
Tamil Nadu,Chennai,2019,January,Friday,13:28,Fatal,2,Two-Wheeler,2,1,Hazy,Expressway,Dry,Daylight,Signs,105,32,Valid,No,Bridge,1
Uttar Pradesh,Lucknow,2022,September,Saturday,18:24,Fatal,4,Auto-Rickshaw,3,3,Rainy,National Highway,Wet,Dusk,No Control,90,56,Unlicensed,No,Straight Road,1
Assam,Unknown,2024,June,Monday,01:37,Serious,2,Two-Wheeler,3,0,Rainy,Urban Road,Wet,Dark,Signs,40,33,Valid,No,Straight Road,1
Uttar Pradesh,Unknown,2022,October,Saturday,09:03,Fatal,6,Tractor,2,1,Clear,National Highway,Dry,Daylight,No Control,80,18,Valid,No,Straight Road,1
Tamil Nadu,Unknown,2021,October,Wednesday,17:01,Minor,2,Auto-Rickshaw,1,0,Clear,Urban Road,Dry,Dark,No Control,55,41,Valid,No,Intersection,0
Uttar Pradesh,Kanpur,2019,September,Saturday,08:01,Fatal,3,Auto-Rickshaw,2,1,Foggy,National Highway,Dry,Daylight,Signs,100,53,Valid,No,Curve,1
Maharashtra,Unknown,2019,September,Thursday,12:15,Minor,2,Truck,3,0,Clear,Village Road,Dry,Daylight,Signs,30,18,Valid,No,Intersection,0
Maharashtra,Nashik,2022,March,Monday,21:34,Fatal,3,Car,3,1,Clear,Expressway,Dry,Dark,Signs,90,21,Valid,Yes,Bridge,1
Maharashtra,Pune,2021,November,Sunday,19:09,Serious,3,Car,2,0,Clear,National Highway,Damaged,Dark,Signals,60,38,Valid,No,Curve,1
Uttar Pradesh,Agra,2018,September,Saturday,15:59,Minor,1,Car,1,0,Clear,State Highway,Dry,Daylight,No Control,55,23,Valid,No,Straight Road,0
Maharashtra,Mumbai,2019,April,Wednesday,15:24,Minor,1,Two-Wheeler,1,0,Clear,Urban Road,Dry,Daylight,No Control,45,35,Expired,No,Intersection,0
Madhya Pradesh,Indore,2021,March,Wednesday,20:18,Fatal,1,Two-Wheeler,2,1,Clear,Expressway,Dry,Dark,Signs,120,54,Valid,No,Curve,1
Telangana,Warangal,2019,July,Friday,20:53,Serious,2,Car,2,0,Rainy,State Highway,Under Construction,Dark,Signs,65,32,Valid,No,Curve,1
Karnataka,Mangaluru,2021,May,Sunday,04:10,Fatal,3,Car,5,3,Clear,Expressway,Dry,Dark,Signs,120,42,Valid,Yes,Straight Road,1
Tamil Nadu,Unknown,2020,September,Wednesday,13:11,Serious,3,Bus,3,0,Rainy,Village Road,Wet,Daylight,No Control,35,43,Valid,No,Bridge,1
Rajasthan,Udaipur,2020,May,Sunday,07:22,Minor,2,Truck,2,0,Clear,Urban Road,Dry,Daylight,Signs,30,27,Unlicensed,No,Curve,0
Delhi,New Delhi,2018,March,Wednesday,04:04,Fatal,2,Truck,4,1,Hazy,State Highway,Dry,Dark,No Control,60,24,Valid,No,Intersection,1
Delhi,New Delhi,2021,May,Saturday,09:40,Minor,2,Truck,1,0,Clear,Urban Road,Dry,Daylight,No Control,45,49,Valid,No,Intersection,0
Maharashtra,Nagpur,2019,October,Wednesday,16:46,Minor,2,Auto-Rickshaw,1,0,Clear,Urban Road,Dry,Daylight,No Control,30,38,Valid,No,Intersection,0
Uttar Pradesh,Varanasi,2022,October,Monday,19:21,Minor,2,Two-Wheeler,2,0,Clear,Urban Road,Dry,Dark,No Control,30,40,Valid,No,Straight Road,0
Uttar Pradesh,Lucknow,2024,April,Sunday,21:52,Serious,1,Car,3,0,Hazy,State Highway,Under Construction,Dark,Signs,60,37,Expired,No,Straight Road,1
Tamil Nadu,Chennai,2024,October,Tuesday,12:00,Minor,3,Two-Wheeler,3,0,Clear,Urban Road,Dry,Daylight,Signs,55,35,Valid,No,Intersection,0
Madhya Pradesh,Gwalior,2022,February,Sunday,12:31,Minor,1,Two-Wheeler,1,0,Rainy,Village Road,Damaged,Daylight,Signs,30,39,Valid,No,Curve,0
Karnataka,Hubballi,2023,December,Monday,06:43,Minor,1,Car,1,0,Hazy,Urban Road,Dry,Daylight,Signals,45,24,Valid,No,Intersection,0
Maharashtra,Nashik,2024,October,Wednesday,07:22,Minor,4,Car,1,0,Clear,Urban Road,Dry,Daylight,Signals,45,42,Valid,Yes,Intersection,0
Karnataka,Mangaluru,2022,January,Sunday,05:56,Fatal,4,Truck,4,1,Hazy,State Highway,Under Construction,Dawn,No Control,65,25,Valid,No,Straight Road,1
Rajasthan,Jodhpur,2019,September,Friday,23:25,Fatal,1,Bus,4,2,Clear,National Highway,Damaged,Dark,No Control,95,65,Valid,No,Straight Road,1
Maharashtra,Pune,2021,June,Tuesday,06:55,Serious,2,Bus,3,0,Clear,National Highway,Dry,Dawn,No Control,70,44,Unlicensed,No,Straight Road,1
Haryana,Faridabad,2023,November,Friday,18:39,Serious,3,Car,2,0,Foggy,State Highway,Dry,Dusk,No Control,60,40,Valid,No,Intersection,1
Maharashtra,Pune,2022,March,Tuesday,09:13,Minor,2,Two-Wheeler,2,0,Hazy,Urban Road,Dry,Daylight,No Control,40,24,Valid,No,Intersection,0
Assam,Guwahati,2020,November,Sunday,14:49,Serious,1,Two-Wheeler,3,0,Clear,Urban Road,Under Construction,Daylight,No Control,45,50,Valid,No,Intersection,1
Maharashtra,Mumbai,2019,November,Monday,20:01,Serious,2,Two-Wheeler,4,0,Hazy,National Highway,Dry,Dark,Police Checkpost,70,31,Valid,No,Straight Road,1
Haryana,Gurugram,2019,April,Friday,21:11,Serious,3,Two-Wheeler,3,0,Clear,State Highway,Dry,Dark,No Control,80,44,Valid,Yes,Curve,1
Odisha,Cuttack,2020,June,Monday,08:46,Serious,5,Car,5,1,Rainy,Village Road,Under Construction,Daylight,No Control,35,29,Valid,No,Straight Road,1
Himachal Pradesh,Shimla,2023,August,Saturday,21:54,Minor,3,Car,3,0,Hazy,National Highway,Dry,Dark,Signs,70,18,Valid,No,Straight Road,0
Punjab,Amritsar,2021,March,Sunday,08:23,Fatal,5,Two-Wheeler,5,1,Hazy,Expressway,Dry,Dark,Signs,90,55,Valid,No,Intersection,1
Bihar,Gaya,2018,December,Saturday,19:39,Serious,3,Two-Wheeler,2,0,Foggy,Urban Road,Dry,Daylight,No Control,45,44,Valid,Yes,Curve,1
West Bengal,Durgapur,2024,March,Wednesday,00:41,Fatal,2,Two-Wheeler,1,1,Clear,Expressway,Dry,Dark,Signs,115,32,Valid,No,Straight Road,1
Bihar,Patna,2020,March,Tuesday,14:44,Minor,2,Two-Wheeler,1,0,Rainy,Urban Road,Wet,Daylight,Signals,60,61,Valid,No,Intersection,0
Uttar Pradesh,Kanpur,2020,July,Monday,18:54,Serious,1,Two-Wheeler,3,1,Clear,Expressway,Dry,Daylight,Signs,100,37,Expired,No,Curve,1
Rajasthan,Jodhpur,2023,June,Sunday,19:05,Minor,2,Two-Wheeler,2,0,Hazy,Urban Road,Dry,Dusk,Signals,35,52,Valid,No,Straight Road,0
Rajasthan,Unknown,2020,January,Monday,19:11,Minor,4,Car,3,0,Clear,State Highway,Under Construction,Dark,No Control,50,18,Valid,No,Straight Road,0
Delhi,New Delhi,2022,November,Friday,09:55,Minor,4,Truck,1,0,Clear,Village Road,Dry,Dawn,Signs,30,33,Expired,No,Bridge,0
Gujarat,Vadodara,2024,March,Wednesday,20:32,Fatal,1,Car,2,1,Clear,National Highway,Dry,Dark,Police Checkpost,85,33,Valid,No,Straight Road,1
Karnataka,Mysuru,2021,February,Sunday,10:31,Minor,1,Two-Wheeler,1,0,Clear,Urban Road,Dry,Daylight,Signals,40,25,Valid,No,Curve,0
West Bengal,Kolkata,2022,July,Thursday,08:24,Minor,1,Car,2,0,Clear,State Highway,Dry,Daylight,No Control,75,26,Valid,No,Intersection,0
Tamil Nadu,Unknown,2020,December,Friday,00:21,Minor,2,Truck,1,0,Clear,Urban Road,Dry,Dark,Signals,30,39,Valid,No,Curve,0
Uttar Pradesh,Lucknow,2024,January,Sunday,08:14,Minor,3,Truck,3,0,Hazy,Urban Road,Under Construction,Daylight,Signs,40,35,Valid,No,Intersection,0
Gujarat,Unknown,2018,June,Sunday,05:23,Serious,3,Two-Wheeler,5,0,Clear,Village Road,Dry,Dawn,No Control,35,35,Valid,Yes,Straight Road,1
Karnataka,Unknown,2019,November,Friday,17:04,Minor,3,Tractor,1,0,Clear,National Highway,Dry,Dark,Signs,70,31,Valid,No,Straight Road,0
Uttar Pradesh,Unknown,2024,November,Saturday,06:17,Serious,1,Two-Wheeler,3,0,Clear,Expressway,Dry,Dawn,Signs,85,49,Valid,No,Curve,1
Karnataka,Bengaluru,2021,March,Friday,15:59,Minor,3,Tractor,3,0,Clear,Village Road,Dry,Daylight,Signs,35,22,Valid,No,Straight Road,0
Karnataka,Mysuru,2019,August,Thursday,06:09,Fatal,5,Truck,1,1,Rainy,State Highway,Wet,Dawn,Signs,75,38,Valid,No,Straight Road,1
Tamil Nadu,Chennai,2020,November,Monday,17:43,Serious,3,Two-Wheeler,2,0,Rainy,National Highway,Wet,Dusk,Police Checkpost,65,32,Valid,No,Straight Road,1
Karnataka,Mysuru,2019,September,Saturday,09:02,Fatal,2,Two-Wheeler,2,1,Rainy,State Highway,Dry,Daylight,No Control,60,31,Valid,No,Straight Road,1
Andhra Pradesh,Vijayawada,2021,August,Saturday,09:44,Serious,1,Two-Wheeler,2,0,Rainy,National Highway,Damaged,Daylight,Signs,100,18,Unlicensed,No,Intersection,1
Tamil Nadu,Madurai,2019,October,Monday,16:15,Minor,2,Truck,2,0,Clear,Urban Road,Dry,Daylight,Signs,35,37,Valid,No,Bridge,0
Chhattisgarh,Unknown,2020,June,Tuesday,22:42,Minor,1,Tractor,1,0,Rainy,National Highway,Wet,Dark,Police Checkpost,65,30,Valid,No,Straight Road,0
Assam,Guwahati,2024,January,Saturday,23:29,Minor,2,Auto-Rickshaw,4,0,Clear,State Highway,Dry,Dark,No Control,55,40,Valid,No,Straight Road,0
Gujarat,Surat,2018,August,Tuesday,10:46,Minor,1,Tractor,3,0,Rainy,Urban Road,Wet,Daylight,Police Checkpost,45,74,Expired,No,Straight Road,0
Tamil Nadu,Unknown,2023,August,Saturday,22:40,Serious,3,Two-Wheeler,4,0,Rainy,State Highway,Wet,Dark,Signs,75,39,Valid,No,Curve,1
Rajasthan,Udaipur,2018,November,Saturday,16:33,Minor,2,Car,3,0,Hazy,Village Road,Dry,Daylight,No Control,30,43,Unlicensed,No,Straight Road,0
Haryana,Unknown,2021,December,Wednesday,21:44,Fatal,2,Truck,4,1,Foggy,National Highway,Dry,Dark,No Control,75,28,Valid,No,Straight Road,1
Telangana,Hyderabad,2022,May,Tuesday,01:57,Minor,2,Two-Wheeler,2,0,Clear,Urban Road,Dry,Dark,No Control,55,39,Valid,No,Straight Road,0
Punjab,Amritsar,2024,December,Wednesday,01:35,Minor,2,Two-Wheeler,2,0,Clear,Village Road,Dry,Dark,Signs,25,36,Valid,No,Straight Road,0
Rajasthan,Jodhpur,2019,January,Wednesday,04:10,Fatal,2,Two-Wheeler,3,2,Foggy,State Highway,Dry,Dark,Signs,60,27,Valid,No,Curve,1
West Bengal,Siliguri,2018,December,Friday,19:06,Minor,1,Car,2,0,Rainy,Urban Road,Dry,Dusk,Signs,35,26,Unlicensed,No,Curve,0
Tamil Nadu,Coimbatore,2023,February,Saturday,06:32,Minor,2,Bus,1,0,Clear,Village Road,Dry,Daylight,No Control,20,43,Expired,No,Bridge,0
Kerala,Kozhikode,2024,August,Sunday,07:25,Minor,2,Two-Wheeler,2,0,Clear,Urban Road,Dry,Daylight,Signals,45,29,Valid,No,Straight Road,0
Uttar Pradesh,Unknown,2021,September,Monday,15:36,Serious,3,Two-Wheeler,2,0,Rainy,Village Road,Damaged,Daylight,No Control,40,26,Valid,No,Straight Road,1
Andhra Pradesh,Visakhapatnam,2018,August,Saturday,22:40,Minor,3,Two-Wheeler,2,0,Clear,Expressway,Dry,Dark,Signs,90,53,Valid,No,Bridge,0
Delhi,New Delhi,2021,December,Wednesday,15:11,Minor,2,Truck,1,0,Foggy,National Highway,Dry,Daylight,Signs,60,55,Valid,No,Curve,0
Uttar Pradesh,Lucknow,2020,July,Saturday,18:44,Minor,2,Two-Wheeler,1,0,Clear,Urban Road,Dry,Dusk,No Control,60,26,Expired,No,Straight Road,0
West Bengal,Siliguri,2021,February,Monday,07:59,Minor,2,Car,3,0,Clear,Urban Road,Under Construction,Daylight,Signals,35,50,Unlicensed,No,Intersection,0
Maharashtra,Nagpur,2018,August,Friday,21:19,Fatal,3,Car,3,2,Stormy,Expressway,Wet,Dark,Signs,80,18,Valid,No,Curve,1
Kerala,Kozhikode,2020,April,Friday,02:55,Minor,1,Two-Wheeler,2,0,Clear,Urban Road,Dry,Dark,Signs,50,26,Valid,No,Straight Road,0
Maharashtra,Nagpur,2024,August,Wednesday,09:55,Serious,2,Bus,2,0,Rainy,Urban Road,Damaged,Daylight,Signs,35,22,Unlicensed,Yes,Straight Road,1
Jharkhand,Unknown,2018,May,Sunday,12:25,Fatal,2,Two-Wheeler,1,1,Clear,State Highway,Wet,Daylight,No Control,80,31,Valid,No,Straight Road,1
Uttar Pradesh,Kanpur,2024,January,Monday,08:47,Minor,3,Truck,3,0,Clear,Urban Road,Damaged,Daylight,Police Checkpost,40,37,Valid,No,Intersection,0
Chhattisgarh,Raipur,2021,August,Tuesday,17:55,Minor,2,Truck,1,0,Rainy,Urban Road,Wet,Daylight,Signs,50,22,Valid,No,Straight Road,0
Punjab,Ludhiana,2022,February,Friday,17:51,Fatal,3,Two-Wheeler,4,2,Hazy,Expressway,Dry,Dusk,Signs,90,32,Unlicensed,No,Straight Road,1
Madhya Pradesh,Indore,2024,April,Thursday,08:23,Minor,1,Truck,2,0,Rainy,National Highway,Wet,Daylight,Police Checkpost,70,26,Valid,No,Straight Road,0
Bihar,Unknown,2019,August,Wednesday,00:39,Serious,2,Two-Wheeler,2,0,Clear,National Highway,Dry,Dark,Signs,90,40,Expired,No,Straight Road,1
Punjab,Amritsar,2024,November,Wednesday,04:35,Serious,2,Car,2,0,Clear,Expressway,Dry,Dark,Signs,100,38,Valid,No,Intersection,1
Chhattisgarh,Bilaspur,2019,April,Tuesday,00:24,Minor,4,Truck,1,0,Clear,Urban Road,Dry,Dark,Signs,55,54,Valid,No,Intersection,0
Tamil Nadu,Chennai,2020,April,Sunday,21:38,Fatal,1,Two-Wheeler,1,1,Clear,National Highway,Dry,Dark,Signs,95,18,Unlicensed,No,Straight Road,1
Madhya Pradesh,Indore,2021,April,Friday,16:56,Minor,5,Truck,1,0,Hazy,Urban Road,Dry,Daylight,Signals,50,51,Valid,No,Curve,0
Maharashtra,Unknown,2022,July,Tuesday,06:01,Minor,3,Two-Wheeler,3,0,Rainy,Village Road,Damaged,Dark,No Control,35,51,Valid,No,Straight Road,0
West Bengal,Kolkata,2020,March,Wednesday,05:54,Serious,2,Two-Wheeler,3,0,Rainy,Expressway,Wet,Dawn,Signs,115,31,Valid,No,Straight Road,1
Uttar Pradesh,Lucknow,2023,July,Sunday,19:22,Fatal,5,Two-Wheeler,1,1,Clear,State Highway,Dry,Dusk,No Control,65,33,Valid,No,Straight Road,1
Madhya Pradesh,Bhopal,2018,October,Sunday,19:49,Serious,1,Two-Wheeler,4,0,Stormy,Urban Road,Wet,Dark,Signs,55,41,Valid,No,Straight Road,1
Madhya Pradesh,Unknown,2022,January,Monday,21:06,Minor,4,Two-Wheeler,2,0,Rainy,State Highway,Dry,Dark,Signs,50,49,Valid,No,Straight Road,0
Gujarat,Unknown,2022,December,Friday,07:53,Minor,3,Two-Wheeler,2,0,Clear,State Highway,Dry,Daylight,Signs,55,18,Valid,No,Curve,0
Rajasthan,Udaipur,2021,July,Tuesday,14:26,Minor,2,Bus,1,0,Rainy,Urban Road,Dry,Daylight,Police Checkpost,45,31,Expired,No,Straight Road,0
Bihar,Gaya,2022,August,Tuesday,06:54,Serious,3,Auto-Rickshaw,3,0,Rainy,State Highway,Damaged,Daylight,No Control,50,42,Unlicensed,No,Curve,1
Punjab,Amritsar,2023,August,Sunday,19:25,Serious,1,Cycle,4,0,Rainy,State Highway,Wet,Daylight,Signs,65,38,Valid,No,Curve,1
Rajasthan,Udaipur,2024,December,Sunday,12:44,Serious,5,Tractor,3,0,Clear,National Highway,Dry,Daylight,Signs,85,37,Valid,No,Straight Road,1
West Bengal,Kolkata,2019,August,Monday,17:35,Fatal,3,Truck,2,1,Rainy,National Highway,Wet,Dusk,Signs,75,18,Valid,No,Curve,1
Jharkhand,Unknown,2021,November,Sunday,01:12,Serious,1,Truck,3,0,Clear,State Highway,Dry,Dark,Signs,80,31,Valid,No,Curve,1
Maharashtra,Nashik,2021,April,Saturday,18:14,Fatal,2,Two-Wheeler,3,1,Rainy,Expressway,Wet,Dark,Police Checkpost,115,32,Valid,Yes,Curve,1
Maharashtra,Nashik,2020,March,Saturday,08:32,Minor,1,Auto-Rickshaw,2,0,Hazy,State Highway,Dry,Daylight,Signs,75,26,Valid,No,Curve,0
Maharashtra,Nagpur,2024,August,Saturday,19:29,Minor,1,Two-Wheeler,1,0,Hazy,Urban Road,Dry,Dark,Signals,50,50,Expired,No,Bridge,0
Telangana,Hyderabad,2021,February,Thursday,07:36,Serious,3,Truck,3,0,Clear,State Highway,Dry,Daylight,No Control,70,32,Valid,No,Curve,1
Karnataka,Mangaluru,2022,February,Sunday,19:48,Minor,3,Bus,2,0,Hazy,Village Road,Dry,Dusk,No Control,35,27,Valid,No,Intersection,0
Bihar,Patna,2019,March,Tuesday,06:46,Minor,2,Tractor,2,0,Clear,Urban Road,Wet,Daylight,Police Checkpost,35,61,Unlicensed,No,Straight Road,0
Telangana,Unknown,2020,April,Thursday,17:03,Serious,1,Two-Wheeler,3,0,Clear,Expressway,Dry,Dusk,Signs,115,42,Valid,No,Straight Road,1
Tamil Nadu,Chennai,2022,February,Wednesday,18:29,Fatal,3,Two-Wheeler,2,1,Rainy,State Highway,Wet,Dusk,Signs,75,39,Unlicensed,No,Curve,1
Odisha,Bhubaneswar,2020,September,Saturday,11:08,Minor,1,Car,1,0,Stormy,Urban Road,Wet,Daylight,Signals,40,35,Valid,No,Straight Road,0
Bihar,Patna,2023,July,Monday,08:30,Fatal,2,Bus,4,1,Rainy,National Highway,Wet,Daylight,Signs,85,29,Valid,Yes,Straight Road,1
Tamil Nadu,Coimbatore,2018,March,Thursday,10:32,Serious,3,Truck,6,0,Clear,National Highway,Dry,Daylight,No Control,75,27,Valid,No,Curve,1
Karnataka,Bengaluru,2019,April,Saturday,09:59,Serious,3,Two-Wheeler,4,0,Clear,Urban Road,Dry,Daylight,No Control,60,23,Valid,No,Intersection,1
Tamil Nadu,Coimbatore,2020,December,Wednesday,16:23,Minor,2,Auto-Rickshaw,1,0,Foggy,Village Road,Under Construction,Daylight,No Control,30,33,Valid,No,Curve,0
Uttar Pradesh,Lucknow,2020,November,Tuesday,02:27,Fatal,3,Car,3,1,Clear,National Highway,Dry,Dark,Signs,90,19,Valid,No,Straight Road,1
Uttar Pradesh,Agra,2023,February,Tuesday,01:30,Minor,1,Auto-Rickshaw,1,0,Clear,Urban Road,Dry,Dark,Signs,35,48,Valid,No,Straight Road,0
Jharkhand,Ranchi,2024,August,Saturday,09:07,Minor,3,Auto-Rickshaw,1,0,Stormy,Urban Road,Wet,Daylight,No Control,35,29,Valid,No,Intersection,0
Gujarat,Ahmedabad,2021,April,Wednesday,09:03,Serious,1,Cycle,2,0,Clear,Urban Road,Dry,Daylight,Signs,55,47,Unlicensed,Yes,Intersection,1
Karnataka,Mysuru,2021,May,Thursday,07:42,Serious,1,Bus,3,1,Clear,Urban Road,Wet,Daylight,No Control,50,27,Unlicensed,Yes,Straight Road,1
Kerala,Kochi,2020,August,Friday,18:18,Minor,2,Truck,1,0,Clear,Urban Road,Dry,Dusk,Signals,50,42,Valid,No,Intersection,0
Madhya Pradesh,Bhopal,2021,December,Sunday,00:21,Fatal,2,Car,3,2,Clear,Expressway,Dry,Dark,Signs,95,20,Valid,No,Straight Road,1
Jharkhand,Unknown,2022,July,Saturday,21:59,Serious,3,Car,4,1,Clear,Urban Road,Dry,Dark,No Control,50,29,Valid,No,Intersection,1
Bihar,Patna,2023,December,Tuesday,18:14,Minor,2,Car,6,0,Clear,Village Road,Dry,Daylight,No Control,30,31,Valid,Yes,Straight Road,0
Gujarat,Ahmedabad,2024,October,Sunday,11:54,Minor,2,Car,1,0,Clear,State Highway,Dry,Daylight,Signs,70,40,Valid,No,Straight Road,0
Karnataka,Unknown,2022,October,Sunday,20:37,Serious,3,Two-Wheeler,3,0,Clear,Village Road,Dry,Dark,No Control,30,22,Expired,No,Intersection,1
Jammu and Kashmir,Jammu,2020,October,Saturday,16:15,Serious,1,Two-Wheeler,2,0,Clear,Expressway,Dry,Daylight,Signs,90,54,Valid,No,Straight Road,1
Andhra Pradesh,Unknown,2018,October,Thursday,15:57,Fatal,2,Two-Wheeler,5,1,Rainy,National Highway,Wet,Daylight,No Control,95,37,Valid,No,Curve,1
Chhattisgarh,Bilaspur,2022,April,Monday,09:37,Serious,2,Truck,3,0,Clear,Urban Road,Dry,Daylight,Signs,60,36,Expired,No,Straight Road,1
Maharashtra,Unknown,2023,December,Saturday,17:18,Serious,3,Car,2,0,Foggy,Village Road,Dry,Dark,No Control,35,20,Valid,No,Straight Road,1
Delhi,New Delhi,2021,December,Thursday,06:27,Minor,1,Two-Wheeler,3,0,Foggy,State Highway,Dry,Dawn,No Control,50,41,Expired,No,Straight Road,0
West Bengal,Siliguri,2024,August,Wednesday,14:22,Minor,3,Bus,1,0,Rainy,Urban Road,Wet,Daylight,Signals,30,50,Valid,No,Intersection,0
Maharashtra,Pune,2020,September,Monday,05:50,Serious,2,Auto-Rickshaw,2,0,Rainy,Urban Road,Wet,Dawn,Signals,55,26,Unlicensed,No,Intersection,1
Madhya Pradesh,Indore,2018,November,Tuesday,12:27,Serious,3,Two-Wheeler,3,0,Rainy,Village Road,Wet,Daylight,No Control,20,30,Expired,No,Straight Road,1
Andhra Pradesh,Unknown,2022,February,Friday,16:02,Serious,3,Auto-Rickshaw,2,0,Clear,National Highway,Dry,Daylight,Signs,100,34,Unlicensed,No,Curve,1
Maharashtra,Mumbai,2018,January,Monday,06:41,Serious,3,Two-Wheeler,4,0,Foggy,State Highway,Dry,Daylight,Signs,60,33,Unlicensed,No,Straight Road,1
Gujarat,Surat,2018,December,Friday,08:45,Serious,4,Truck,2,0,Foggy,State Highway,Dry,Daylight,Police Checkpost,55,26,Valid,No,Curve,1
Haryana,Faridabad,2022,July,Saturday,19:23,Fatal,2,Auto-Rickshaw,3,1,Stormy,National Highway,Wet,Dusk,No Control,85,42,Expired,No,Straight Road,1
Tamil Nadu,Unknown,2021,September,Wednesday,08:55,Serious,1,Two-Wheeler,4,0,Rainy,National Highway,Wet,Daylight,Signs,85,51,Valid,No,Bridge,1
Gujarat,Ahmedabad,2022,July,Monday,05:25,Minor,2,Cycle,2,0,Rainy,Urban Road,Dry,Dark,Signs,50,36,Valid,No,Intersection,0
Gujarat,Ahmedabad,2023,July,Tuesday,10:15,Minor,2,Truck,1,0,Rainy,Village Road,Wet,Daylight,No Control,35,26,Valid,No,Straight Road,0
Tamil Nadu,Coimbatore,2020,January,Wednesday,21:42,Fatal,4,Tractor,3,2,Hazy,Expressway,Damaged,Dusk,Signs,100,24,Valid,No,Straight Road,1
Assam,Guwahati,2022,April,Saturday,17:07,Fatal,1,Two-Wheeler,2,1,Clear,Expressway,Dry,Dark,Signs,90,66,Valid,No,Bridge,1
Bihar,Gaya,2021,February,Friday,15:59,Fatal,2,Two-Wheeler,3,1,Rainy,Expressway,Damaged,Daylight,Signs,95,32,Valid,No,Curve,1
Maharashtra,Mumbai,2022,June,Sunday,19:41,Minor,2,Truck,2,0,Stormy,National Highway,Wet,Dusk,Signs,85,43,Valid,No,Straight Road,0
Goa,Unknown,2022,January,Sunday,17:18,Serious,1,Car,5,0,Clear,State Highway,Under Construction,Daylight,Police Checkpost,75,18,Valid,No,Straight Road,1
Odisha,Cuttack,2020,October,Tuesday,19:04,Fatal,3,Bus,5,1,Clear,National Highway,Damaged,Dark,No Control,75,28,Valid,No,Curve,1
Tamil Nadu,Chennai,2021,April,Saturday,17:35,Minor,4,Car,1,0,Rainy,Urban Road,Wet,Dusk,No Control,30,50,Valid,No,Straight Road,0
Haryana,Gurugram,2022,September,Thursday,20:35,Fatal,4,Two-Wheeler,1,1,Clear,Expressway,Dry,Dark,Signs,95,26,Valid,No,Straight Road,1
Maharashtra,Nashik,2018,January,Thursday,16:47,Minor,2,Car,1,0,Clear,National Highway,Dry,Daylight,Signs,85,27,Valid,No,Straight Road,0
Goa,Panaji,2019,January,Wednesday,08:17,Serious,2,Truck,2,0,Clear,Urban Road,Under Construction,Daylight,Signals,55,41,Valid,No,Intersection,1
Telangana,Warangal,2018,June,Wednesday,01:12,Serious,1,Two-Wheeler,2,0,Clear,Urban Road,Dry,Dark,Signals,55,29,Valid,Yes,Intersection,1
Telangana,Warangal,2019,October,Friday,05:24,Serious,1,Car,2,0,Clear,National Highway,Dry,Dark,Signs,90,44,Valid,No,Straight Road,1
Maharashtra,Nashik,2021,October,Friday,14:49,Minor,2,Car,1,0,Hazy,Village Road,Dry,Daylight,No Control,25,29,Valid,No,Straight Road,0
Odisha,Bhubaneswar,2024,July,Wednesday,23:54,Serious,2,Truck,4,0,Rainy,State Highway,Damaged,Dark,No Control,50,36,Valid,No,Straight Road,1
Maharashtra,Unknown,2024,August,Monday,18:21,Serious,5,Two-Wheeler,2,0,Clear,State Highway,Under Construction,Daylight,No Control,55,45,Valid,No,Curve,1
Uttar Pradesh,Agra,2023,September,Friday,18:02,Fatal,2,Two-Wheeler,3,1,Rainy,Expressway,Wet,Dusk,Signs,85,31,Expired,No,Straight Road,1
Uttar Pradesh,Lucknow,2021,September,Saturday,17:06,Serious,3,Truck,4,0,Rainy,National Highway,Wet,Daylight,Signals,85,22,Valid,No,Straight Road,1
Bihar,Unknown,2019,September,Friday,21:32,Fatal,2,Two-Wheeler,1,1,Rainy,State Highway,Wet,Dark,No Control,60,32,Valid,No,Bridge,1
Uttar Pradesh,Lucknow,2020,January,Monday,18:01,Minor,3,Truck,1,0,Foggy,Urban Road,Dry,Dusk,Signals,35,25,Valid,No,Intersection,0
Assam,Unknown,2023,June,Wednesday,08:43,Minor,3,Two-Wheeler,1,0,Foggy,Urban Road,Under Construction,Daylight,Police Checkpost,45,31,Valid,No,Intersection,0
Telangana,Hyderabad,2024,November,Saturday,13:01,Serious,5,Truck,5,0,Hazy,Urban Road,Dry,Daylight,Signs,45,37,Valid,No,Intersection,1
Maharashtra,Unknown,2024,June,Saturday,11:25,Fatal,2,Two-Wheeler,4,1,Rainy,Urban Road,Wet,Daylight,No Control,50,37,Valid,No,Straight Road,1
Maharashtra,Pune,2020,February,Monday,07:47,Serious,2,Car,2,0,Clear,State Highway,Dry,Daylight,No Control,75,48,Valid,No,Curve,1
Maharashtra,Nagpur,2021,August,Thursday,08:28,Serious,2,Two-Wheeler,3,0,Rainy,National Highway,Under Construction,Daylight,Signs,65,28,Unlicensed,No,Straight Road,1
West Bengal,Durgapur,2021,April,Thursday,09:40,Minor,4,Car,1,0,Clear,Village Road,Dry,Daylight,Signs,20,37,Unlicensed,No,Straight Road,0
Punjab,Amritsar,2018,July,Friday,07:20,Serious,1,Truck,2,0,Rainy,State Highway,Under Construction,Daylight,Signs,75,53,Valid,No,Curve,1
Uttar Pradesh,Unknown,2018,July,Monday,08:47,Fatal,2,Car,1,1,Hazy,Expressway,Dry,Daylight,Signs,115,41,Valid,No,Intersection,1
Haryana,Gurugram,2018,September,Friday,21:25,Serious,1,Two-Wheeler,2,0,Foggy,National Highway,Dry,Dark,Signs,75,48,Unlicensed,No,Straight Road,1
Maharashtra,Pune,2023,December,Sunday,10:45,Minor,1,Cycle,1,0,Foggy,Village Road,Dry,Daylight,No Control,25,36,Expired,No,Curve,0
Punjab,Ludhiana,2019,September,Wednesday,19:57,Fatal,1,Two-Wheeler,4,2,Rainy,Expressway,Dry,Dusk,No Control,90,47,Valid,No,Intersection,1
Jharkhand,Ranchi,2022,December,Wednesday,03:22,Minor,1,Truck,1,0,Clear,National Highway,Dry,Dark,Signals,80,35,Expired,No,Straight Road,0
Bihar,Gaya,2020,January,Monday,23:13,Serious,3,Truck,3,0,Clear,Urban Road,Dry,Dark,Signs,30,20,Valid,Yes,Intersection,1
Andhra Pradesh,Visakhapatnam,2023,October,Monday,18:55,Minor,1,Auto-Rickshaw,3,0,Clear,Urban Road,Dry,Daylight,Signals,35,45,Valid,No,Intersection,0
Haryana,Faridabad,2018,June,Sunday,21:40,Serious,3,Auto-Rickshaw,4,0,Hazy,Urban Road,Dry,Dark,Signs,30,41,Valid,Yes,Straight Road,1
Maharashtra,Nashik,2020,September,Sunday,14:52,Serious,3,Two-Wheeler,3,0,Stormy,Village Road,Damaged,Daylight,No Control,35,37,Valid,No,Intersection,1
Uttar Pradesh,Varanasi,2019,February,Monday,16:22,Minor,2,Cycle,1,0,Rainy,National Highway,Damaged,Daylight,Police Checkpost,75,26,Valid,No,Intersection,0
Maharashtra,Pune,2021,July,Sunday,10:20,Fatal,1,Two-Wheeler,3,2,Rainy,Expressway,Wet,Daylight,Police Checkpost,120,56,Valid,Yes,Curve,1
Rajasthan,Jaipur,2021,January,Tuesday,12:07,Minor,4,Car,3,0,Foggy,Urban Road,Dry,Daylight,Police Checkpost,45,47,Valid,No,Intersection,0
Kerala,Unknown,2019,August,Friday,18:46,Serious,2,Two-Wheeler,3,0,Rainy,State Highway,Wet,Daylight,No Control,60,29,Valid,No,Straight Road,1
West Bengal,Durgapur,2022,March,Saturday,02:50,Minor,1,Two-Wheeler,1,0,Clear,Urban Road,Dry,Dark,No Control,40,54,Valid,No,Intersection,0
Delhi,New Delhi,2024,February,Wednesday,01:49,Serious,2,Bus,2,1,Clear,State Highway,Damaged,Dark,Signs,75,53,Valid,No,Straight Road,1
Uttar Pradesh,Kanpur,2018,January,Friday,20:17,Fatal,2,Cycle,4,2,Foggy,State Highway,Dry,Dark,Signs,55,35,Valid,No,Bridge,1
Kerala,Thiruvananthapuram,2018,April,Friday,05:29,Fatal,2,Two-Wheeler,3,2,Clear,National Highway,Wet,Dawn,No Control,90,27,Unlicensed,No,Straight Road,1
Uttar Pradesh,Varanasi,2024,December,Tuesday,18:29,Serious,1,Car,3,0,Foggy,Village Road,Dry,Dusk,No Control,35,43,Valid,Yes,Curve,1
Tamil Nadu,Chennai,2022,December,Sunday,07:07,Serious,1,Bus,2,0,Rainy,State Highway,Wet,Daylight,Signs,80,35,Valid,No,Straight Road,1
Andhra Pradesh,Vijayawada,2024,January,Tuesday,10:00,Minor,3,Car,2,0,Hazy,Urban Road,Dry,Daylight,Signs,30,69,Valid,No,Straight Road,0
Himachal Pradesh,Shimla,2022,December,Monday,09:20,Minor,3,Auto-Rickshaw,2,0,Clear,Village Road,Dry,Daylight,No Control,35,25,Valid,No,Curve,0
West Bengal,Siliguri,2023,August,Sunday,13:30,Minor,1,Two-Wheeler,2,0,Rainy,Village Road,Under Construction,Dawn,Police Checkpost,35,56,Unlicensed,No,Straight Road,0
Maharashtra,Mumbai,2019,April,Thursday,19:59,Minor,1,Two-Wheeler,1,0,Clear,Urban Road,Dry,Daylight,No Control,50,32,Unlicensed,No,Straight Road,0
West Bengal,Durgapur,2021,December,Thursday,20:52,Serious,1,Car,5,0,Hazy,National Highway,Dry,Dark,Signs,95,34,Valid,Yes,Straight Road,1
Maharashtra,Nagpur,2020,March,Wednesday,08:42,Minor,3,Car,1,0,Clear,Village Road,Under Construction,Daylight,No Control,40,27,Valid,No,Curve,0
Odisha,Bhubaneswar,2023,March,Monday,10:57,Serious,3,Auto-Rickshaw,6,0,Clear,National Highway,Dry,Daylight,Signs,95,38,Valid,No,Straight Road,1
Andhra Pradesh,Visakhapatnam,2018,March,Wednesday,19:46,Serious,1,Two-Wheeler,3,0,Rainy,State Highway,Wet,Dusk,Signs,70,27,Valid,No,Curve,1
Uttar Pradesh,Varanasi,2018,February,Wednesday,04:31,Minor,1,Two-Wheeler,1,0,Clear,Village Road,Dry,Dark,No Control,25,34,Valid,No,Curve,0
Maharashtra,Pune,2021,June,Thursday,05:54,Fatal,3,Two-Wheeler,7,2,Rainy,National Highway,Wet,Dawn,No Control,95,22,Valid,No,Straight Road,1
Uttar Pradesh,Varanasi,2024,February,Thursday,13:55,Fatal,2,Truck,3,2,Rainy,National Highway,Wet,Daylight,No Control,85,18,Valid,Yes,Curve,1
Himachal Pradesh,Shimla,2024,March,Sunday,19:12,Serious,2,Two-Wheeler,2,0,Hazy,Urban Road,Dry,Dusk,No Control,40,34,Valid,No,Curve,1
Gujarat,Ahmedabad,2022,May,Sunday,10:16,Minor,1,Two-Wheeler,1,0,Rainy,Urban Road,Wet,Daylight,Signs,50,53,Valid,No,Intersection,0
Bihar,Patna,2021,August,Wednesday,03:58,Minor,1,Auto-Rickshaw,1,0,Rainy,State Highway,Wet,Dark,No Control,55,40,Expired,No,Straight Road,0
West Bengal,Kolkata,2019,November,Sunday,22:00,Fatal,2,Bus,2,2,Clear,Village Road,Damaged,Dark,No Control,35,35,Valid,Yes,Straight Road,1
Madhya Pradesh,Bhopal,2024,January,Sunday,22:31,Minor,1,Auto-Rickshaw,3,0,Foggy,Village Road,Dry,Dark,Signs,30,68,Expired,No,Curve,0
Uttar Pradesh,Varanasi,2019,August,Sunday,17:22,Fatal,5,Two-Wheeler,3,2,Clear,Expressway,Dry,Daylight,Signs,105,18,Valid,No,Curve,1
Chhattisgarh,Raipur,2018,February,Saturday,17:44,Fatal,2,Two-Wheeler,2,1,Clear,National Highway,Damaged,Daylight,No Control,70,40,Valid,No,Curve,1
Tamil Nadu,Chennai,2021,December,Tuesday,21:57,Minor,4,Truck,1,0,Foggy,Urban Road,Dry,Dark,Signs,35,26,Valid,No,Straight Road,0
Madhya Pradesh,Indore,2020,April,Tuesday,16:19,Minor,2,Two-Wheeler,2,0,Clear,Village Road,Dry,Dark,No Control,30,37,Valid,No,Bridge,0
Andhra Pradesh,Vijayawada,2021,November,Sunday,19:13,Fatal,2,Tractor,7,3,Clear,National Highway,Damaged,Daylight,No Control,75,27,Valid,No,Straight Road,1
Telangana,Warangal,2024,October,Thursday,13:19,Minor,1,Tractor,2,0,Hazy,Urban Road,Dry,Daylight,Signs,55,29,Unlicensed,No,Straight Road,0
Jharkhand,Jamshedpur,2019,April,Sunday,08:42,Fatal,5,Car,3,2,Clear,National Highway,Dry,Daylight,Signs,100,40,Valid,No,Intersection,1
Uttar Pradesh,Lucknow,2024,April,Saturday,19:21,Serious,1,Tractor,6,0,Clear,National Highway,Dry,Daylight,No Control,85,35,Valid,No,Straight Road,1
Rajasthan,Udaipur,2019,April,Tuesday,17:38,Serious,1,Cycle,2,0,Clear,National Highway,Dry,Dusk,Signs,90,28,Valid,No,Straight Road,1
Karnataka,Mysuru,2020,June,Wednesday,09:20,Minor,2,Car,2,0,Clear,Urban Road,Dry,Daylight,Signs,60,21,Valid,No,Bridge,0
Gujarat,Unknown,2018,June,Sunday,16:44,Serious,4,Two-Wheeler,4,0,Rainy,Urban Road,Damaged,Daylight,No Control,50,46,Valid,No,Intersection,1
Maharashtra,Nagpur,2022,August,Monday,19:03,Fatal,4,Two-Wheeler,3,1,Clear,National Highway,Dry,Dusk,No Control,75,34,Expired,No,Curve,1
Uttar Pradesh,Varanasi,2024,June,Saturday,09:20,Serious,2,Two-Wheeler,2,0,Rainy,Urban Road,Wet,Daylight,Signals,35,22,Expired,No,Intersection,1
Tamil Nadu,Madurai,2024,October,Sunday,18:18,Serious,2,Auto-Rickshaw,3,0,Clear,National Highway,Under Construction,Dark,Police Checkpost,70,18,Valid,No,Curve,1
Tamil Nadu,Unknown,2019,June,Monday,03:35,Serious,2,Car,3,0,Rainy,National Highway,Wet,Dark,Police Checkpost,70,40,Valid,Yes,Straight Road,1
Gujarat,Ahmedabad,2023,April,Wednesday,16:38,Minor,2,Auto-Rickshaw,1,0,Clear,Village Road,Dry,Daylight,No Control,25,33,Expired,No,Curve,0
West Bengal,Durgapur,2018,April,Friday,23:43,Serious,1,Truck,3,1,Hazy,State Highway,Under Construction,Dark,Signs,70,39,Valid,No,Straight Road,1
West Bengal,Durgapur,2022,September,Sunday,20:54,Serious,2,Bus,3,1,Rainy,Urban Road,Wet,Dark,Police Checkpost,60,67,Unlicensed,No,Intersection,1
Karnataka,Mysuru,2022,February,Thursday,20:47,Serious,1,Two-Wheeler,3,0,Clear,State Highway,Dry,Dark,No Control,55,47,Unlicensed,No,Intersection,1
Karnataka,Mangaluru,2019,April,Monday,17:02,Minor,1,Truck,1,0,Clear,National Highway,Damaged,Daylight,Signals,75,36,Valid,No,Straight Road,0
Uttar Pradesh,Agra,2018,April,Monday,13:40,Minor,1,Two-Wheeler,2,0,Clear,Village Road,Dry,Daylight,Signs,40,18,Valid,No,Intersection,0
Madhya Pradesh,Gwalior,2018,August,Wednesday,17:00,Serious,2,Truck,2,0,Clear,National Highway,Dry,Dusk,Signs,95,56,Valid,No,Straight Road,1
Tamil Nadu,Unknown,2022,February,Wednesday,10:24,Minor,2,Car,1,0,Clear,State Highway,Damaged,Daylight,No Control,50,38,Valid,No,Straight Road,0
Maharashtra,Nagpur,2022,June,Tuesday,15:35,Minor,1,Two-Wheeler,2,0,Clear,Urban Road,Dry,Daylight,No Control,40,66,Expired,No,Curve,0
Karnataka,Hubballi,2018,September,Saturday,14:19,Minor,2,Truck,2,0,Clear,Urban Road,Damaged,Daylight,Signs,40,27,Valid,No,Straight Road,0
Gujarat,Unknown,2021,December,Monday,14:41,Minor,1,Two-Wheeler,2,0,Hazy,Village Road,Dry,Daylight,Signs,25,21,Expired,No,Curve,0
Uttar Pradesh,Varanasi,2023,June,Saturday,12:47,Serious,1,Bus,3,0,Rainy,Expressway,Damaged,Daylight,Signs,115,54,Valid,No,Straight Road,1
Madhya Pradesh,Indore,2019,December,Sunday,10:36,Serious,1,Car,3,0,Foggy,National Highway,Dry,Daylight,Signs,90,40,Valid,Yes,Straight Road,1
Madhya Pradesh,Unknown,2022,August,Friday,10:31,Minor,1,Car,1,0,Clear,National Highway,Dry,Daylight,Signs,60,52,Expired,No,Curve,0
Andhra Pradesh,Vijayawada,2020,October,Friday,08:58,Minor,1,Car,3,0,Clear,Urban Road,Dry,Daylight,Police Checkpost,50,22,Valid,No,Intersection,0
Telangana,Warangal,2019,March,Tuesday,12:39,Fatal,2,Two-Wheeler,2,1,Foggy,National Highway,Dry,Daylight,Signs,85,22,Valid,No,Straight Road,1
Telangana,Warangal,2020,November,Friday,05:13,Minor,3,Car,1,0,Clear,Urban Road,Dry,Dawn,Signs,45,25,Valid,No,Intersection,0
Tamil Nadu,Madurai,2020,April,Wednesday,21:39,Serious,1,Two-Wheeler,3,0,Hazy,State Highway,Dry,Dark,Signs,70,18,Valid,Yes,Bridge,1
Bihar,Gaya,2021,February,Tuesday,03:28,Serious,2,Cycle,3,0,Clear,Village Road,Damaged,Dark,Signs,30,31,Valid,No,Intersection,1
Madhya Pradesh,Indore,2019,January,Friday,19:01,Serious,5,Bus,3,0,Foggy,Village Road,Dry,Dark,No Control,35,18,Valid,No,Straight Road,1
Gujarat,Vadodara,2020,August,Monday,08:54,Minor,2,Auto-Rickshaw,1,0,Rainy,National Highway,Dry,Daylight,Police Checkpost,80,38,Valid,No,Intersection,0
West Bengal,Kolkata,2022,August,Wednesday,20:47,Fatal,2,Truck,3,1,Rainy,National Highway,Wet,Dark,Police Checkpost,95,36,Unlicensed,No,Straight Road,1
Karnataka,Bengaluru,2020,March,Friday,18:37,Fatal,1,Two-Wheeler,4,2,Rainy,Expressway,Wet,Dusk,Signs,115,26,Valid,No,Bridge,1
Rajasthan,Udaipur,2022,November,Thursday,21:40,Fatal,2,Car,5,2,Clear,National Highway,Dry,Dark,Police Checkpost,60,43,Valid,Yes,Straight Road,1
Kerala,Kochi,2018,April,Tuesday,20:34,Minor,1,Truck,1,0,Clear,National Highway,Dry,Dark,Signs,65,39,Valid,No,Straight Road,0
Odisha,Unknown,2018,August,Monday,17:20,Fatal,3,Car,4,1,Rainy,National Highway,Wet,Dusk,Signals,75,53,Expired,No,Intersection,1
Assam,Guwahati,2024,July,Wednesday,06:55,Minor,1,Truck,2,0,Clear,State Highway,Dry,Dawn,Signs,50,59,Valid,No,Bridge,0
Rajasthan,Jodhpur,2021,August,Friday,15:33,Serious,1,Car,3,0,Rainy,National Highway,Wet,Daylight,Signs,60,39,Valid,Yes,Straight Road,1
Rajasthan,Jodhpur,2022,September,Friday,10:20,Minor,2,Truck,1,0,Rainy,State Highway,Wet,Daylight,Police Checkpost,50,42,Valid,No,Straight Road,0
Punjab,Unknown,2023,December,Monday,20:41,Serious,1,Car,4,0,Clear,National Highway,Dry,Dark,Signals,95,44,Unlicensed,No,Curve,1
Tamil Nadu,Madurai,2019,September,Friday,20:09,Serious,2,Two-Wheeler,4,0,Stormy,Village Road,Wet,Dark,No Control,30,60,Valid,No,Straight Road,1
Haryana,Unknown,2024,November,Sunday,09:19,Serious,2,Car,3,0,Foggy,State Highway,Dry,Daylight,No Control,75,20,Valid,No,Intersection,1
Rajasthan,Udaipur,2020,November,Friday,17:07,Minor,3,Car,1,0,Clear,Village Road,Dry,Dark,No Control,35,30,Valid,No,Intersection,0
Maharashtra,Mumbai,2024,May,Friday,10:05,Minor,2,Car,2,0,Clear,Urban Road,Dry,Daylight,Signs,35,20,Valid,No,Intersection,0
Maharashtra,Mumbai,2020,July,Friday,17:49,Minor,2,Two-Wheeler,1,0,Rainy,Urban Road,Wet,Daylight,Signals,50,29,Valid,No,Intersection,0
Haryana,Unknown,2020,March,Sunday,16:26,Serious,1,Auto-Rickshaw,3,0,Clear,Expressway,Under Construction,Daylight,Signs,105,32,Valid,No,Straight Road,1
Maharashtra,Unknown,2022,December,Sunday,14:51,Serious,1,Auto-Rickshaw,2,0,Clear,State Highway,Dry,Daylight,Police Checkpost,80,26,Valid,No,Bridge,1
Tamil Nadu,Coimbatore,2019,December,Monday,20:38,Fatal,2,Two-Wheeler,2,1,Hazy,National Highway,Dry,Dark,Signals,95,42,Valid,Yes,Curve,1
Tamil Nadu,Coimbatore,2022,November,Tuesday,08:14,Minor,2,Auto-Rickshaw,1,0,Clear,Urban Road,Dry,Daylight,Police Checkpost,50,43,Valid,No,Intersection,0
Uttar Pradesh,Agra,2024,September,Monday,19:12,Serious,3,Auto-Rickshaw,2,0,Clear,National Highway,Dry,Dusk,Signs,85,37,Valid,No,Bridge,1
Tamil Nadu,Unknown,2022,November,Saturday,17:27,Minor,2,Bus,2,0,Clear,State Highway,Dry,Dark,Signs,65,41,Unlicensed,No,Intersection,0
Kerala,Thiruvananthapuram,2018,October,Monday,09:05,Minor,3,Cycle,1,0,Clear,Village Road,Dry,Daylight,No Control,30,58,Valid,No,Bridge,0
Maharashtra,Mumbai,2022,March,Sunday,12:35,Minor,3,Truck,3,0,Hazy,Village Road,Dry,Daylight,No Control,30,41,Valid,No,Curve,0
Haryana,Unknown,2018,April,Monday,03:27,Minor,2,Two-Wheeler,1,0,Hazy,Urban Road,Under Construction,Dark,Signs,55,21,Valid,No,Straight Road,0
Delhi,Unknown,2018,July,Friday,16:08,Serious,1,Two-Wheeler,4,0,Rainy,Urban Road,Wet,Daylight,No Control,55,27,Valid,No,Intersection,1
Karnataka,Hubballi,2019,June,Wednesday,20:31,Minor,2,Two-Wheeler,2,0,Clear,Urban Road,Dry,Dawn,Police Checkpost,35,27,Expired,No,Intersection,0
Uttar Pradesh,Lucknow,2020,September,Thursday,05:50,Minor,1,Car,2,0,Stormy,National Highway,Wet,Daylight,Signals,60,54,Valid,No,Curve,0
West Bengal,Kolkata,2018,September,Thursday,06:54,Fatal,1,Two-Wheeler,3,3,Rainy,National Highway,Damaged,Dark,No Control,70,31,Valid,No,Straight Road,1
Maharashtra,Unknown,2018,December,Saturday,13:25,Serious,1,Two-Wheeler,4,0,Foggy,Urban Road,Damaged,Daylight,Police Checkpost,45,25,Valid,No,Intersection,1
Karnataka,Unknown,2023,October,Thursday,09:04,Serious,4,Car,4,0,Clear,State Highway,Dry,Daylight,No Control,55,23,Valid,No,Straight Road,1
Chhattisgarh,Unknown,2021,January,Thursday,09:51,Minor,1,Two-Wheeler,2,0,Foggy,National Highway,Dry,Daylight,Signs,75,30,Valid,No,Straight Road,0
Goa,Panaji,2019,May,Saturday,16:33,Minor,1,Two-Wheeler,3,0,Clear,Urban Road,Dry,Daylight,No Control,45,30,Valid,No,Straight Road,0
Bihar,Patna,2021,April,Sunday,12:45,Fatal,3,Truck,5,3,Clear,Urban Road,Damaged,Daylight,No Control,60,28,Valid,Yes,Curve,1
Tamil Nadu,Unknown,2022,August,Saturday,20:02,Serious,3,Car,3,0,Rainy,State Highway,Wet,Dark,Signs,65,47,Valid,No,Straight Road,1
Andhra Pradesh,Visakhapatnam,2023,May,Saturday,12:17,Minor,3,Car,1,0,Clear,Village Road,Dry,Daylight,No Control,25,33,Valid,No,Curve,0
Andhra Pradesh,Unknown,2020,December,Thursday,16:17,Serious,2,Two-Wheeler,4,0,Foggy,Urban Road,Dry,Daylight,No Control,40,36,Expired,Yes,Straight Road,1
Karnataka,Mysuru,2019,April,Sunday,11:42,Minor,2,Truck,2,0,Hazy,Urban Road,Dry,Daylight,No Control,30,46,Valid,No,Straight Road,0
West Bengal,Unknown,2024,June,Thursday,08:40,Fatal,1,Two-Wheeler,3,2,Rainy,National Highway,Wet,Daylight,Signals,60,47,Expired,No,Straight Road,1
Maharashtra,Pune,2022,October,Sunday,13:44,Minor,3,Car,2,0,Clear,Urban Road,Dry,Daylight,Signs,50,30,Valid,No,Straight Road,0
Uttar Pradesh,Agra,2024,May,Saturday,18:23,Minor,1,Car,2,0,Clear,Urban Road,Dry,Dusk,Signals,35,51,Valid,No,Curve,0
Rajasthan,Jaipur,2020,January,Tuesday,22:18,Serious,3,Bus,4,0,Foggy,Urban Road,Dry,Dark,Signs,50,37,Valid,No,Straight Road,1
Uttar Pradesh,Agra,2018,April,Monday,02:11,Minor,3,Two-Wheeler,2,0,Hazy,Urban Road,Dry,Dark,Signs,30,30,Valid,No,Intersection,0
Uttar Pradesh,Lucknow,2020,May,Saturday,14:15,Serious,2,Tractor,2,0,Clear,National Highway,Damaged,Daylight,Signs,70,48,Valid,No,Curve,1
Haryana,Faridabad,2020,August,Saturday,16:09,Serious,1,Two-Wheeler,2,0,Stormy,State Highway,Under Construction,Daylight,Police Checkpost,65,42,Valid,No,Curve,1
Jammu and Kashmir,Unknown,2023,September,Friday,04:49,Minor,2,Car,1,0,Hazy,Village Road,Damaged,Dark,Signs,30,41,Valid,No,Straight Road,0
Madhya Pradesh,Indore,2023,July,Sunday,19:40,Fatal,4,Car,1,1,Rainy,National Highway,Wet,Dark,No Control,85,33,Valid,No,Curve,1
Haryana,Gurugram,2018,May,Friday,09:40,Minor,3,Car,4,0,Clear,Urban Road,Dry,Daylight,Signs,45,37,Valid,No,Intersection,0
Jammu and Kashmir,Unknown,2022,July,Wednesday,20:53,Minor,1,Auto-Rickshaw,1,0,Rainy,Village Road,Wet,Dusk,No Control,25,28,Valid,No,Straight Road,0
Uttar Pradesh,Unknown,2020,February,Friday,15:44,Fatal,2,Truck,3,2,Clear,National Highway,Dry,Daylight,Signals,75,34,Expired,Yes,Straight Road,1
Gujarat,Unknown,2022,March,Monday,06:19,Serious,2,Truck,6,0,Clear,Expressway,Under Construction,Daylight,Signs,95,32,Valid,No,Straight Road,1
Karnataka,Hubballi,2020,August,Friday,18:18,Minor,1,Auto-Rickshaw,1,0,Clear,Village Road,Dry,Dusk,No Control,30,40,Valid,No,Straight Road,0
Maharashtra,Pune,2021,November,Sunday,06:07,Serious,3,Two-Wheeler,3,0,Hazy,Urban Road,Under Construction,Dawn,Signs,55,55,Valid,No,Curve,1
Kerala,Kochi,2023,July,Monday,18:43,Minor,1,Car,3,0,Rainy,Urban Road,Damaged,Dusk,Signs,35,35,Valid,No,Intersection,0
Gujarat,Ahmedabad,2020,January,Sunday,19:52,Minor,1,Car,2,0,Foggy,Village Road,Dry,Daylight,Police Checkpost,30,46,Valid,No,Straight Road,0
Gujarat,Vadodara,2019,December,Saturday,15:42,Serious,1,Truck,4,0,Clear,National Highway,Dry,Daylight,Signs,90,39,Valid,No,Curve,1
Uttar Pradesh,Kanpur,2022,April,Monday,09:28,Minor,2,Auto-Rickshaw,2,0,Clear,Urban Road,Damaged,Daylight,No Control,40,51,Valid,No,Straight Road,0
Uttar Pradesh,Varanasi,2024,September,Sunday,12:19,Minor,3,Car,2,0,Rainy,State Highway,Wet,Daylight,Signs,60,57,Valid,No,Curve,0
Assam,Unknown,2021,November,Saturday,14:26,Minor,4,Two-Wheeler,1,0,Clear,Village Road,Damaged,Daylight,No Control,35,31,Valid,No,Intersection,0
Maharashtra,Mumbai,2024,December,Thursday,17:16,Serious,4,Bus,2,0,Clear,Urban Road,Dry,Dusk,Signs,50,18,Valid,No,Straight Road,1
Uttar Pradesh,Unknown,2019,February,Tuesday,16:09,Minor,4,Bus,1,0,Clear,Urban Road,Dry,Daylight,Signs,45,22,Valid,Yes,Straight Road,0
Tamil Nadu,Madurai,2023,March,Wednesday,11:25,Minor,3,Two-Wheeler,1,0,Clear,National Highway,Dry,Daylight,Signals,75,49,Valid,No,Straight Road,0
Rajasthan,Jodhpur,2024,August,Friday,18:14,Serious,2,Two-Wheeler,3,0,Rainy,National Highway,Wet,Dusk,Signs,60,41,Valid,No,Straight Road,1
Madhya Pradesh,Indore,2020,October,Tuesday,18:44,Minor,3,Two-Wheeler,1,0,Clear,Village Road,Dry,Dark,No Control,25,25,Valid,No,Intersection,0
Rajasthan,Jodhpur,2019,November,Wednesday,17:54,Minor,1,Two-Wheeler,4,0,Hazy,State Highway,Dry,Dusk,Signs,65,56,Valid,No,Straight Road,0
Maharashtra,Unknown,2022,July,Sunday,09:11,Minor,1,Two-Wheeler,1,0,Rainy,Urban Road,Wet,Daylight,Signals,50,33,Valid,No,Intersection,0
Tamil Nadu,Unknown,2024,February,Saturday,13:00,Minor,2,Truck,1,0,Clear,Urban Road,Dry,Daylight,Signs,35,33,Valid,No,Intersection,0
Haryana,Faridabad,2018,September,Saturday,12:52,Minor,1,Two-Wheeler,1,0,Clear,National Highway,Dry,Daylight,Signs,75,33,Valid,No,Straight Road,0
West Bengal,Siliguri,2022,September,Sunday,19:17,Minor,5,Auto-Rickshaw,2,0,Clear,State Highway,Dry,Daylight,Signs,55,52,Valid,No,Straight Road,0
Telangana,Warangal,2024,June,Monday,19:15,Serious,4,Two-Wheeler,3,0,Rainy,State Highway,Wet,Dusk,Signs,55,28,Valid,No,Curve,1
Telangana,Warangal,2018,August,Tuesday,20:51,Serious,3,Truck,2,0,Rainy,Village Road,Dry,Dark,No Control,35,52,Expired,No,Intersection,1
Bihar,Gaya,2021,March,Friday,08:50,Serious,3,Two-Wheeler,4,0,Clear,National Highway,Dry,Daylight,Signs,95,44,Valid,No,Straight Road,1
Maharashtra,Unknown,2018,October,Thursday,18:34,Minor,4,Two-Wheeler,1,0,Clear,State Highway,Dry,Dusk,No Control,80,53,Valid,No,Curve,0
Karnataka,Unknown,2019,January,Monday,20:09,Fatal,4,Two-Wheeler,2,1,Clear,Expressway,Dry,Dark,Signs,115,46,Valid,Yes,Straight Road,1
Rajasthan,Jaipur,2021,November,Saturday,07:42,Minor,2,Truck,1,0,Clear,Village Road,Damaged,Daylight,Signs,30,41,Expired,No,Curve,0
Karnataka,Unknown,2020,November,Monday,01:44,Serious,3,Truck,3,0,Clear,Urban Road,Dry,Dark,No Control,50,45,Unlicensed,No,Intersection,1
Haryana,Gurugram,2018,September,Friday,05:26,Serious,6,Truck,3,0,Clear,Urban Road,Dry,Dawn,Police Checkpost,40,38,Valid,No,Curve,1
Gujarat,Unknown,2023,October,Friday,16:33,Minor,2,Car,2,0,Clear,Village Road,Dry,Daylight,No Control,30,29,Valid,No,Straight Road,0
Bihar,Unknown,2019,November,Friday,12:32,Serious,4,Car,2,0,Hazy,Expressway,Dry,Daylight,No Control,90,45,Valid,No,Intersection,1
Delhi,Unknown,2024,February,Wednesday,07:39,Minor,2,Cycle,1,0,Clear,Village Road,Dry,Daylight,No Control,30,36,Valid,No,Straight Road,0
Rajasthan,Udaipur,2019,July,Monday,14:30,Minor,1,Two-Wheeler,3,0,Rainy,Urban Road,Wet,Daylight,Signs,40,52,Valid,No,Straight Road,0
Assam,Unknown,2021,August,Sunday,19:58,Minor,1,Two-Wheeler,1,0,Rainy,Urban Road,Dry,Dark,Signals,40,52,Valid,No,Intersection,0
Madhya Pradesh,Indore,2023,December,Sunday,20:02,Minor,1,Car,1,0,Clear,Urban Road,Dry,Dark,Signs,30,44,Unlicensed,No,Straight Road,0
Haryana,Gurugram,2021,September,Thursday,18:03,Minor,2,Bus,2,0,Stormy,Village Road,Damaged,Dusk,Police Checkpost,25,49,Valid,No,Bridge,0
Karnataka,Bengaluru,2020,August,Monday,20:09,Serious,6,Auto-Rickshaw,5,0,Rainy,Urban Road,Wet,Dark,Signs,45,43,Valid,No,Curve,1
Rajasthan,Jodhpur,2023,July,Friday,16:08,Fatal,3,Truck,3,1,Rainy,National Highway,Wet,Daylight,No Control,85,43,Valid,No,Intersection,1
Rajasthan,Unknown,2018,February,Wednesday,19:29,Serious,2,Two-Wheeler,5,0,Clear,Urban Road,Dry,Dark,Signs,55,29,Valid,No,Intersection,1
Maharashtra,Nagpur,2023,April,Tuesday,12:04,Minor,1,Truck,3,0,Clear,State Highway,Dry,Daylight,Signs,70,40,Valid,No,Straight Road,0
Karnataka,Mysuru,2022,June,Tuesday,20:11,Fatal,1,Two-Wheeler,2,2,Rainy,National Highway,Wet,Dark,Signs,80,42,Unlicensed,No,Bridge,1
Assam,Guwahati,2023,November,Tuesday,21:31,Fatal,3,Two-Wheeler,3,3,Clear,National Highway,Dry,Dark,Signs,80,41,Valid,No,Bridge,1
West Bengal,Durgapur,2020,November,Wednesday,17:53,Serious,2,Two-Wheeler,5,0,Clear,National Highway,Wet,Daylight,No Control,80,40,Expired,No,Straight Road,1
Uttar Pradesh,Varanasi,2020,August,Wednesday,12:48,Minor,1,Tractor,4,0,Rainy,Urban Road,Wet,Daylight,Police Checkpost,55,40,Valid,No,Intersection,0
Karnataka,Hubballi,2022,February,Saturday,09:13,Fatal,3,Truck,2,1,Hazy,National Highway,Dry,Daylight,Signs,95,62,Unlicensed,No,Straight Road,1
Uttar Pradesh,Unknown,2022,September,Thursday,10:03,Minor,2,Two-Wheeler,2,0,Foggy,Urban Road,Dry,Daylight,Signals,40,39,Valid,No,Intersection,0
Maharashtra,Nagpur,2024,June,Thursday,06:44,Serious,1,Two-Wheeler,6,0,Clear,Expressway,Dry,Daylight,Signs,100,46,Valid,No,Straight Road,1
Jharkhand,Jamshedpur,2024,August,Tuesday,02:46,Fatal,3,Auto-Rickshaw,4,2,Rainy,National Highway,Wet,Dark,No Control,75,37,Valid,No,Intersection,1
Gujarat,Surat,2018,June,Sunday,12:55,Serious,3,Truck,3,0,Rainy,National Highway,Wet,Daylight,Signals,80,41,Valid,No,Straight Road,1
Tamil Nadu,Coimbatore,2019,September,Monday,02:25,Fatal,3,Two-Wheeler,1,1,Rainy,National Highway,Wet,Dark,No Control,75,27,Valid,No,Straight Road,1
West Bengal,Durgapur,2024,March,Tuesday,20:03,Minor,2,Tractor,1,0,Clear,Village Road,Dry,Dark,No Control,35,30,Valid,No,Straight Road,0
Maharashtra,Mumbai,2020,February,Friday,17:56,Minor,2,Car,1,0,Clear,State Highway,Dry,Dark,Signs,70,31,Valid,No,Straight Road,0
Tamil Nadu,Chennai,2022,March,Saturday,19:17,Minor,1,Car,1,0,Hazy,National Highway,Dry,Dusk,Signs,65,20,Expired,No,Intersection,0
Andhra Pradesh,Visakhapatnam,2018,December,Saturday,12:22,Serious,1,Car,2,0,Rainy,National Highway,Damaged,Daylight,Signs,60,39,Unlicensed,No,Straight Road,1
West Bengal,Siliguri,2018,January,Thursday,08:24,Fatal,4,Truck,4,3,Hazy,National Highway,Dry,Daylight,Signs,100,27,Valid,No,Bridge,1
Jammu and Kashmir,Unknown,2020,April,Wednesday,09:59,Minor,3,Two-Wheeler,1,0,Clear,Urban Road,Dry,Daylight,Signals,40,24,Valid,No,Intersection,0
West Bengal,Kolkata,2023,May,Wednesday,20:21,Serious,4,Two-Wheeler,5,0,Clear,Urban Road,Dry,Dark,Signs,35,63,Valid,Yes,Straight Road,1
Gujarat,Ahmedabad,2023,November,Friday,06:33,Serious,3,Truck,2,0,Clear,State Highway,Damaged,Dawn,Signs,70,51,Valid,No,Straight Road,1
Bihar,Patna,2024,May,Wednesday,17:30,Serious,2,Car,3,1,Clear,State Highway,Dry,Dark,Signs,65,62,Expired,No,Curve,1
Odisha,Cuttack,2019,November,Wednesday,08:59,Minor,1,Bus,3,0,Clear,Urban Road,Dry,Daylight,Police Checkpost,45,37,Valid,No,Straight Road,0
Kerala,Thiruvananthapuram,2019,December,Monday,10:57,Fatal,2,Cycle,3,2,Hazy,Expressway,Damaged,Daylight,Signs,105,34,Valid,No,Straight Road,1
Uttarakhand,Dehradun,2021,August,Sunday,00:37,Minor,4,Car,4,0,Rainy,Urban Road,Wet,Dark,Signals,40,42,Valid,No,Straight Road,0
Bihar,Gaya,2021,May,Monday,13:06,Minor,4,Car,2,0,Clear,Village Road,Dry,Daylight,Signs,30,42,Valid,No,Intersection,0
Delhi,New Delhi,2018,August,Wednesday,06:20,Serious,2,Truck,3,0,Clear,Expressway,Dry,Dark,Signs,105,34,Valid,No,Straight Road,1
Maharashtra,Nagpur,2021,September,Sunday,20:39,Serious,1,Two-Wheeler,2,0,Rainy,State Highway,Wet,Dark,Signs,70,29,Valid,No,Curve,1
Kerala,Thiruvananthapuram,2024,February,Saturday,05:48,Serious,4,Two-Wheeler,2,1,Clear,National Highway,Dry,Dawn,Signs,95,45,Valid,No,Straight Road,1
Gujarat,Unknown,2019,October,Friday,08:45,Minor,2,Truck,2,0,Clear,Urban Road,Dry,Daylight,No Control,40,19,Valid,No,Straight Road,0
Madhya Pradesh,Gwalior,2023,June,Friday,00:29,Minor,2,Car,1,0,Clear,National Highway,Dry,Dark,Police Checkpost,80,45,Valid,No,Straight Road,0
Telangana,Hyderabad,2021,November,Monday,23:40,Serious,4,Bus,3,1,Clear,State Highway,Under Construction,Dark,Signs,70,34,Expired,Yes,Curve,1
Uttarakhand,Dehradun,2021,August,Saturday,16:18,Serious,4,Two-Wheeler,3,0,Rainy,Urban Road,Damaged,Daylight,Signs,50,47,Valid,No,Bridge,1
Jammu and Kashmir,Jammu,2022,November,Tuesday,16:38,Minor,3,Truck,5,0,Foggy,Urban Road,Dry,Daylight,Signs,60,51,Valid,No,Straight Road,0
Tamil Nadu,Chennai,2022,January,Sunday,14:28,Minor,2,Auto-Rickshaw,1,0,Hazy,State Highway,Dry,Daylight,Signs,55,45,Valid,No,Straight Road,0
Kerala,Kochi,2022,January,Tuesday,20:41,Serious,1,Truck,2,0,Clear,Urban Road,Dry,Dark,Signals,55,24,Valid,Yes,Intersection,1
Kerala,Unknown,2018,February,Friday,06:52,Fatal,2,Two-Wheeler,3,1,Hazy,National Highway,Dry,Dawn,Signals,80,20,Valid,No,Straight Road,1
Karnataka,Hubballi,2020,November,Friday,19:49,Serious,4,Truck,5,0,Clear,National Highway,Damaged,Daylight,Police Checkpost,70,19,Valid,No,Straight Road,1
Maharashtra,Nashik,2023,December,Tuesday,19:43,Serious,3,Auto-Rickshaw,7,0,Rainy,State Highway,Under Construction,Dusk,Signs,60,32,Valid,No,Straight Road,1
Maharashtra,Unknown,2018,December,Wednesday,01:46,Fatal,1,Two-Wheeler,5,2,Foggy,National Highway,Dry,Dark,No Control,75,20,Unlicensed,No,Straight Road,1
Bihar,Unknown,2023,April,Saturday,06:10,Serious,4,Car,4,0,Clear,Expressway,Dry,Dawn,Signs,120,37,Valid,No,Bridge,1
Rajasthan,Udaipur,2021,April,Tuesday,15:11,Serious,2,Car,3,0,Clear,State Highway,Damaged,Daylight,Police Checkpost,55,27,Valid,No,Intersection,1
Jammu and Kashmir,Srinagar,2018,May,Sunday,04:50,Minor,2,Two-Wheeler,1,0,Foggy,Village Road,Dry,Dark,No Control,25,30,Valid,No,Straight Road,0
Gujarat,Unknown,2018,October,Wednesday,09:32,Serious,4,Car,4,0,Rainy,Expressway,Wet,Daylight,Signs,110,37,Valid,No,Straight Road,1
Himachal Pradesh,Shimla,2024,April,Friday,11:25,Serious,1,Car,2,0,Clear,State Highway,Dry,Daylight,Signs,80,42,Valid,Yes,Curve,1
Karnataka,Bengaluru,2018,July,Friday,06:39,Fatal,1,Car,3,1,Rainy,State Highway,Wet,Dark,No Control,50,28,Expired,Yes,Straight Road,1
Bihar,Gaya,2018,August,Thursday,17:04,Serious,4,Truck,4,0,Rainy,Village Road,Wet,Dusk,No Control,30,32,Valid,No,Straight Road,1
Maharashtra,Pune,2018,May,Friday,13:09,Minor,2,Two-Wheeler,4,0,Hazy,National Highway,Dry,Daylight,No Control,75,41,Valid,No,Bridge,0
Madhya Pradesh,Bhopal,2022,June,Saturday,16:08,Minor,1,Two-Wheeler,3,0,Rainy,Urban Road,Wet,Daylight,Signs,45,36,Valid,No,Straight Road,0
Punjab,Amritsar,2024,August,Friday,13:33,Serious,3,Truck,2,0,Clear,State Highway,Dry,Daylight,Signs,70,35,Expired,No,Intersection,1
Assam,Guwahati,2019,October,Friday,12:03,Minor,3,Two-Wheeler,1,0,Clear,Urban Road,Dry,Daylight,Police Checkpost,45,45,Valid,No,Straight Road,0
Haryana,Gurugram,2023,March,Friday,13:02,Minor,5,Truck,1,0,Clear,Village Road,Dry,Daylight,No Control,20,26,Valid,No,Curve,0
Maharashtra,Nashik,2023,July,Thursday,21:40,Minor,3,Truck,2,0,Rainy,Urban Road,Damaged,Dark,Police Checkpost,35,47,Valid,No,Straight Road,0
Karnataka,Bengaluru,2019,February,Monday,11:44,Serious,4,Two-Wheeler,2,0,Hazy,State Highway,Under Construction,Daylight,Signs,70,64,Valid,No,Curve,1
Maharashtra,Mumbai,2018,January,Tuesday,16:15,Minor,1,Tractor,2,0,Rainy,Urban Road,Under Construction,Daylight,No Control,35,40,Valid,No,Intersection,0
Maharashtra,Nagpur,2021,August,Friday,19:41,Minor,3,Car,1,0,Clear,Urban Road,Dry,Daylight,No Control,45,32,Valid,No,Intersection,0
Telangana,Hyderabad,2018,June,Sunday,16:05,Fatal,2,Tractor,2,1,Stormy,Urban Road,Under Construction,Daylight,No Control,40,20,Valid,Yes,Straight Road,1
Andhra Pradesh,Visakhapatnam,2018,April,Monday,08:24,Minor,1,Two-Wheeler,1,0,Clear,Village Road,Dry,Daylight,No Control,30,31,Valid,No,Straight Road,0
Bihar,Patna,2021,January,Friday,06:21,Serious,1,Cycle,3,0,Foggy,National Highway,Dry,Dawn,Signs,90,41,Valid,No,Intersection,1
Delhi,New Delhi,2023,December,Tuesday,15:20,Minor,4,Car,1,0,Clear,National Highway,Dry,Daylight,Signs,70,36,Valid,No,Straight Road,0
Kerala,Kozhikode,2024,October,Friday,18:52,Fatal,1,Tractor,4,1,Clear,National Highway,Damaged,Dark,No Control,90,36,Expired,No,Bridge,1
Punjab,Ludhiana,2022,December,Saturday,18:04,Minor,2,Car,2,0,Stormy,Urban Road,Wet,Daylight,No Control,50,36,Unlicensed,No,Intersection,0
Maharashtra,Pune,2019,February,Saturday,17:37,Minor,1,Cycle,1,0,Clear,Village Road,Dry,Dusk,No Control,40,31,Valid,No,Straight Road,0
Uttar Pradesh,Unknown,2020,January,Saturday,00:16,Serious,1,Two-Wheeler,2,0,Foggy,State Highway,Dry,Dusk,Signs,65,36,Valid,No,Straight Road,1
West Bengal,Durgapur,2022,March,Saturday,18:29,Serious,4,Truck,2,1,Clear,State Highway,Dry,Dusk,No Control,50,27,Valid,Yes,Straight Road,1
Delhi,New Delhi,2019,February,Monday,16:12,Fatal,2,Two-Wheeler,3,2,Clear,Expressway,Damaged,Daylight,No Control,105,38,Valid,No,Straight Road,1
Maharashtra,Pune,2021,June,Thursday,23:43,Serious,1,Car,3,0,Rainy,National Highway,Wet,Dusk,Signs,90,39,Valid,No,Straight Road,1
Rajasthan,Unknown,2023,August,Tuesday,18:03,Minor,3,Two-Wheeler,3,0,Rainy,Village Road,Wet,Daylight,Police Checkpost,20,54,Valid,No,Intersection,0
Telangana,Hyderabad,2023,March,Sunday,12:04,Fatal,2,Auto-Rickshaw,4,2,Hazy,Expressway,Dry,Daylight,Signs,85,28,Unlicensed,Yes,Straight Road,1
Maharashtra,Unknown,2018,May,Saturday,17:19,Minor,4,Car,1,0,Clear,Urban Road,Dry,Daylight,Signals,40,46,Valid,No,Curve,0
Karnataka,Mysuru,2020,July,Monday,16:52,Minor,1,Car,3,0,Clear,State Highway,Dry,Dawn,No Control,65,47,Valid,No,Straight Road,0
Odisha,Unknown,2019,April,Tuesday,10:01,Serious,3,Tractor,2,0,Clear,Urban Road,Damaged,Daylight,No Control,45,34,Valid,No,Straight Road,1
Telangana,Warangal,2021,June,Thursday,14:10,Minor,1,Auto-Rickshaw,2,0,Clear,State Highway,Dry,Daylight,Signs,55,29,Valid,No,Bridge,0
Uttar Pradesh,Kanpur,2019,August,Sunday,07:29,Serious,4,Cycle,2,0,Clear,National Highway,Dry,Daylight,Police Checkpost,65,53,Valid,No,Curve,1
Delhi,Unknown,2024,December,Monday,04:01,Fatal,1,Two-Wheeler,4,2,Clear,National Highway,Dry,Dawn,Signals,95,21,Expired,No,Straight Road,1
Karnataka,Bengaluru,2024,April,Friday,18:32,Serious,2,Auto-Rickshaw,2,0,Hazy,National Highway,Dry,Dusk,No Control,90,27,Valid,No,Straight Road,1
Delhi,New Delhi,2020,February,Wednesday,11:21,Serious,1,Car,3,0,Clear,Expressway,Dry,Daylight,Signs,100,24,Valid,No,Straight Road,1
Tamil Nadu,Unknown,2020,November,Friday,18:38,Minor,1,Auto-Rickshaw,2,0,Hazy,Urban Road,Dry,Dusk,Signs,40,29,Unlicensed,No,Straight Road,0
Madhya Pradesh,Gwalior,2021,July,Friday,13:03,Serious,4,Car,4,0,Hazy,State Highway,Dry,Daylight,Signs,65,34,Valid,No,Curve,1
Karnataka,Bengaluru,2018,June,Tuesday,19:10,Minor,4,Truck,3,0,Clear,Urban Road,Dry,Daylight,Signals,60,55,Expired,No,Curve,0
Tamil Nadu,Chennai,2024,September,Saturday,18:10,Serious,2,Two-Wheeler,6,1,Rainy,Urban Road,Wet,Dusk,Signs,40,32,Valid,No,Intersection,1
Odisha,Cuttack,2023,December,Monday,18:44,Fatal,5,Two-Wheeler,2,1,Clear,National Highway,Dry,Dark,Signals,75,62,Valid,No,Straight Road,1
Uttar Pradesh,Varanasi,2020,February,Saturday,12:44,Minor,1,Car,2,0,Clear,State Highway,Dry,Daylight,Signs,65,48,Valid,No,Straight Road,0
Maharashtra,Pune,2021,November,Tuesday,22:06,Serious,1,Two-Wheeler,3,0,Clear,Urban Road,Damaged,Dark,No Control,35,31,Unlicensed,No,Bridge,1
Karnataka,Unknown,2020,August,Friday,11:24,Minor,3,Truck,1,0,Clear,Village Road,Dry,Daylight,No Control,20,31,Valid,No,Bridge,0
Andhra Pradesh,Vijayawada,2019,August,Wednesday,19:42,Fatal,3,Two-Wheeler,4,2,Rainy,National Highway,Wet,Dusk,Signals,95,39,Valid,Yes,Straight Road,1
Punjab,Amritsar,2020,November,Friday,13:00,Minor,3,Two-Wheeler,1,0,Clear,Village Road,Dry,Daylight,Signs,35,38,Valid,No,Curve,0
Goa,Panaji,2018,April,Wednesday,08:06,Minor,4,Two-Wheeler,2,0,Clear,Urban Road,Dry,Daylight,Signals,40,23,Valid,No,Straight Road,0
Tamil Nadu,Coimbatore,2023,October,Friday,16:38,Minor,1,Two-Wheeler,1,0,Clear,Urban Road,Dry,Daylight,Police Checkpost,45,28,Valid,No,Straight Road,0
Karnataka,Hubballi,2022,July,Monday,13:33,Fatal,2,Two-Wheeler,2,1,Rainy,National Highway,Wet,Daylight,Signs,80,18,Valid,No,Bridge,1
Uttar Pradesh,Unknown,2024,December,Wednesday,08:42,Serious,5,Bus,2,0,Hazy,Urban Road,Under Construction,Daylight,No Control,30,58,Expired,No,Straight Road,1
Madhya Pradesh,Indore,2018,June,Saturday,11:27,Serious,3,Car,5,0,Stormy,State Highway,Under Construction,Daylight,Signs,70,39,Valid,No,Curve,1
Goa,Panaji,2022,September,Thursday,07:54,Serious,1,Two-Wheeler,2,0,Rainy,National Highway,Wet,Daylight,Signs,65,33,Valid,No,Curve,1
Andhra Pradesh,Visakhapatnam,2021,June,Thursday,23:07,Fatal,2,Two-Wheeler,2,1,Rainy,Village Road,Wet,Dark,No Control,30,29,Expired,Yes,Straight Road,1
Madhya Pradesh,Bhopal,2022,May,Friday,16:09,Minor,3,Bus,1,0,Clear,Urban Road,Damaged,Daylight,Police Checkpost,40,30,Valid,No,Intersection,0
Karnataka,Mangaluru,2024,May,Thursday,07:38,Fatal,1,Two-Wheeler,1,1,Clear,National Highway,Under Construction,Dawn,No Control,75,19,Valid,No,Intersection,1
Assam,Unknown,2020,December,Sunday,18:51,Serious,3,Bus,5,0,Clear,State Highway,Dry,Dusk,Signs,65,39,Unlicensed,No,Straight Road,1
Rajasthan,Unknown,2018,November,Thursday,16:01,Serious,3,Truck,4,0,Hazy,National Highway,Damaged,Dark,Signals,75,46,Valid,No,Straight Road,1
Uttar Pradesh,Unknown,2018,March,Sunday,18:42,Minor,2,Two-Wheeler,2,0,Rainy,Village Road,Wet,Daylight,Signs,25,56,Valid,No,Intersection,0
Karnataka,Bengaluru,2021,November,Sunday,15:58,Fatal,1,Auto-Rickshaw,2,1,Stormy,National Highway,Wet,Daylight,Signs,65,47,Unlicensed,Yes,Straight Road,1
Maharashtra,Nashik,2019,August,Thursday,03:33,Minor,2,Car,1,0,Clear,Urban Road,Dry,Dark,Signs,35,46,Valid,No,Straight Road,0
Uttar Pradesh,Varanasi,2018,February,Wednesday,07:49,Minor,3,Auto-Rickshaw,1,0,Clear,Urban Road,Dry,Daylight,Signs,50,51,Valid,No,Straight Road,0
Maharashtra,Mumbai,2019,October,Friday,18:15,Serious,2,Two-Wheeler,4,0,Clear,National Highway,Under Construction,Dark,No Control,65,35,Valid,No,Straight Road,1
Gujarat,Ahmedabad,2019,February,Saturday,18:48,Fatal,1,Truck,4,2,Hazy,State Highway,Dry,Daylight,No Control,65,21,Valid,Yes,Straight Road,1
West Bengal,Kolkata,2018,November,Tuesday,18:27,Minor,3,Car,3,0,Clear,Urban Road,Dry,Daylight,Signals,40,46,Valid,No,Intersection,0
Karnataka,Hubballi,2021,June,Tuesday,00:17,Serious,1,Two-Wheeler,2,0,Rainy,Village Road,Wet,Dark,No Control,35,28,Unlicensed,No,Straight Road,1
Karnataka,Hubballi,2022,November,Tuesday,19:11,Minor,6,Auto-Rickshaw,3,0,Rainy,Urban Road,Wet,Dusk,Signs,50,36,Valid,No,Intersection,0
Chhattisgarh,Bilaspur,2020,June,Saturday,12:51,Serious,4,Bus,2,0,Clear,National Highway,Dry,Dark,Signs,65,25,Valid,No,Intersection,1
Kerala,Unknown,2018,February,Saturday,17:43,Serious,2,Truck,3,0,Clear,State Highway,Damaged,Dusk,Signs,70,51,Valid,No,Bridge,1
Rajasthan,Jaipur,2022,October,Tuesday,09:47,Serious,3,Auto-Rickshaw,2,0,Hazy,State Highway,Dry,Daylight,Signs,70,47,Valid,No,Straight Road,1
Tamil Nadu,Chennai,2018,September,Friday,18:42,Minor,1,Two-Wheeler,2,0,Clear,State Highway,Dry,Dusk,Police Checkpost,60,20,Valid,No,Curve,0
Odisha,Bhubaneswar,2023,April,Saturday,23:15,Fatal,4,Truck,2,1,Clear,Expressway,Dry,Dark,Signs,115,38,Valid,No,Straight Road,1
Uttar Pradesh,Agra,2020,March,Sunday,08:11,Fatal,4,Two-Wheeler,7,1,Clear,National Highway,Dry,Daylight,Signs,75,49,Unlicensed,No,Straight Road,1
Tamil Nadu,Coimbatore,2020,November,Tuesday,19:38,Serious,2,Cycle,3,0,Clear,State Highway,Damaged,Daylight,No Control,50,35,Valid,No,Bridge,1
Assam,Guwahati,2019,October,Wednesday,16:15,Minor,2,Car,3,0,Stormy,Urban Road,Wet,Daylight,No Control,50,37,Valid,No,Intersection,0
Rajasthan,Udaipur,2019,April,Wednesday,09:38,Minor,1,Auto-Rickshaw,1,0,Clear,National Highway,Dry,Daylight,Signs,80,49,Valid,Yes,Bridge,0
Kerala,Kochi,2019,September,Friday,09:54,Serious,3,Two-Wheeler,2,0,Rainy,Urban Road,Wet,Daylight,No Control,40,34,Unlicensed,No,Intersection,1
Madhya Pradesh,Gwalior,2021,March,Tuesday,18:44,Serious,2,Two-Wheeler,3,0,Foggy,National Highway,Dry,Dark,Signals,80,36,Valid,No,Straight Road,1
Telangana,Warangal,2019,March,Tuesday,09:28,Minor,1,Bus,1,0,Clear,Village Road,Dry,Daylight,No Control,40,46,Unlicensed,No,Bridge,0
Tamil Nadu,Chennai,2022,August,Saturday,02:54,Serious,4,Two-Wheeler,3,0,Rainy,State Highway,Damaged,Dusk,No Control,60,25,Valid,No,Curve,1
Uttar Pradesh,Kanpur,2019,October,Friday,20:33,Minor,4,Two-Wheeler,1,0,Rainy,Urban Road,Wet,Dark,Signs,50,29,Valid,No,Straight Road,0
Tamil Nadu,Madurai,2021,December,Tuesday,15:28,Minor,2,Truck,2,0,Clear,Urban Road,Dry,Daylight,Signs,55,18,Valid,No,Intersection,0
Uttar Pradesh,Kanpur,2021,June,Wednesday,18:57,Serious,2,Two-Wheeler,2,0,Clear,State Highway,Dry,Daylight,No Control,65,61,Valid,No,Curve,1
Delhi,New Delhi,2022,February,Tuesday,16:20,Minor,2,Car,3,0,Clear,State Highway,Dry,Daylight,Signs,75,38,Valid,No,Straight Road,0
Tamil Nadu,Chennai,2023,July,Wednesday,14:12,Minor,2,Auto-Rickshaw,3,0,Clear,Urban Road,Wet,Daylight,No Control,45,50,Valid,No,Intersection,0
Madhya Pradesh,Gwalior,2021,September,Thursday,18:08,Minor,1,Car,2,0,Rainy,Village Road,Wet,Daylight,Signs,25,23,Valid,No,Straight Road,0
Bihar,Gaya,2023,December,Monday,01:37,Serious,2,Car,2,0,Clear,State Highway,Dry,Dark,Signs,65,52,Unlicensed,No,Curve,1
Bihar,Gaya,2019,February,Monday,09:30,Minor,2,Two-Wheeler,1,0,Clear,Urban Road,Dry,Daylight,No Control,35,33,Valid,No,Straight Road,0
Gujarat,Vadodara,2023,August,Sunday,16:46,Serious,2,Two-Wheeler,3,0,Rainy,Urban Road,Wet,Daylight,No Control,40,54,Valid,No,Intersection,1
Gujarat,Unknown,2020,July,Sunday,22:08,Serious,5,Two-Wheeler,2,0,Clear,State Highway,Dry,Dark,Signs,55,35,Valid,No,Curve,1
Goa,Unknown,2022,August,Monday,11:19,Minor,3,Bus,1,0,Rainy,Urban Road,Wet,Daylight,Signals,30,24,Valid,No,Intersection,0
Telangana,Warangal,2021,February,Friday,23:07,Serious,2,Two-Wheeler,2,0,Clear,National Highway,Wet,Dark,Police Checkpost,65,50,Valid,No,Curve,1
Punjab,Ludhiana,2024,January,Monday,18:18,Fatal,2,Auto-Rickshaw,2,1,Foggy,Urban Road,Dry,Dusk,Signs,55,38,Unlicensed,No,Curve,1
Odisha,Bhubaneswar,2019,August,Saturday,13:57,Minor,1,Car,1,0,Rainy,Village Road,Damaged,Daylight,No Control,35,23,Valid,No,Straight Road,0
Bihar,Gaya,2021,March,Sunday,12:53,Minor,4,Cycle,2,0,Clear,Urban Road,Under Construction,Daylight,Signs,55,18,Valid,No,Straight Road,0
Uttar Pradesh,Varanasi,2019,August,Friday,06:29,Serious,3,Two-Wheeler,2,0,Hazy,Urban Road,Under Construction,Dawn,Signs,30,42,Valid,Yes,Curve,1
Madhya Pradesh,Unknown,2022,January,Friday,16:05,Serious,4,Bus,4,0,Hazy,Urban Road,Dry,Daylight,Signs,60,37,Valid,No,Straight Road,1
Maharashtra,Nagpur,2018,October,Wednesday,02:59,Fatal,2,Auto-Rickshaw,4,1,Clear,State Highway,Damaged,Dark,Signs,60,39,Valid,No,Bridge,1
Telangana,Warangal,2020,April,Tuesday,12:09,Minor,2,Car,2,0,Hazy,Urban Road,Dry,Daylight,Signals,40,40,Expired,No,Intersection,0
Chhattisgarh,Raipur,2018,June,Thursday,08:06,Serious,3,Tractor,3,0,Rainy,National Highway,Wet,Daylight,Signals,65,35,Valid,No,Straight Road,1
Rajasthan,Unknown,2020,May,Tuesday,22:24,Fatal,3,Two-Wheeler,4,3,Clear,National Highway,Dry,Dark,Police Checkpost,95,42,Valid,No,Curve,1
Gujarat,Surat,2021,June,Friday,10:56,Fatal,3,Two-Wheeler,2,2,Rainy,National Highway,Wet,Daylight,Signals,100,46,Valid,No,Straight Road,1
Maharashtra,Pune,2020,July,Thursday,13:47,Serious,5,Tractor,3,0,Stormy,Urban Road,Wet,Daylight,Signs,50,35,Valid,No,Intersection,1
Chhattisgarh,Unknown,2020,August,Tuesday,11:21,Minor,3,Two-Wheeler,4,0,Hazy,Urban Road,Dry,Daylight,No Control,30,43,Valid,No,Intersection,0
Maharashtra,Unknown,2019,September,Friday,06:27,Serious,3,Two-Wheeler,5,0,Rainy,Village Road,Wet,Dawn,No Control,30,44,Valid,No,Curve,1
Maharashtra,Nagpur,2023,December,Saturday,10:03,Minor,2,Car,2,0,Clear,National Highway,Dry,Daylight,Police Checkpost,70,50,Valid,No,Curve,0
Tamil Nadu,Madurai,2023,March,Friday,18:16,Fatal,3,Tractor,3,2,Clear,National Highway,Damaged,Dusk,Signals,95,18,Valid,No,Curve,1
Maharashtra,Unknown,2021,November,Friday,16:40,Minor,2,Auto-Rickshaw,2,0,Clear,Urban Road,Dry,Daylight,Signals,50,32,Valid,No,Curve,0
Gujarat,Unknown,2018,August,Sunday,12:25,Serious,3,Two-Wheeler,5,0,Clear,National Highway,Dry,Daylight,Signs,100,44,Valid,No,Straight Road,1
Rajasthan,Unknown,2018,April,Monday,19:58,Fatal,3,Two-Wheeler,4,1,Clear,Urban Road,Dry,Dark,Signs,55,62,Expired,No,Straight Road,1
Tamil Nadu,Coimbatore,2022,December,Friday,00:26,Fatal,2,Car,3,1,Clear,National Highway,Dry,Dark,Signs,80,51,Valid,Yes,Straight Road,1
Maharashtra,Nagpur,2024,September,Thursday,19:50,Serious,2,Bus,3,0,Rainy,National Highway,Wet,Dusk,Signs,70,51,Valid,No,Bridge,1
Maharashtra,Nagpur,2024,March,Tuesday,03:43,Fatal,4,Two-Wheeler,3,1,Hazy,Urban Road,Dry,Dark,Police Checkpost,55,69,Valid,Yes,Curve,1
Karnataka,Bengaluru,2020,March,Sunday,20:30,Serious,2,Two-Wheeler,2,0,Clear,Urban Road,Under Construction,Dark,Signs,50,36,Valid,No,Curve,1
Maharashtra,Pune,2021,August,Thursday,22:52,Fatal,3,Truck,2,2,Rainy,National Highway,Damaged,Dark,No Control,90,62,Expired,No,Bridge,1
Andhra Pradesh,Unknown,2019,September,Wednesday,19:52,Fatal,3,Two-Wheeler,1,1,Rainy,State Highway,Wet,Daylight,Signs,75,45,Valid,No,Intersection,1
Uttar Pradesh,Lucknow,2018,January,Tuesday,00:19,Serious,3,Car,2,0,Clear,State Highway,Dry,Dark,No Control,70,25,Valid,No,Straight Road,1
Tamil Nadu,Madurai,2023,August,Sunday,14:16,Fatal,3,Truck,3,1,Rainy,National Highway,Under Construction,Daylight,Signs,85,18,Expired,No,Bridge,1
Karnataka,Hubballi,2020,July,Sunday,19:42,Fatal,1,Truck,6,2,Rainy,Expressway,Wet,Dusk,Signs,95,34,Valid,No,Straight Road,1
Karnataka,Bengaluru,2021,December,Monday,15:01,Minor,1,Car,2,0,Hazy,Urban Road,Dry,Daylight,Signals,45,45,Valid,No,Curve,0
Maharashtra,Nagpur,2020,September,Friday,10:42,Serious,1,Bus,3,0,Rainy,National Highway,Wet,Daylight,Signals,65,34,Valid,No,Straight Road,1
Maharashtra,Mumbai,2020,November,Tuesday,13:26,Minor,2,Car,1,0,Hazy,State Highway,Dry,Daylight,Signs,55,38,Valid,No,Straight Road,0
Delhi,Unknown,2024,January,Saturday,04:46,Minor,2,Auto-Rickshaw,2,0,Clear,National Highway,Wet,Dark,No Control,100,60,Valid,No,Straight Road,0
Maharashtra,Nagpur,2023,October,Thursday,13:07,Minor,1,Car,4,0,Clear,National Highway,Damaged,Daylight,Signs,65,38,Valid,No,Straight Road,0
Rajasthan,Unknown,2022,May,Monday,01:34,Serious,1,Car,3,0,Clear,Village Road,Under Construction,Dark,No Control,20,61,Valid,Yes,Curve,1
Rajasthan,Unknown,2020,July,Friday,16:32,Serious,3,Car,2,0,Rainy,National Highway,Dry,Daylight,No Control,90,46,Valid,No,Curve,1
Tamil Nadu,Madurai,2023,November,Sunday,11:00,Minor,3,Car,1,0,Clear,Village Road,Under Construction,Daylight,No Control,20,50,Valid,No,Straight Road,0
Gujarat,Unknown,2020,November,Wednesday,07:31,Minor,1,Two-Wheeler,2,0,Clear,Village Road,Dry,Daylight,No Control,30,34,Valid,No,Straight Road,0
Bihar,Unknown,2021,March,Monday,00:39,Minor,3,Car,1,0,Clear,Urban Road,Dry,Dark,Signals,40,36,Unlicensed,No,Intersection,0
Haryana,Unknown,2019,March,Sunday,21:24,Minor,1,Cycle,1,0,Hazy,Urban Road,Dry,Dark,Signals,40,37,Valid,No,Intersection,0
Tamil Nadu,Madurai,2022,September,Tuesday,15:36,Minor,1,Car,1,0,Clear,National Highway,Under Construction,Daylight,Signals,75,36,Valid,No,Curve,0
Tamil Nadu,Unknown,2018,November,Thursday,17:19,Serious,1,Truck,5,0,Clear,Village Road,Dry,Daylight,No Control,20,45,Valid,No,Curve,1
Uttar Pradesh,Lucknow,2023,August,Friday,18:36,Minor,2,Truck,1,0,Stormy,Village Road,Wet,Daylight,No Control,25,52,Valid,No,Straight Road,0
Gujarat,Ahmedabad,2022,January,Tuesday,16:14,Minor,1,Car,3,0,Clear,Urban Road,Dry,Daylight,No Control,50,67,Valid,No,Straight Road,0
Andhra Pradesh,Visakhapatnam,2018,February,Tuesday,12:16,Minor,3,Car,2,0,Clear,National Highway,Dry,Daylight,Signs,65,29,Valid,No,Bridge,0
Uttar Pradesh,Agra,2021,September,Monday,16:04,Fatal,2,Two-Wheeler,4,1,Stormy,National Highway,Wet,Daylight,Signs,70,37,Unlicensed,No,Intersection,1
Tamil Nadu,Unknown,2019,September,Monday,08:05,Serious,2,Two-Wheeler,4,1,Clear,National Highway,Dry,Daylight,Signs,95,49,Valid,No,Straight Road,1
Jharkhand,Unknown,2021,November,Thursday,15:08,Serious,3,Auto-Rickshaw,3,0,Clear,National Highway,Dry,Daylight,No Control,85,38,Valid,No,Intersection,1
Maharashtra,Nashik,2018,July,Saturday,07:11,Serious,2,Two-Wheeler,5,0,Rainy,Urban Road,Wet,Daylight,No Control,45,21,Valid,Yes,Intersection,1
Gujarat,Vadodara,2023,June,Monday,21:43,Minor,3,Car,3,0,Rainy,Village Road,Wet,Dark,No Control,30,47,Valid,No,Straight Road,0
Andhra Pradesh,Visakhapatnam,2021,February,Saturday,14:12,Minor,4,Car,2,0,Hazy,Urban Road,Dry,Daylight,No Control,60,27,Valid,No,Intersection,0
Uttar Pradesh,Agra,2020,October,Thursday,08:21,Minor,1,Two-Wheeler,1,0,Clear,Urban Road,Dry,Dawn,No Control,30,39,Valid,No,Straight Road,0
Maharashtra,Unknown,2024,December,Monday,16:10,Fatal,2,Two-Wheeler,6,1,Foggy,Urban Road,Damaged,Daylight,Signals,55,58,Valid,Yes,Straight Road,1
Uttar Pradesh,Agra,2022,January,Friday,04:25,Serious,3,Cycle,3,0,Foggy,Urban Road,Under Construction,Dusk,No Control,45,45,Valid,No,Straight Road,1
Assam,Guwahati,2022,June,Tuesday,12:14,Minor,1,Two-Wheeler,1,0,Clear,State Highway,Dry,Daylight,No Control,65,45,Valid,No,Straight Road,0
Maharashtra,Nagpur,2019,May,Friday,20:19,Minor,2,Two-Wheeler,1,0,Clear,Village Road,Dry,Dark,Signs,25,55,Expired,No,Curve,0
Uttar Pradesh,Lucknow,2021,September,Wednesday,18:04,Minor,3,Two-Wheeler,3,0,Clear,State Highway,Dry,Dusk,Signs,60,36,Valid,No,Straight Road,0
Maharashtra,Nagpur,2022,October,Friday,17:30,Minor,2,Two-Wheeler,2,0,Stormy,Village Road,Dry,Dusk,No Control,30,41,Valid,No,Bridge,0
Maharashtra,Pune,2024,March,Sunday,13:16,Minor,1,Truck,1,0,Clear,National Highway,Dry,Daylight,Signals,70,35,Unlicensed,No,Straight Road,0
West Bengal,Unknown,2022,December,Tuesday,12:39,Minor,3,Auto-Rickshaw,3,0,Clear,Urban Road,Dry,Daylight,No Control,40,46,Valid,No,Intersection,0
Uttar Pradesh,Kanpur,2019,February,Sunday,00:59,Serious,2,Two-Wheeler,5,0,Hazy,Urban Road,Dry,Dark,Signs,60,21,Valid,No,Bridge,1
Madhya Pradesh,Bhopal,2022,October,Tuesday,16:29,Minor,2,Car,2,0,Clear,State Highway,Dry,Daylight,Signs,75,26,Valid,No,Straight Road,0
Madhya Pradesh,Indore,2018,September,Monday,15:30,Serious,1,Truck,5,0,Rainy,State Highway,Wet,Dawn,Signs,70,37,Valid,No,Straight Road,1
Haryana,Unknown,2020,February,Tuesday,00:49,Fatal,4,Two-Wheeler,5,1,Rainy,National Highway,Wet,Dark,No Control,70,44,Valid,No,Bridge,1
Maharashtra,Unknown,2024,September,Saturday,06:20,Fatal,4,Two-Wheeler,4,2,Rainy,Urban Road,Wet,Dark,Signs,55,60,Valid,No,Intersection,1
Delhi,New Delhi,2023,April,Friday,00:08,Minor,2,Car,1,0,Clear,State Highway,Dry,Dark,Signs,75,26,Unlicensed,No,Straight Road,0
West Bengal,Siliguri,2024,April,Sunday,08:43,Minor,4,Truck,1,0,Clear,Urban Road,Dry,Daylight,Signals,60,36,Valid,No,Straight Road,0
Uttar Pradesh,Agra,2020,February,Saturday,00:38,Minor,1,Tractor,1,0,Clear,Village Road,Dry,Dark,No Control,35,40,Valid,No,Straight Road,0
Bihar,Patna,2022,September,Thursday,12:28,Serious,3,Car,2,0,Rainy,Urban Road,Wet,Daylight,No Control,35,23,Unlicensed,No,Curve,1
Delhi,Unknown,2022,October,Sunday,13:23,Minor,1,Two-Wheeler,2,0,Clear,Village Road,Dry,Daylight,No Control,25,28,Valid,No,Curve,0
Tamil Nadu,Madurai,2019,July,Sunday,12:01,Fatal,1,Truck,2,1,Clear,National Highway,Dry,Daylight,No Control,95,18,Valid,No,Straight Road,1
Assam,Guwahati,2024,October,Saturday,07:33,Serious,2,Two-Wheeler,2,0,Hazy,State Highway,Dry,Daylight,No Control,55,44,Valid,No,Straight Road,1
Gujarat,Ahmedabad,2024,May,Friday,14:32,Serious,2,Two-Wheeler,2,0,Clear,National Highway,Dry,Daylight,No Control,90,27,Valid,No,Straight Road,1
West Bengal,Unknown,2018,July,Saturday,19:30,Minor,3,Two-Wheeler,1,0,Rainy,Village Road,Under Construction,Dusk,No Control,30,52,Valid,No,Intersection,0
Jammu and Kashmir,Srinagar,2023,October,Tuesday,09:18,Minor,1,Two-Wheeler,2,0,Clear,Urban Road,Dry,Daylight,Signs,45,42,Valid,No,Intersection,0
Karnataka,Bengaluru,2021,June,Sunday,09:09,Minor,5,Car,2,0,Rainy,Village Road,Wet,Daylight,Signs,25,35,Valid,No,Straight Road,0
Punjab,Unknown,2022,August,Sunday,14:34,Serious,2,Two-Wheeler,4,1,Rainy,Urban Road,Dry,Daylight,No Control,60,28,Valid,No,Intersection,1
Tamil Nadu,Madurai,2021,February,Friday,08:37,Minor,1,Auto-Rickshaw,1,0,Clear,National Highway,Dry,Daylight,Signs,70,42,Valid,No,Curve,0
Punjab,Amritsar,2019,July,Tuesday,10:10,Fatal,2,Two-Wheeler,5,3,Rainy,State Highway,Wet,Daylight,Signs,65,34,Expired,No,Intersection,1
West Bengal,Kolkata,2018,November,Tuesday,12:07,Minor,4,Truck,2,0,Clear,Urban Road,Dry,Daylight,Signs,45,43,Valid,No,Intersection,0
Uttar Pradesh,Agra,2021,October,Sunday,11:28,Serious,1,Truck,5,0,Hazy,National Highway,Dry,Daylight,Signals,75,51,Unlicensed,No,Straight Road,1
Karnataka,Bengaluru,2023,April,Sunday,19:02,Minor,1,Tractor,2,0,Hazy,Urban Road,Dry,Daylight,Signals,35,28,Unlicensed,No,Straight Road,0
Tamil Nadu,Coimbatore,2023,July,Saturday,20:11,Minor,2,Car,1,0,Clear,Village Road,Dry,Dark,No Control,25,32,Valid,No,Straight Road,0
Maharashtra,Nagpur,2019,August,Sunday,11:38,Fatal,6,Bus,1,1,Rainy,State Highway,Wet,Daylight,Signs,70,52,Valid,No,Straight Road,1
Maharashtra,Nashik,2024,December,Thursday,12:17,Minor,1,Two-Wheeler,1,0,Hazy,Urban Road,Under Construction,Daylight,Signals,50,54,Valid,No,Intersection,0
Karnataka,Hubballi,2020,October,Sunday,22:27,Minor,2,Two-Wheeler,4,0,Clear,Urban Road,Dry,Dusk,Signs,35,25,Valid,Yes,Intersection,0
Maharashtra,Pune,2021,October,Tuesday,14:41,Serious,4,Car,3,0,Clear,National Highway,Dry,Daylight,Signals,90,27,Valid,No,Straight Road,1
Uttar Pradesh,Lucknow,2020,October,Tuesday,23:10,Fatal,2,Truck,4,1,Hazy,State Highway,Dry,Dark,Signs,70,27,Valid,No,Intersection,1
Kerala,Kochi,2021,May,Thursday,18:13,Minor,2,Two-Wheeler,3,0,Clear,Urban Road,Under Construction,Daylight,Signals,35,40,Valid,No,Intersection,0
Andhra Pradesh,Visakhapatnam,2021,May,Wednesday,08:17,Serious,3,Two-Wheeler,2,0,Clear,Urban Road,Dry,Daylight,Police Checkpost,40,20,Valid,Yes,Intersection,1
Kerala,Kozhikode,2022,June,Thursday,08:25,Minor,2,Two-Wheeler,3,0,Clear,State Highway,Dry,Daylight,Signs,60,37,Valid,No,Curve,0
Tamil Nadu,Chennai,2021,June,Saturday,07:33,Serious,3,Car,3,0,Rainy,National Highway,Wet,Daylight,No Control,80,37,Valid,No,Intersection,1
Odisha,Cuttack,2021,December,Monday,19:04,Minor,2,Two-Wheeler,2,0,Foggy,National Highway,Dry,Dusk,Police Checkpost,60,30,Valid,No,Curve,0
Madhya Pradesh,Indore,2022,November,Saturday,09:28,Minor,3,Bus,4,0,Clear,Urban Road,Under Construction,Daylight,No Control,60,38,Valid,No,Intersection,0
Maharashtra,Nagpur,2020,November,Monday,17:41,Serious,1,Truck,3,0,Rainy,State Highway,Dry,Dusk,Signs,65,38,Valid,No,Straight Road,1
Uttar Pradesh,Unknown,2021,August,Sunday,14:51,Minor,1,Cycle,1,0,Rainy,Urban Road,Wet,Daylight,No Control,50,33,Valid,No,Straight Road,0
Andhra Pradesh,Unknown,2018,March,Tuesday,19:32,Fatal,2,Tractor,3,1,Clear,National Highway,Dry,Dusk,Signs,85,57,Unlicensed,No,Straight Road,1
Uttar Pradesh,Agra,2024,February,Saturday,18:37,Minor,2,Two-Wheeler,2,0,Clear,Urban Road,Dry,Daylight,Signals,40,32,Unlicensed,No,Intersection,0
Rajasthan,Unknown,2018,April,Friday,03:48,Serious,1,Two-Wheeler,3,0,Clear,State Highway,Dry,Dark,Signs,75,38,Valid,Yes,Curve,1
Goa,Panaji,2024,August,Wednesday,10:43,Minor,1,Two-Wheeler,2,0,Clear,National Highway,Dry,Daylight,Police Checkpost,70,30,Unlicensed,No,Curve,0
Maharashtra,Nashik,2023,May,Wednesday,14:32,Minor,3,Auto-Rickshaw,1,0,Clear,Urban Road,Dry,Daylight,Signs,30,49,Valid,No,Intersection,0
Maharashtra,Nagpur,2024,August,Monday,19:33,Serious,1,Two-Wheeler,4,0,Hazy,Urban Road,Dry,Dark,Signs,45,23,Valid,No,Straight Road,1
Goa,Panaji,2018,November,Wednesday,18:59,Minor,5,Car,1,0,Clear,Village Road,Dry,Dusk,Signs,20,39,Valid,No,Curve,0
Madhya Pradesh,Bhopal,2019,May,Tuesday,15:45,Fatal,1,Two-Wheeler,2,2,Rainy,Expressway,Wet,Daylight,Signs,110,26,Valid,No,Straight Road,1
Maharashtra,Unknown,2018,December,Tuesday,19:14,Serious,1,Car,4,0,Foggy,State Highway,Dry,Dusk,Signs,50,18,Valid,No,Curve,1
Odisha,Bhubaneswar,2020,July,Saturday,12:27,Minor,2,Two-Wheeler,1,0,Clear,Urban Road,Under Construction,Daylight,Police Checkpost,35,29,Valid,No,Straight Road,0
Odisha,Cuttack,2024,October,Tuesday,02:44,Fatal,2,Truck,4,1,Hazy,Urban Road,Under Construction,Dark,Signs,60,29,Valid,Yes,Straight Road,1
Rajasthan,Jodhpur,2023,January,Tuesday,20:31,Minor,1,Car,1,0,Foggy,Urban Road,Dry,Dark,Signals,35,43,Valid,No,Intersection,0
West Bengal,Durgapur,2022,April,Wednesday,14:25,Minor,2,Tractor,1,0,Hazy,National Highway,Dry,Daylight,Police Checkpost,80,27,Valid,No,Straight Road,0
Tamil Nadu,Coimbatore,2023,December,Thursday,19:36,Fatal,1,Tractor,2,1,Foggy,Urban Road,Dry,Dusk,Signs,55,18,Unlicensed,No,Straight Road,1
Maharashtra,Pune,2018,November,Thursday,11:22,Fatal,1,Bus,3,1,Clear,Expressway,Dry,Daylight,Signs,90,18,Expired,No,Straight Road,1
Madhya Pradesh,Gwalior,2023,July,Friday,15:40,Fatal,2,Two-Wheeler,1,1,Clear,National Highway,Damaged,Daylight,No Control,70,39,Valid,Yes,Straight Road,1
Tamil Nadu,Chennai,2020,January,Friday,10:43,Minor,2,Two-Wheeler,1,0,Clear,State Highway,Dry,Daylight,Signs,50,43,Valid,No,Bridge,0
Telangana,Warangal,2022,January,Thursday,11:53,Serious,2,Two-Wheeler,2,0,Foggy,National Highway,Dry,Daylight,Signs,90,39,Valid,No,Straight Road,1
Haryana,Gurugram,2023,June,Wednesday,06:57,Serious,3,Truck,4,0,Hazy,State Highway,Dry,Daylight,No Control,50,32,Valid,Yes,Curve,1
Maharashtra,Mumbai,2022,November,Wednesday,18:42,Serious,3,Two-Wheeler,3,0,Hazy,Urban Road,Under Construction,Dusk,Signs,60,41,Valid,No,Intersection,1
Madhya Pradesh,Bhopal,2020,May,Saturday,09:45,Serious,2,Two-Wheeler,2,0,Hazy,State Highway,Dry,Daylight,Signs,70,18,Valid,No,Intersection,1
Uttar Pradesh,Kanpur,2022,November,Wednesday,09:46,Minor,2,Two-Wheeler,3,0,Clear,Urban Road,Under Construction,Daylight,Police Checkpost,40,18,Valid,No,Straight Road,0
Delhi,New Delhi,2021,July,Sunday,10:19,Fatal,1,Two-Wheeler,2,1,Clear,Village Road,Damaged,Daylight,No Control,30,20,Valid,Yes,Straight Road,1
Tamil Nadu,Chennai,2022,February,Friday,12:54,Minor,1,Car,2,0,Hazy,National Highway,Dry,Daylight,Signs,80,35,Valid,No,Straight Road,0
West Bengal,Unknown,2021,July,Friday,15:30,Minor,3,Car,2,0,Clear,Urban Road,Dry,Daylight,No Control,50,46,Valid,No,Intersection,0
Madhya Pradesh,Gwalior,2020,May,Thursday,17:52,Minor,4,Two-Wheeler,1,0,Clear,Urban Road,Dry,Dusk,Signs,40,25,Valid,No,Straight Road,0
Karnataka,Bengaluru,2019,March,Sunday,17:13,Minor,3,Cycle,1,0,Clear,Urban Road,Dry,Dusk,Signals,35,26,Valid,No,Straight Road,0
Telangana,Warangal,2020,September,Thursday,12:18,Minor,1,Car,2,0,Hazy,State Highway,Dry,Daylight,Signs,55,45,Valid,No,Intersection,0
Kerala,Kochi,2023,March,Thursday,13:37,Minor,3,Two-Wheeler,2,0,Hazy,Village Road,Under Construction,Daylight,No Control,30,32,Valid,No,Straight Road,0
Madhya Pradesh,Bhopal,2024,November,Sunday,06:34,Fatal,3,Auto-Rickshaw,4,2,Clear,State Highway,Dry,Dark,No Control,65,39,Valid,Yes,Intersection,1
Bihar,Gaya,2018,October,Friday,14:24,Serious,2,Car,2,0,Rainy,National Highway,Wet,Daylight,Signs,85,38,Valid,No,Straight Road,1
Jammu and Kashmir,Jammu,2019,October,Thursday,20:13,Fatal,3,Car,6,2,Hazy,National Highway,Dry,Dark,Signals,95,22,Valid,No,Intersection,1
Karnataka,Unknown,2021,January,Tuesday,13:13,Minor,1,Truck,3,0,Foggy,Village Road,Dry,Daylight,No Control,25,59,Valid,No,Straight Road,0
Rajasthan,Jaipur,2022,December,Tuesday,22:43,Fatal,2,Two-Wheeler,2,1,Clear,National Highway,Dry,Dark,No Control,70,26,Valid,Yes,Intersection,1
Maharashtra,Unknown,2019,June,Saturday,06:01,Fatal,1,Bus,3,1,Rainy,State Highway,Wet,Daylight,No Control,60,60,Valid,No,Straight Road,1
Punjab,Ludhiana,2020,September,Wednesday,18:07,Serious,4,Two-Wheeler,2,0,Rainy,Urban Road,Wet,Dark,Signs,35,44,Valid,No,Straight Road,1
Rajasthan,Jodhpur,2018,March,Monday,17:55,Minor,1,Two-Wheeler,3,0,Clear,Urban Road,Dry,Daylight,Signs,35,40,Valid,No,Straight Road,0
Karnataka,Bengaluru,2018,October,Monday,17:58,Minor,2,Car,1,0,Clear,Urban Road,Dry,Dusk,Signals,55,19,Valid,No,Straight Road,0
Maharashtra,Mumbai,2019,April,Sunday,17:04,Serious,3,Auto-Rickshaw,2,0,Clear,State Highway,Dry,Dark,No Control,70,41,Valid,No,Bridge,1
Odisha,Bhubaneswar,2023,September,Friday,00:08,Fatal,3,Truck,1,1,Rainy,Urban Road,Wet,Dark,Signals,55,36,Expired,Yes,Straight Road,1
Karnataka,Unknown,2024,April,Thursday,18:19,Serious,2,Cycle,2,0,Clear,National Highway,Damaged,Dusk,Signals,85,34,Valid,No,Straight Road,1
Andhra Pradesh,Visakhapatnam,2021,December,Sunday,13:35,Serious,2,Two-Wheeler,2,0,Hazy,State Highway,Dry,Daylight,No Control,75,21,Valid,No,Straight Road,1
Uttar Pradesh,Agra,2019,September,Wednesday,14:11,Serious,3,Cycle,4,0,Clear,National Highway,Dry,Daylight,No Control,75,48,Valid,No,Straight Road,1
Chhattisgarh,Raipur,2024,June,Saturday,02:58,Fatal,6,Two-Wheeler,4,2,Rainy,State Highway,Damaged,Dark,No Control,75,48,Valid,No,Straight Road,1
Uttar Pradesh,Unknown,2019,June,Saturday,07:29,Serious,2,Two-Wheeler,3,1,Foggy,National Highway,Dry,Daylight,Police Checkpost,80,18,Expired,No,Straight Road,1
Uttar Pradesh,Varanasi,2019,January,Thursday,21:32,Serious,3,Car,5,0,Hazy,Urban Road,Dry,Dark,No Control,30,30,Valid,No,Straight Road,1
Delhi,New Delhi,2018,April,Saturday,09:11,Serious,2,Two-Wheeler,4,0,Clear,National Highway,Dry,Daylight,Signals,65,34,Valid,Yes,Bridge,1
Assam,Guwahati,2020,October,Sunday,11:18,Serious,2,Two-Wheeler,2,0,Hazy,State Highway,Dry,Daylight,Police Checkpost,65,41,Valid,Yes,Straight Road,1
Uttar Pradesh,Varanasi,2023,October,Tuesday,07:44,Fatal,2,Truck,2,2,Rainy,National Highway,Wet,Dawn,Signals,90,39,Valid,No,Intersection,1
Gujarat,Unknown,2020,December,Monday,16:37,Minor,1,Car,2,0,Hazy,State Highway,Damaged,Daylight,Signs,55,36,Expired,No,Intersection,0
Kerala,Thiruvananthapuram,2021,February,Saturday,18:13,Minor,2,Cycle,3,0,Clear,Village Road,Dry,Dusk,No Control,35,43,Valid,No,Curve,0
Delhi,New Delhi,2020,April,Thursday,21:26,Minor,2,Tractor,2,0,Clear,State Highway,Dry,Dark,Signs,75,59,Valid,No,Curve,0
Karnataka,Mysuru,2024,October,Friday,15:11,Minor,2,Cycle,2,0,Clear,Urban Road,Dry,Daylight,Signs,35,33,Valid,No,Straight Road,0
Rajasthan,Unknown,2022,May,Tuesday,09:24,Minor,2,Car,1,0,Clear,State Highway,Dry,Daylight,No Control,65,49,Valid,No,Straight Road,0
Kerala,Thiruvananthapuram,2022,March,Saturday,03:13,Fatal,4,Two-Wheeler,1,1,Clear,National Highway,Dry,Dark,Signs,95,58,Valid,No,Bridge,1
Kerala,Thiruvananthapuram,2021,April,Saturday,08:58,Minor,1,Tractor,3,0,Clear,State Highway,Damaged,Daylight,Signs,60,55,Valid,No,Straight Road,0
Bihar,Patna,2021,December,Sunday,16:17,Minor,3,Two-Wheeler,3,0,Hazy,State Highway,Dry,Daylight,Signs,60,45,Valid,No,Straight Road,0
Madhya Pradesh,Bhopal,2024,November,Thursday,23:28,Minor,2,Two-Wheeler,2,0,Clear,Urban Road,Dry,Dark,No Control,45,45,Expired,No,Straight Road,0
Maharashtra,Unknown,2022,January,Sunday,04:38,Fatal,3,Truck,5,3,Foggy,National Highway,Dry,Dark,Signs,80,42,Valid,No,Straight Road,1
Odisha,Cuttack,2023,November,Thursday,11:02,Serious,3,Truck,2,0,Clear,Expressway,Dry,Daylight,Signs,95,57,Valid,No,Straight Road,1
Delhi,New Delhi,2018,July,Friday,17:12,Serious,3,Two-Wheeler,2,0,Rainy,Urban Road,Wet,Daylight,Signs,45,32,Valid,No,Intersection,1
Punjab,Ludhiana,2024,November,Friday,15:59,Serious,5,Two-Wheeler,3,0,Clear,State Highway,Dry,Daylight,No Control,60,33,Unlicensed,No,Straight Road,1
Maharashtra,Nagpur,2024,August,Thursday,17:41,Fatal,4,Two-Wheeler,3,1,Hazy,Expressway,Dry,Dusk,Signs,110,29,Unlicensed,No,Straight Road,1
Uttar Pradesh,Varanasi,2022,September,Friday,13:14,Serious,2,Two-Wheeler,4,0,Rainy,National Highway,Dry,Daylight,Signs,85,66,Unlicensed,No,Straight Road,1
Kerala,Unknown,2024,July,Tuesday,08:25,Minor,2,Two-Wheeler,2,0,Clear,Urban Road,Dry,Daylight,Signals,35,55,Expired,No,Intersection,0
Maharashtra,Nashik,2021,September,Wednesday,13:51,Minor,3,Cycle,1,0,Clear,State Highway,Dry,Daylight,Signs,75,30,Valid,No,Curve,0
Himachal Pradesh,Shimla,2019,October,Saturday,11:11,Serious,2,Bus,7,0,Clear,Urban Road,Dry,Daylight,No Control,35,23,Expired,No,Intersection,1
Karnataka,Bengaluru,2022,July,Monday,17:17,Fatal,1,Two-Wheeler,3,2,Rainy,National Highway,Wet,Daylight,No Control,80,35,Valid,Yes,Curve,1
Andhra Pradesh,Visakhapatnam,2022,February,Saturday,07:14,Serious,3,Two-Wheeler,3,0,Stormy,Village Road,Wet,Daylight,No Control,40,38,Valid,No,Intersection,1
Odisha,Cuttack,2019,February,Wednesday,13:39,Minor,2,Tractor,2,0,Clear,State Highway,Dry,Daylight,Signs,70,40,Valid,No,Curve,0
Karnataka,Hubballi,2019,May,Wednesday,22:31,Serious,5,Truck,4,0,Clear,Urban Road,Dry,Dark,No Control,60,19,Valid,Yes,Intersection,1
Tamil Nadu,Madurai,2020,June,Saturday,14:30,Minor,2,Car,2,0,Rainy,Village Road,Under Construction,Daylight,Signs,30,28,Valid,No,Curve,0
West Bengal,Kolkata,2021,November,Tuesday,08:22,Minor,2,Tractor,2,0,Clear,National Highway,Dry,Daylight,Signs,90,52,Valid,No,Straight Road,0
Madhya Pradesh,Indore,2019,January,Sunday,21:19,Serious,1,Tractor,2,0,Clear,Expressway,Under Construction,Dark,Signs,100,44,Valid,No,Bridge,1
Karnataka,Hubballi,2023,November,Sunday,08:30,Minor,3,Two-Wheeler,1,0,Rainy,Urban Road,Damaged,Daylight,No Control,35,29,Unlicensed,No,Intersection,0
West Bengal,Durgapur,2018,January,Thursday,18:47,Minor,2,Truck,1,0,Foggy,Urban Road,Dry,Dusk,No Control,35,49,Valid,No,Intersection,0
Jharkhand,Jamshedpur,2024,June,Thursday,05:48,Serious,5,Truck,2,1,Rainy,Urban Road,Wet,Dark,Signs,45,49,Valid,No,Intersection,1
Gujarat,Unknown,2022,June,Monday,20:47,Minor,2,Auto-Rickshaw,1,0,Hazy,Village Road,Dry,Dark,No Control,20,64,Valid,No,Bridge,0
Uttar Pradesh,Lucknow,2020,July,Saturday,07:02,Minor,2,Car,2,0,Clear,Village Road,Dry,Daylight,No Control,30,34,Unlicensed,No,Straight Road,0
Karnataka,Mysuru,2020,January,Tuesday,11:29,Minor,2,Truck,1,0,Clear,State Highway,Under Construction,Daylight,Signs,65,29,Valid,No,Straight Road,0
Karnataka,Mysuru,2022,October,Sunday,22:23,Minor,2,Two-Wheeler,2,0,Clear,Urban Road,Dry,Dusk,Signals,30,35,Valid,Yes,Intersection,0
Uttar Pradesh,Kanpur,2018,February,Sunday,15:56,Fatal,3,Car,3,1,Clear,Expressway,Dry,Daylight,Signs,115,48,Valid,No,Bridge,1
Uttar Pradesh,Lucknow,2023,October,Monday,08:24,Minor,2,Car,2,0,Clear,Urban Road,Dry,Dawn,No Control,30,22,Expired,No,Intersection,0
Andhra Pradesh,Visakhapatnam,2021,July,Saturday,00:14,Fatal,2,Two-Wheeler,2,1,Stormy,Expressway,Wet,Dawn,Signs,90,37,Valid,No,Bridge,1
Karnataka,Bengaluru,2019,November,Thursday,00:15,Fatal,2,Bus,3,1,Foggy,Urban Road,Dry,Dark,Signals,55,37,Unlicensed,Yes,Bridge,1
Chhattisgarh,Bilaspur,2024,December,Friday,09:11,Minor,2,Car,1,0,Foggy,State Highway,Dry,Daylight,No Control,50,53,Valid,No,Curve,0
Tamil Nadu,Chennai,2022,November,Tuesday,14:26,Minor,1,Auto-Rickshaw,3,0,Rainy,Village Road,Wet,Daylight,No Control,20,31,Valid,No,Straight Road,0
Maharashtra,Nagpur,2019,June,Saturday,13:15,Minor,4,Bus,1,0,Rainy,Urban Road,Wet,Daylight,Signals,55,35,Valid,No,Bridge,0
Kerala,Thiruvananthapuram,2022,May,Tuesday,21:33,Fatal,1,Car,2,1,Clear,National Highway,Dry,Dark,No Control,70,43,Unlicensed,Yes,Straight Road,1
Odisha,Bhubaneswar,2020,August,Sunday,18:13,Fatal,2,Truck,2,1,Clear,National Highway,Dry,Daylight,Police Checkpost,95,30,Expired,No,Straight Road,1
Tamil Nadu,Chennai,2023,August,Thursday,21:35,Fatal,3,Auto-Rickshaw,2,1,Rainy,State Highway,Wet,Dusk,No Control,55,27,Unlicensed,No,Curve,1
Uttar Pradesh,Kanpur,2021,October,Friday,14:36,Minor,1,Two-Wheeler,1,0,Clear,Urban Road,Dry,Daylight,Police Checkpost,35,59,Valid,No,Straight Road,0
Uttar Pradesh,Agra,2024,June,Sunday,12:40,Minor,1,Truck,1,0,Clear,Urban Road,Dry,Daylight,No Control,45,44,Valid,No,Bridge,0
Rajasthan,Unknown,2024,June,Saturday,15:52,Minor,2,Cycle,2,0,Hazy,Village Road,Dry,Daylight,Signs,40,52,Valid,No,Bridge,0
Gujarat,Surat,2018,February,Friday,11:04,Serious,3,Two-Wheeler,4,0,Clear,National Highway,Dry,Daylight,No Control,90,46,Valid,No,Straight Road,1
Tamil Nadu,Coimbatore,2020,March,Thursday,08:03,Minor,2,Car,1,0,Hazy,National Highway,Dry,Daylight,Signs,85,36,Valid,No,Straight Road,0
Maharashtra,Nashik,2019,October,Thursday,19:27,Minor,3,Two-Wheeler,2,0,Clear,State Highway,Dry,Dark,Police Checkpost,55,30,Valid,No,Bridge,0
Gujarat,Unknown,2021,December,Wednesday,17:30,Minor,1,Car,1,0,Foggy,Urban Road,Dry,Dusk,Signs,30,30,Valid,No,Intersection,0
Chhattisgarh,Bilaspur,2019,August,Sunday,10:45,Minor,2,Auto-Rickshaw,3,0,Rainy,Village Road,Wet,Daylight,No Control,35,28,Valid,No,Curve,0
Telangana,Hyderabad,2021,May,Tuesday,12:13,Minor,2,Two-Wheeler,1,0,Clear,Village Road,Dry,Daylight,No Control,20,28,Expired,No,Straight Road,0
Rajasthan,Jaipur,2019,January,Thursday,08:27,Minor,2,Two-Wheeler,2,0,Clear,National Highway,Dry,Daylight,Signs,65,28,Valid,No,Straight Road,0
Maharashtra,Mumbai,2022,January,Saturday,15:36,Minor,3,Two-Wheeler,1,0,Foggy,Urban Road,Dry,Daylight,Signals,45,46,Valid,No,Straight Road,0
Tamil Nadu,Chennai,2021,September,Wednesday,10:39,Minor,2,Bus,1,0,Rainy,Urban Road,Damaged,Daylight,Police Checkpost,40,25,Expired,No,Straight Road,0
Tamil Nadu,Unknown,2024,August,Sunday,20:32,Serious,2,Two-Wheeler,4,0,Rainy,Village Road,Under Construction,Dark,No Control,35,54,Valid,No,Bridge,1
Bihar,Unknown,2024,April,Tuesday,14:35,Minor,2,Car,3,0,Clear,Urban Road,Wet,Daylight,Signs,35,46,Valid,No,Curve,0
Delhi,New Delhi,2022,March,Monday,12:09,Minor,5,Truck,1,0,Clear,Urban Road,Dry,Daylight,Signs,50,45,Valid,No,Straight Road,0
Odisha,Bhubaneswar,2021,January,Friday,18:27,Minor,3,Car,1,0,Clear,Urban Road,Dry,Dusk,Signals,45,40,Valid,No,Intersection,0
Jammu and Kashmir,Jammu,2023,September,Thursday,21:32,Fatal,1,Cycle,3,1,Stormy,State Highway,Damaged,Dark,No Control,55,42,Valid,No,Curve,1
Jammu and Kashmir,Srinagar,2022,August,Sunday,19:04,Serious,3,Truck,2,0,Clear,Urban Road,Dry,Dark,Signs,60,32,Valid,No,Intersection,1
Chhattisgarh,Unknown,2018,April,Thursday,13:58,Serious,2,Two-Wheeler,2,0,Clear,Urban Road,Wet,Daylight,No Control,55,27,Valid,No,Straight Road,1
Maharashtra,Unknown,2020,September,Tuesday,10:37,Minor,1,Auto-Rickshaw,1,0,Rainy,Village Road,Wet,Daylight,No Control,35,32,Unlicensed,No,Bridge,0
Uttar Pradesh,Kanpur,2024,November,Wednesday,17:43,Minor,2,Car,1,0,Hazy,National Highway,Dry,Dusk,Signals,80,21,Valid,No,Straight Road,0
Tamil Nadu,Madurai,2020,July,Wednesday,19:32,Minor,4,Tractor,2,0,Clear,Village Road,Dry,Dusk,No Control,25,42,Valid,No,Straight Road,0
Madhya Pradesh,Indore,2018,April,Friday,23:55,Serious,3,Tractor,3,0,Clear,National Highway,Dry,Dark,Signals,85,25,Valid,No,Curve,1
Maharashtra,Unknown,2023,January,Wednesday,13:00,Minor,1,Two-Wheeler,1,0,Foggy,Urban Road,Dry,Daylight,Signals,60,45,Valid,No,Intersection,0
Haryana,Faridabad,2024,October,Friday,17:57,Minor,3,Two-Wheeler,1,0,Clear,Village Road,Wet,Daylight,Signs,25,45,Valid,No,Straight Road,0
West Bengal,Kolkata,2022,July,Sunday,09:12,Serious,1,Truck,4,0,Clear,National Highway,Dry,Daylight,Signs,85,40,Valid,No,Curve,1
Madhya Pradesh,Indore,2022,May,Thursday,04:53,Serious,2,Two-Wheeler,2,0,Hazy,Urban Road,Dry,Dark,No Control,55,31,Expired,No,Intersection,1
Uttar Pradesh,Agra,2020,January,Friday,08:03,Minor,1,Car,2,0,Foggy,Urban Road,Dry,Daylight,Signs,45,27,Valid,No,Straight Road,0
Tamil Nadu,Unknown,2020,October,Tuesday,00:18,Minor,3,Tractor,4,0,Clear,Village Road,Dry,Dark,Signs,20,28,Valid,No,Intersection,0
Uttar Pradesh,Lucknow,2024,December,Saturday,14:34,Serious,1,Car,3,0,Foggy,National Highway,Under Construction,Daylight,Signs,95,26,Valid,No,Straight Road,1
Delhi,New Delhi,2024,June,Wednesday,11:39,Minor,1,Two-Wheeler,2,0,Rainy,Village Road,Wet,Daylight,No Control,20,37,Valid,No,Curve,0
Madhya Pradesh,Bhopal,2021,April,Friday,17:00,Serious,2,Two-Wheeler,5,0,Clear,Expressway,Dry,Daylight,Signs,110,36,Valid,No,Straight Road,1
Kerala,Kozhikode,2020,August,Wednesday,16:21,Minor,3,Truck,2,0,Clear,Urban Road,Dry,Daylight,No Control,45,60,Valid,No,Straight Road,0
Tamil Nadu,Chennai,2019,November,Monday,07:50,Minor,1,Cycle,2,0,Clear,State Highway,Dry,Daylight,Signs,70,59,Valid,No,Bridge,0
Karnataka,Mangaluru,2018,August,Wednesday,17:10,Minor,1,Cycle,1,0,Rainy,Urban Road,Dry,Dusk,Police Checkpost,50,55,Unlicensed,No,Curve,0
Karnataka,Bengaluru,2021,January,Tuesday,07:56,Fatal,2,Two-Wheeler,2,1,Foggy,National Highway,Dry,Daylight,Signals,70,35,Unlicensed,Yes,Straight Road,1
Bihar,Patna,2021,March,Sunday,00:42,Serious,1,Two-Wheeler,3,0,Clear,Urban Road,Damaged,Dark,Police Checkpost,30,20,Expired,No,Straight Road,1
Bihar,Patna,2022,February,Wednesday,22:58,Fatal,3,Tractor,2,1,Clear,National Highway,Dry,Dark,No Control,65,39,Unlicensed,Yes,Straight Road,1
Uttar Pradesh,Agra,2023,May,Sunday,01:54,Minor,1,Tractor,3,0,Hazy,State Highway,Dry,Dark,Signs,55,34,Valid,No,Straight Road,0
Jharkhand,Ranchi,2020,June,Thursday,10:13,Serious,3,Two-Wheeler,3,0,Rainy,National Highway,Wet,Daylight,Signs,95,37,Valid,No,Straight Road,1
Maharashtra,Unknown,2019,July,Tuesday,16:56,Minor,3,Two-Wheeler,1,0,Clear,Urban Road,Dry,Daylight,Signs,30,42,Valid,No,Intersection,0
Odisha,Cuttack,2023,October,Wednesday,11:29,Minor,2,Car,2,0,Clear,Urban Road,Dry,Daylight,Signals,50,45,Valid,No,Straight Road,0
Maharashtra,Unknown,2023,February,Tuesday,11:15,Minor,2,Two-Wheeler,2,0,Foggy,Urban Road,Dry,Daylight,Signs,40,18,Valid,No,Straight Road,0
Tamil Nadu,Coimbatore,2021,December,Saturday,18:53,Serious,1,Truck,6,0,Clear,National Highway,Dry,Dusk,Police Checkpost,90,53,Unlicensed,No,Straight Road,1
Haryana,Unknown,2018,April,Monday,16:28,Minor,3,Two-Wheeler,1,0,Clear,State Highway,Dry,Daylight,Signs,65,48,Valid,No,Intersection,0
Uttar Pradesh,Agra,2021,July,Sunday,14:41,Fatal,3,Bus,3,1,Rainy,State Highway,Wet,Daylight,Signs,70,30,Valid,No,Intersection,1
Karnataka,Unknown,2022,March,Monday,20:36,Fatal,1,Two-Wheeler,5,2,Hazy,Urban Road,Dry,Dark,Signals,55,48,Valid,Yes,Straight Road,1
Gujarat,Unknown,2024,May,Wednesday,05:17,Serious,1,Two-Wheeler,3,0,Rainy,National Highway,Wet,Daylight,No Control,95,34,Valid,No,Straight Road,1
Tamil Nadu,Madurai,2021,October,Tuesday,13:58,Serious,3,Two-Wheeler,2,1,Clear,Urban Road,Dry,Daylight,No Control,55,37,Valid,No,Intersection,1
Andhra Pradesh,Visakhapatnam,2021,January,Saturday,08:50,Serious,2,Two-Wheeler,3,0,Stormy,State Highway,Wet,Dawn,No Control,60,35,Valid,No,Straight Road,1
Delhi,New Delhi,2020,June,Thursday,01:31,Minor,3,Truck,1,0,Clear,Village Road,Under Construction,Dark,Signs,40,28,Valid,No,Straight Road,0
Delhi,New Delhi,2020,August,Sunday,23:34,Fatal,4,Two-Wheeler,4,1,Stormy,State Highway,Wet,Dark,Signs,60,22,Valid,No,Bridge,1
Karnataka,Unknown,2018,July,Wednesday,18:04,Serious,1,Two-Wheeler,3,0,Clear,National Highway,Dry,Dusk,Signals,85,70,Valid,No,Straight Road,1
Rajasthan,Udaipur,2018,May,Monday,08:43,Fatal,2,Bus,2,1,Rainy,National Highway,Wet,Daylight,No Control,70,45,Valid,Yes,Straight Road,1
Tamil Nadu,Madurai,2023,May,Saturday,11:54,Serious,1,Car,2,0,Rainy,National Highway,Wet,Daylight,Signals,90,39,Valid,No,Straight Road,1
Tamil Nadu,Coimbatore,2020,November,Friday,08:58,Serious,2,Car,3,0,Hazy,National Highway,Dry,Dawn,Signals,65,59,Unlicensed,No,Curve,1
Uttar Pradesh,Agra,2023,March,Saturday,17:33,Fatal,4,Two-Wheeler,2,1,Clear,Urban Road,Under Construction,Daylight,No Control,60,18,Unlicensed,No,Curve,1
Jharkhand,Ranchi,2020,June,Thursday,10:59,Minor,3,Tractor,1,0,Clear,Urban Road,Dry,Daylight,Signs,45,34,Valid,Yes,Intersection,0
Odisha,Unknown,2024,May,Saturday,21:47,Fatal,2,Tractor,3,2,Clear,National Highway,Dry,Dark,Signals,95,30,Valid,Yes,Intersection,1
Bihar,Patna,2019,October,Tuesday,07:30,Minor,1,Two-Wheeler,1,0,Clear,Village Road,Under Construction,Daylight,No Control,30,31,Valid,No,Straight Road,0
Rajasthan,Udaipur,2019,October,Sunday,10:48,Minor,2,Bus,2,0,Clear,National Highway,Dry,Daylight,Signals,65,37,Expired,No,Straight Road,0
Rajasthan,Unknown,2022,November,Tuesday,21:09,Minor,3,Bus,1,0,Clear,Urban Road,Damaged,Dark,Signs,35,32,Valid,No,Straight Road,0
Rajasthan,Unknown,2023,February,Saturday,20:40,Fatal,4,Cycle,4,1,Clear,National Highway,Wet,Dark,Signs,95,18,Valid,Yes,Straight Road,1
Rajasthan,Jaipur,2019,February,Tuesday,09:37,Minor,2,Auto-Rickshaw,2,0,Clear,State Highway,Dry,Daylight,No Control,70,25,Valid,No,Straight Road,0
Gujarat,Vadodara,2021,May,Saturday,13:29,Minor,2,Car,1,0,Hazy,Urban Road,Under Construction,Daylight,No Control,35,26,Valid,No,Intersection,0
Uttar Pradesh,Kanpur,2019,June,Sunday,20:38,Fatal,1,Two-Wheeler,6,3,Rainy,National Highway,Damaged,Dark,Police Checkpost,75,32,Unlicensed,No,Curve,1
Maharashtra,Nagpur,2023,January,Sunday,17:51,Serious,2,Cycle,3,0,Foggy,National Highway,Dry,Daylight,Signs,80,26,Valid,No,Curve,1
Chhattisgarh,Bilaspur,2021,November,Thursday,16:34,Minor,2,Car,1,0,Clear,Urban Road,Dry,Daylight,Signs,45,35,Valid,No,Straight Road,0
Gujarat,Ahmedabad,2022,November,Thursday,17:22,Minor,1,Car,2,0,Clear,Urban Road,Dry,Daylight,Signals,30,35,Unlicensed,No,Intersection,0
Chhattisgarh,Unknown,2019,June,Saturday,21:25,Serious,1,Two-Wheeler,2,0,Rainy,Village Road,Wet,Dark,No Control,30,18,Valid,Yes,Curve,1
Uttar Pradesh,Varanasi,2020,October,Friday,14:34,Minor,2,Two-Wheeler,3,0,Clear,Urban Road,Dry,Daylight,Signs,35,24,Valid,No,Curve,0
Madhya Pradesh,Indore,2022,July,Friday,07:34,Serious,4,Two-Wheeler,2,0,Rainy,National Highway,Wet,Daylight,Signals,70,40,Valid,No,Bridge,1
Uttar Pradesh,Unknown,2020,August,Tuesday,13:18,Minor,2,Two-Wheeler,1,0,Rainy,Urban Road,Wet,Daylight,Signals,50,36,Expired,No,Intersection,0
Tamil Nadu,Chennai,2022,November,Thursday,18:32,Serious,3,Two-Wheeler,2,0,Stormy,Village Road,Wet,Dark,Signs,35,18,Valid,No,Straight Road,1
Maharashtra,Pune,2019,February,Wednesday,13:17,Minor,2,Car,2,0,Clear,National Highway,Dry,Daylight,Signs,65,47,Valid,No,Curve,0
Maharashtra,Mumbai,2020,March,Friday,09:56,Fatal,7,Bus,2,1,Clear,National Highway,Dry,Daylight,No Control,80,44,Valid,No,Straight Road,1
Assam,Guwahati,2018,June,Tuesday,17:32,Minor,3,Car,2,0,Hazy,Urban Road,Dry,Dark,Signals,35,65,Valid,No,Straight Road,0
Tamil Nadu,Madurai,2018,November,Thursday,12:50,Minor,3,Auto-Rickshaw,1,0,Rainy,Urban Road,Under Construction,Daylight,Signals,45,58,Valid,No,Intersection,0
West Bengal,Durgapur,2019,August,Sunday,22:22,Fatal,2,Two-Wheeler,4,3,Rainy,State Highway,Wet,Dark,Signs,75,27,Valid,Yes,Straight Road,1
Gujarat,Surat,2021,May,Friday,10:23,Serious,3,Bus,3,0,Clear,Urban Road,Under Construction,Daylight,Signs,40,35,Unlicensed,No,Straight Road,1
Karnataka,Mysuru,2019,January,Sunday,18:17,Fatal,4,Two-Wheeler,3,2,Foggy,National Highway,Dry,Dusk,Police Checkpost,85,37,Valid,No,Straight Road,1
Rajasthan,Jaipur,2018,August,Tuesday,15:34,Minor,4,Two-Wheeler,1,0,Rainy,State Highway,Wet,Daylight,Signs,50,52,Valid,No,Straight Road,0
Uttar Pradesh,Unknown,2024,April,Thursday,04:36,Minor,3,Car,2,0,Clear,Urban Road,Dry,Dark,Signals,45,34,Valid,No,Straight Road,0
Jammu and Kashmir,Unknown,2021,April,Thursday,13:33,Fatal,4,Tractor,3,3,Clear,National Highway,Wet,Daylight,No Control,90,53,Valid,No,Straight Road,1
Punjab,Unknown,2023,December,Thursday,01:50,Serious,2,Two-Wheeler,2,0,Foggy,State Highway,Dry,Dark,No Control,70,40,Unlicensed,No,Straight Road,1
Kerala,Thiruvananthapuram,2023,July,Saturday,19:30,Serious,2,Two-Wheeler,3,0,Clear,Urban Road,Under Construction,Dusk,Signs,60,27,Expired,No,Intersection,1
Gujarat,Ahmedabad,2018,February,Tuesday,18:49,Serious,2,Two-Wheeler,4,0,Rainy,State Highway,Wet,Dusk,Police Checkpost,75,23,Valid,No,Straight Road,1
Uttar Pradesh,Unknown,2022,January,Thursday,02:03,Minor,3,Car,2,0,Clear,Village Road,Dry,Dark,Signs,20,49,Valid,Yes,Straight Road,0
Assam,Guwahati,2024,May,Tuesday,13:21,Fatal,3,Two-Wheeler,4,2,Stormy,Expressway,Damaged,Daylight,Signs,80,49,Expired,No,Straight Road,1
Karnataka,Mangaluru,2021,January,Friday,22:42,Serious,2,Two-Wheeler,2,0,Foggy,Urban Road,Dry,Dark,Signs,40,50,Valid,No,Intersection,1
Maharashtra,Nagpur,2024,June,Saturday,09:23,Minor,7,Car,2,0,Foggy,Urban Road,Dry,Dawn,Signs,55,18,Valid,No,Bridge,0
Karnataka,Unknown,2024,May,Monday,21:43,Minor,1,Car,1,0,Hazy,Village Road,Dry,Dark,No Control,35,35,Valid,No,Curve,0
Punjab,Ludhiana,2021,November,Thursday,06:35,Minor,2,Truck,1,0,Clear,Urban Road,Dry,Dark,Signals,50,52,Expired,No,Straight Road,0
West Bengal,Siliguri,2018,May,Thursday,00:29,Serious,4,Auto-Rickshaw,4,0,Clear,Urban Road,Dry,Dark,Signs,50,20,Valid,No,Straight Road,1
Kerala,Thiruvananthapuram,2022,April,Saturday,14:33,Serious,1,Tractor,2,0,Clear,National Highway,Dry,Daylight,Signals,85,44,Valid,No,Curve,1
Bihar,Unknown,2024,August,Monday,08:54,Serious,4,Two-Wheeler,3,0,Rainy,Village Road,Wet,Daylight,No Control,25,30,Valid,No,Curve,1
Uttar Pradesh,Kanpur,2022,August,Thursday,20:40,Serious,1,Two-Wheeler,4,0,Clear,State Highway,Dry,Dark,Signs,70,26,Valid,No,Bridge,1
Assam,Guwahati,2023,January,Saturday,17:59,Fatal,3,Tractor,3,2,Foggy,National Highway,Dry,Dusk,No Control,85,28,Valid,No,Curve,1
Gujarat,Ahmedabad,2021,February,Friday,17:05,Minor,3,Car,3,0,Hazy,Urban Road,Dry,Dusk,Signs,30,56,Valid,No,Straight Road,0
West Bengal,Siliguri,2020,March,Saturday,17:48,Serious,1,Car,2,0,Clear,National Highway,Dry,Dark,Signs,95,48,Valid,No,Straight Road,1
Maharashtra,Nashik,2024,October,Wednesday,17:53,Serious,2,Car,2,0,Clear,National Highway,Dry,Dusk,No Control,90,36,Valid,No,Curve,1
Goa,Panaji,2019,March,Sunday,18:55,Minor,3,Auto-Rickshaw,1,0,Rainy,Urban Road,Dry,Daylight,Signs,35,63,Expired,No,Intersection,0
Tamil Nadu,Madurai,2021,December,Monday,17:32,Serious,6,Auto-Rickshaw,2,0,Hazy,National Highway,Dry,Dark,Signals,70,18,Valid,No,Curve,1
Maharashtra,Pune,2019,June,Monday,19:29,Minor,1,Two-Wheeler,1,0,Clear,Village Road,Dry,Dusk,No Control,35,29,Valid,No,Intersection,0
Gujarat,Surat,2022,December,Friday,15:35,Minor,2,Two-Wheeler,1,0,Clear,Expressway,Dry,Daylight,Signs,90,56,Expired,No,Straight Road,0
Maharashtra,Unknown,2024,March,Thursday,10:54,Minor,2,Truck,3,0,Clear,Urban Road,Dry,Daylight,No Control,55,35,Valid,No,Intersection,0
Uttar Pradesh,Kanpur,2024,June,Friday,13:52,Serious,2,Two-Wheeler,2,0,Clear,State Highway,Dry,Daylight,No Control,65,35,Valid,No,Bridge,1
West Bengal,Durgapur,2019,February,Tuesday,12:56,Minor,2,Auto-Rickshaw,2,0,Clear,Urban Road,Dry,Daylight,No Control,30,36,Valid,No,Intersection,0
Karnataka,Mangaluru,2023,November,Tuesday,10:58,Fatal,4,Two-Wheeler,3,3,Foggy,National Highway,Dry,Daylight,Signals,85,32,Unlicensed,No,Curve,1
Assam,Guwahati,2024,August,Saturday,12:37,Serious,2,Car,2,0,Rainy,Urban Road,Wet,Daylight,No Control,60,48,Valid,No,Intersection,1
Tamil Nadu,Unknown,2023,January,Wednesday,11:15,Serious,2,Bus,3,0,Clear,State Highway,Dry,Daylight,No Control,60,27,Unlicensed,No,Curve,1
Kerala,Kochi,2021,September,Saturday,05:09,Fatal,1,Cycle,4,3,Clear,State Highway,Dry,Dawn,No Control,80,69,Unlicensed,No,Bridge,1
Gujarat,Surat,2019,November,Friday,19:53,Fatal,2,Truck,2,2,Rainy,National Highway,Wet,Dusk,Signs,90,20,Expired,No,Curve,1
Telangana,Unknown,2021,September,Monday,18:09,Fatal,1,Car,6,3,Clear,Expressway,Dry,Dusk,Signs,110,57,Valid,Yes,Straight Road,1
West Bengal,Durgapur,2023,October,Saturday,10:04,Serious,2,Truck,2,1,Clear,National Highway,Dry,Daylight,Signs,75,47,Valid,No,Curve,1
Gujarat,Surat,2022,April,Sunday,22:28,Fatal,5,Auto-Rickshaw,2,1,Clear,State Highway,Dry,Dark,Police Checkpost,65,29,Valid,No,Straight Road,1
Chhattisgarh,Unknown,2020,June,Saturday,22:44,Fatal,3,Two-Wheeler,4,2,Rainy,National Highway,Wet,Dark,Signs,70,40,Valid,No,Straight Road,1
Karnataka,Bengaluru,2019,November,Monday,20:44,Minor,1,Car,2,0,Clear,Urban Road,Dry,Dark,No Control,50,47,Valid,No,Straight Road,0
Uttar Pradesh,Agra,2022,August,Friday,01:15,Serious,2,Bus,3,0,Rainy,Village Road,Wet,Dark,No Control,35,45,Valid,No,Intersection,1
Telangana,Warangal,2020,August,Sunday,11:30,Fatal,4,Cycle,5,3,Rainy,National Highway,Wet,Daylight,No Control,85,18,Valid,No,Curve,1
Haryana,Faridabad,2021,October,Friday,13:53,Fatal,2,Car,5,1,Clear,National Highway,Under Construction,Daylight,No Control,95,42,Expired,No,Straight Road,1
Maharashtra,Nagpur,2024,August,Wednesday,18:47,Serious,2,Auto-Rickshaw,3,1,Rainy,National Highway,Wet,Daylight,Signals,65,20,Valid,No,Straight Road,1
Gujarat,Surat,2018,February,Tuesday,16:55,Fatal,5,Truck,1,1,Hazy,Urban Road,Damaged,Daylight,No Control,50,50,Valid,No,Intersection,1
Odisha,Cuttack,2019,March,Saturday,17:46,Serious,1,Two-Wheeler,4,0,Clear,Urban Road,Dry,Dark,Signals,40,50,Unlicensed,No,Intersection,1
Kerala,Thiruvananthapuram,2024,October,Saturday,18:05,Minor,2,Tractor,5,0,Stormy,Village Road,Wet,Daylight,No Control,30,21,Expired,No,Bridge,0
Goa,Panaji,2024,March,Sunday,22:12,Minor,1,Two-Wheeler,2,0,Clear,Village Road,Dry,Dark,Signs,20,18,Valid,No,Curve,0
Rajasthan,Unknown,2020,August,Sunday,15:10,Serious,2,Auto-Rickshaw,3,0,Rainy,National Highway,Wet,Daylight,Signs,75,33,Expired,No,Intersection,1
Telangana,Hyderabad,2024,June,Wednesday,21:07,Minor,2,Car,1,0,Rainy,Village Road,Wet,Dark,No Control,25,34,Expired,No,Straight Road,0
Tamil Nadu,Chennai,2019,August,Friday,19:51,Minor,3,Car,2,0,Rainy,Village Road,Damaged,Dark,No Control,30,37,Valid,No,Curve,0
Chhattisgarh,Raipur,2018,March,Monday,10:42,Minor,2,Auto-Rickshaw,1,0,Clear,Urban Road,Dry,Daylight,Signals,50,42,Unlicensed,No,Intersection,0
Karnataka,Bengaluru,2020,April,Monday,19:54,Serious,1,Cycle,3,0,Clear,State Highway,Dry,Dusk,No Control,65,35,Valid,No,Bridge,1
Kerala,Unknown,2021,September,Monday,05:19,Minor,3,Auto-Rickshaw,2,0,Hazy,Urban Road,Dry,Daylight,Signs,55,38,Valid,No,Intersection,0
Karnataka,Mangaluru,2018,March,Sunday,07:58,Minor,1,Car,1,0,Clear,Urban Road,Dry,Daylight,Signs,40,27,Valid,No,Intersection,0
Madhya Pradesh,Bhopal,2019,April,Tuesday,23:55,Serious,3,Truck,3,1,Clear,State Highway,Damaged,Dark,No Control,60,25,Valid,No,Straight Road,1
Kerala,Kochi,2023,December,Thursday,12:06,Minor,5,Truck,1,0,Clear,National Highway,Dry,Daylight,No Control,80,44,Valid,No,Straight Road,0
Rajasthan,Jodhpur,2022,February,Thursday,13:52,Serious,2,Two-Wheeler,3,1,Clear,Urban Road,Damaged,Daylight,Signals,50,43,Valid,No,Intersection,1
Assam,Unknown,2022,July,Wednesday,22:06,Minor,2,Two-Wheeler,1,0,Clear,Urban Road,Dry,Dark,Signs,55,33,Valid,No,Bridge,0
Karnataka,Mysuru,2024,February,Friday,10:27,Serious,2,Auto-Rickshaw,3,1,Hazy,National Highway,Dry,Daylight,Signs,85,24,Valid,No,Bridge,1
Telangana,Hyderabad,2019,September,Monday,08:10,Minor,1,Car,1,0,Hazy,Village Road,Dry,Daylight,Signs,40,56,Valid,No,Curve,0
Karnataka,Mysuru,2024,February,Wednesday,04:34,Fatal,3,Two-Wheeler,2,1,Foggy,National Highway,Dry,Dark,No Control,80,58,Valid,No,Intersection,1
Karnataka,Unknown,2020,July,Thursday,14:01,Fatal,3,Auto-Rickshaw,2,2,Rainy,State Highway,Damaged,Dawn,No Control,65,51,Valid,No,Straight Road,1
Gujarat,Ahmedabad,2024,June,Saturday,07:50,Serious,2,Car,4,0,Rainy,State Highway,Wet,Daylight,Signs,70,45,Valid,No,Intersection,1
Maharashtra,Pune,2023,September,Saturday,03:28,Minor,3,Auto-Rickshaw,1,0,Rainy,Urban Road,Wet,Dark,Police Checkpost,35,24,Valid,No,Intersection,0
Maharashtra,Pune,2019,January,Sunday,19:52,Fatal,1,Two-Wheeler,5,2,Clear,National Highway,Dry,Dusk,Signs,65,52,Valid,Yes,Straight Road,1
Telangana,Warangal,2019,July,Wednesday,10:26,Minor,3,Auto-Rickshaw,3,0,Rainy,Urban Road,Wet,Daylight,Signs,40,44,Valid,No,Intersection,0
Telangana,Hyderabad,2021,July,Tuesday,15:33,Minor,3,Car,3,0,Clear,State Highway,Dry,Daylight,Signs,50,25,Unlicensed,No,Bridge,0
Telangana,Hyderabad,2021,March,Thursday,05:44,Serious,3,Two-Wheeler,2,0,Clear,National Highway,Dry,Daylight,Police Checkpost,75,45,Valid,No,Straight Road,1
Maharashtra,Nashik,2019,April,Sunday,14:58,Fatal,2,Two-Wheeler,4,2,Hazy,National Highway,Dry,Daylight,Signs,75,31,Valid,No,Straight Road,1
Tamil Nadu,Chennai,2019,September,Tuesday,16:22,Serious,4,Car,7,0,Rainy,State Highway,Wet,Daylight,Signs,70,47,Unlicensed,No,Straight Road,1
Uttar Pradesh,Kanpur,2024,July,Tuesday,12:31,Fatal,4,Two-Wheeler,2,1,Hazy,State Highway,Damaged,Daylight,No Control,80,51,Unlicensed,No,Curve,1
Bihar,Unknown,2023,July,Sunday,10:19,Fatal,2,Truck,3,1,Rainy,National Highway,Wet,Daylight,No Control,80,43,Expired,No,Straight Road,1
Delhi,New Delhi,2019,December,Sunday,09:02,Minor,2,Car,1,0,Hazy,Urban Road,Dry,Daylight,Signals,60,27,Valid,No,Straight Road,0
Tamil Nadu,Chennai,2023,May,Tuesday,05:52,Minor,4,Truck,3,0,Clear,Urban Road,Dry,Dawn,Signs,50,44,Valid,No,Straight Road,0
Telangana,Warangal,2019,November,Saturday,05:33,Fatal,1,Two-Wheeler,3,3,Clear,Expressway,Dry,Dawn,Signs,105,44,Valid,No,Curve,1
Maharashtra,Unknown,2021,December,Thursday,13:22,Minor,2,Two-Wheeler,1,0,Foggy,Urban Road,Dry,Daylight,Police Checkpost,55,29,Valid,No,Straight Road,0
Tamil Nadu,Chennai,2018,July,Thursday,06:46,Fatal,3,Truck,2,1,Rainy,National Highway,Wet,Dawn,Signs,85,33,Valid,No,Straight Road,1
Uttar Pradesh,Varanasi,2022,March,Thursday,08:49,Minor,1,Car,1,0,Clear,Urban Road,Dry,Daylight,Signals,60,60,Valid,No,Bridge,0
Tamil Nadu,Unknown,2019,June,Sunday,07:59,Fatal,2,Two-Wheeler,4,1,Rainy,National Highway,Wet,Daylight,No Control,85,57,Valid,No,Straight Road,1
Telangana,Unknown,2019,January,Tuesday,19:26,Minor,3,Truck,2,0,Clear,Urban Road,Dry,Daylight,No Control,40,30,Valid,No,Intersection,0
Assam,Guwahati,2019,September,Saturday,12:06,Serious,2,Two-Wheeler,2,0,Hazy,State Highway,Dry,Daylight,Signs,60,18,Valid,No,Curve,1
Uttar Pradesh,Agra,2019,April,Monday,15:29,Minor,1,Two-Wheeler,2,0,Clear,Village Road,Dry,Daylight,No Control,30,55,Valid,No,Curve,0
Madhya Pradesh,Indore,2018,December,Friday,15:26,Serious,3,Auto-Rickshaw,2,0,Hazy,Urban Road,Dry,Daylight,No Control,40,62,Valid,No,Curve,1
Andhra Pradesh,Visakhapatnam,2021,August,Friday,11:12,Serious,3,Two-Wheeler,4,1,Hazy,Village Road,Dry,Daylight,No Control,35,56,Valid,No,Straight Road,1
Chhattisgarh,Raipur,2024,June,Saturday,09:35,Minor,3,Car,2,0,Rainy,Urban Road,Dry,Daylight,Signals,30,33,Valid,No,Straight Road,0
West Bengal,Kolkata,2020,March,Sunday,11:24,Serious,3,Two-Wheeler,3,0,Rainy,State Highway,Wet,Daylight,Signs,70,45,Valid,No,Curve,1
Tamil Nadu,Coimbatore,2023,February,Saturday,14:52,Minor,3,Car,1,0,Clear,National Highway,Dry,Daylight,Signals,60,26,Valid,No,Curve,0
West Bengal,Kolkata,2021,September,Saturday,10:02,Minor,3,Cycle,1,0,Clear,National Highway,Dry,Daylight,No Control,65,50,Valid,No,Straight Road,0
Tamil Nadu,Madurai,2019,October,Tuesday,06:42,Minor,3,Car,1,0,Clear,Urban Road,Dry,Dawn,Signals,60,30,Valid,No,Curve,0
Himachal Pradesh,Shimla,2018,April,Sunday,21:36,Serious,1,Auto-Rickshaw,2,0,Clear,Village Road,Damaged,Dark,Signs,35,29,Valid,No,Straight Road,1
Karnataka,Mysuru,2023,January,Thursday,18:13,Serious,1,Car,2,1,Clear,State Highway,Under Construction,Daylight,No Control,70,36,Valid,No,Straight Road,1
Andhra Pradesh,Vijayawada,2018,April,Thursday,03:21,Serious,3,Two-Wheeler,2,0,Clear,Urban Road,Damaged,Dark,No Control,55,30,Valid,Yes,Straight Road,1
Maharashtra,Mumbai,2020,October,Thursday,21:51,Serious,2,Car,2,0,Clear,State Highway,Dry,Dark,No Control,70,46,Expired,Yes,Straight Road,1
Karnataka,Mangaluru,2018,July,Wednesday,07:21,Serious,3,Two-Wheeler,2,0,Clear,State Highway,Damaged,Daylight,Police Checkpost,55,27,Valid,No,Straight Road,1
Delhi,New Delhi,2023,February,Friday,05:39,Serious,2,Car,2,1,Stormy,Village Road,Wet,Dawn,No Control,35,68,Expired,No,Bridge,1
West Bengal,Unknown,2024,February,Wednesday,07:30,Serious,1,Two-Wheeler,3,0,Foggy,National Highway,Damaged,Daylight,No Control,70,44,Valid,No,Curve,1
Gujarat,Ahmedabad,2020,February,Tuesday,21:53,Serious,1,Two-Wheeler,3,0,Clear,State Highway,Dry,Dark,No Control,70,33,Valid,No,Bridge,1
Jharkhand,Jamshedpur,2020,October,Sunday,08:39,Minor,1,Two-Wheeler,3,0,Clear,Urban Road,Dry,Daylight,Signals,55,25,Valid,No,Intersection,0
Delhi,Unknown,2021,October,Sunday,19:50,Minor,2,Car,2,0,Clear,State Highway,Dry,Daylight,Signs,70,33,Valid,No,Straight Road,0
Tamil Nadu,Madurai,2021,May,Thursday,16:54,Minor,2,Auto-Rickshaw,1,0,Clear,National Highway,Dry,Daylight,Signals,60,35,Valid,No,Straight Road,0
Madhya Pradesh,Gwalior,2020,September,Sunday,14:07,Serious,4,Bus,7,0,Rainy,State Highway,Wet,Daylight,No Control,75,34,Valid,No,Straight Road,1
Rajasthan,Udaipur,2020,January,Thursday,10:50,Minor,2,Two-Wheeler,1,0,Hazy,Urban Road,Dry,Daylight,Signals,55,31,Valid,No,Intersection,0
West Bengal,Kolkata,2019,July,Wednesday,05:57,Serious,3,Bus,3,0,Rainy,Expressway,Wet,Dark,Signs,85,27,Valid,No,Bridge,1
Tamil Nadu,Chennai,2019,April,Sunday,17:02,Serious,2,Two-Wheeler,3,1,Clear,Village Road,Damaged,Dusk,No Control,40,48,Valid,No,Straight Road,1
Tamil Nadu,Coimbatore,2022,October,Friday,11:27,Minor,2,Two-Wheeler,1,0,Clear,Urban Road,Damaged,Daylight,Signals,35,54,Valid,No,Straight Road,0
Assam,Guwahati,2023,June,Saturday,14:15,Minor,3,Bus,1,0,Hazy,Urban Road,Dry,Daylight,Signs,30,27,Valid,No,Straight Road,0
Assam,Guwahati,2023,November,Thursday,02:58,Serious,1,Car,4,0,Clear,Urban Road,Dry,Dark,Signs,45,36,Valid,No,Intersection,1
Haryana,Gurugram,2021,July,Thursday,18:21,Minor,1,Two-Wheeler,1,0,Rainy,Urban Road,Wet,Daylight,Signs,50,18,Valid,No,Intersection,0
Himachal Pradesh,Unknown,2023,June,Monday,17:11,Fatal,4,Two-Wheeler,1,1,Rainy,National Highway,Wet,Daylight,Police Checkpost,65,30,Valid,No,Curve,1
Kerala,Kochi,2022,December,Sunday,14:05,Minor,4,Car,1,0,Clear,State Highway,Under Construction,Daylight,No Control,55,61,Expired,No,Straight Road,0
Bihar,Unknown,2020,December,Tuesday,13:47,Minor,1,Car,1,0,Foggy,State Highway,Dry,Daylight,Signs,70,51,Valid,No,Curve,0
Bihar,Gaya,2020,June,Thursday,10:03,Serious,3,Truck,2,0,Rainy,Expressway,Damaged,Daylight,Signs,85,44,Valid,No,Curve,1
Gujarat,Surat,2021,May,Monday,10:18,Serious,4,Two-Wheeler,3,0,Clear,Urban Road,Dry,Dawn,Signals,55,23,Valid,Yes,Intersection,1
Gujarat,Unknown,2020,August,Friday,03:33,Fatal,3,Two-Wheeler,1,1,Clear,Expressway,Damaged,Dark,Signs,90,29,Valid,No,Straight Road,1
Uttar Pradesh,Lucknow,2023,March,Wednesday,17:02,Serious,3,Car,2,0,Foggy,National Highway,Dry,Daylight,Signals,95,31,Valid,No,Curve,1
West Bengal,Kolkata,2019,May,Saturday,02:10,Serious,1,Auto-Rickshaw,4,0,Clear,National Highway,Dry,Dusk,Signals,90,49,Valid,No,Straight Road,1
Tamil Nadu,Madurai,2018,November,Friday,00:59,Fatal,4,Bus,4,1,Rainy,Expressway,Wet,Dark,Police Checkpost,90,53,Unlicensed,No,Straight Road,1
Tamil Nadu,Unknown,2021,November,Monday,01:27,Serious,2,Two-Wheeler,2,0,Clear,State Highway,Dry,Dark,No Control,75,37,Valid,No,Straight Road,1
Madhya Pradesh,Indore,2018,May,Monday,07:18,Serious,2,Two-Wheeler,3,1,Rainy,Urban Road,Wet,Daylight,No Control,35,48,Unlicensed,No,Straight Road,1
Karnataka,Mysuru,2019,May,Tuesday,15:52,Minor,2,Two-Wheeler,2,0,Hazy,National Highway,Dry,Daylight,Signals,80,28,Valid,No,Curve,0
Uttar Pradesh,Lucknow,2020,November,Saturday,17:04,Serious,2,Auto-Rickshaw,3,0,Clear,Village Road,Dry,Dark,No Control,40,41,Valid,No,Bridge,1
Punjab,Unknown,2018,March,Saturday,12:15,Fatal,3,Tractor,4,2,Clear,National Highway,Dry,Dusk,Signs,95,50,Valid,No,Curve,1
Delhi,New Delhi,2019,January,Wednesday,11:51,Minor,2,Two-Wheeler,1,0,Clear,Village Road,Dry,Daylight,No Control,40,56,Valid,No,Curve,0
Uttar Pradesh,Varanasi,2021,January,Friday,15:45,Minor,2,Car,2,0,Hazy,National Highway,Dry,Daylight,Signals,65,23,Valid,No,Curve,0
Maharashtra,Unknown,2020,February,Tuesday,16:25,Serious,5,Two-Wheeler,2,0,Clear,National Highway,Dry,Daylight,No Control,70,55,Valid,No,Straight Road,1
Tamil Nadu,Chennai,2024,November,Sunday,20:58,Minor,1,Two-Wheeler,2,0,Clear,Village Road,Dry,Dark,No Control,20,66,Valid,Yes,Straight Road,0
Punjab,Unknown,2018,January,Sunday,19:34,Serious,2,Car,2,0,Hazy,State Highway,Dry,Dusk,Signs,75,20,Valid,No,Curve,1
Haryana,Gurugram,2023,April,Saturday,19:44,Fatal,3,Truck,1,1,Hazy,National Highway,Dry,Dusk,Signs,90,18,Expired,No,Straight Road,1
Uttar Pradesh,Agra,2022,August,Monday,19:59,Minor,1,Car,2,0,Rainy,Urban Road,Wet,Daylight,No Control,55,57,Unlicensed,No,Bridge,0
Bihar,Gaya,2022,August,Thursday,20:30,Minor,3,Car,2,0,Hazy,National Highway,Dry,Dark,Signs,65,33,Valid,No,Straight Road,0
Maharashtra,Nashik,2022,October,Sunday,15:28,Serious,3,Truck,3,0,Clear,State Highway,Dry,Dawn,No Control,60,35,Valid,No,Straight Road,1
Karnataka,Bengaluru,2018,December,Tuesday,16:39,Serious,4,Car,2,0,Hazy,National Highway,Under Construction,Daylight,No Control,90,52,Valid,No,Straight Road,1
Goa,Panaji,2023,May,Friday,18:04,Minor,1,Truck,1,0,Clear,Urban Road,Dry,Dark,Signs,40,27,Valid,No,Intersection,0
Uttar Pradesh,Varanasi,2020,March,Sunday,07:25,Serious,3,Two-Wheeler,2,0,Clear,National Highway,Dry,Daylight,Signals,70,41,Valid,No,Bridge,1
Uttar Pradesh,Varanasi,2022,February,Saturday,10:41,Minor,2,Two-Wheeler,1,0,Clear,Village Road,Dry,Daylight,Signs,40,22,Valid,No,Straight Road,0
Gujarat,Surat,2020,November,Friday,21:22,Minor,2,Car,3,0,Hazy,Urban Road,Dry,Dark,No Control,45,48,Expired,No,Straight Road,0
West Bengal,Unknown,2020,May,Thursday,14:42,Minor,1,Cycle,1,0,Clear,State Highway,Dry,Daylight,No Control,70,48,Valid,No,Straight Road,0
Jharkhand,Ranchi,2022,November,Sunday,02:24,Serious,4,Two-Wheeler,2,0,Clear,Urban Road,Dry,Dark,Signs,55,40,Unlicensed,No,Curve,1
Himachal Pradesh,Shimla,2024,May,Wednesday,11:11,Minor,4,Truck,1,0,Clear,Urban Road,Dry,Daylight,No Control,50,38,Valid,No,Straight Road,0
Maharashtra,Mumbai,2024,October,Sunday,07:08,Minor,3,Car,1,0,Clear,Urban Road,Dry,Daylight,No Control,50,38,Valid,No,Curve,0
Uttar Pradesh,Unknown,2023,August,Thursday,10:32,Fatal,4,Truck,3,2,Clear,State Highway,Damaged,Daylight,No Control,80,36,Valid,No,Curve,1
Bihar,Patna,2021,September,Saturday,15:11,Minor,1,Two-Wheeler,4,0,Clear,Urban Road,Under Construction,Daylight,No Control,45,37,Valid,No,Intersection,0
Tamil Nadu,Chennai,2021,August,Sunday,14:22,Serious,3,Car,2,0,Rainy,National Highway,Wet,Daylight,Signs,95,49,Expired,No,Straight Road,1
Odisha,Cuttack,2024,April,Friday,13:31,Minor,2,Car,2,0,Clear,Urban Road,Dry,Daylight,No Control,30,18,Valid,No,Intersection,0
Telangana,Hyderabad,2019,February,Wednesday,00:02,Fatal,3,Two-Wheeler,3,2,Clear,National Highway,Dry,Dark,No Control,60,60,Valid,Yes,Straight Road,1
Maharashtra,Nashik,2024,January,Monday,12:25,Fatal,3,Two-Wheeler,3,2,Foggy,Expressway,Dry,Daylight,Signs,95,40,Unlicensed,No,Straight Road,1
Haryana,Faridabad,2022,June,Saturday,01:18,Serious,2,Car,3,0,Rainy,State Highway,Wet,Dark,Signs,65,65,Valid,No,Straight Road,1
Uttar Pradesh,Kanpur,2022,November,Friday,11:18,Minor,2,Two-Wheeler,1,0,Clear,Urban Road,Dry,Daylight,Signs,40,41,Unlicensed,No,Straight Road,0
Gujarat,Vadodara,2022,August,Tuesday,17:54,Minor,1,Cycle,2,0,Clear,Urban Road,Dry,Dusk,No Control,55,38,Expired,No,Straight Road,0
Madhya Pradesh,Indore,2023,September,Sunday,06:55,Fatal,5,Truck,4,2,Rainy,National Highway,Wet,Dawn,Signs,60,46,Valid,No,Bridge,1
Rajasthan,Jaipur,2022,April,Sunday,21:18,Serious,3,Two-Wheeler,2,0,Clear,National Highway,Dry,Dark,No Control,65,23,Expired,No,Straight Road,1
Andhra Pradesh,Vijayawada,2018,June,Sunday,16:52,Serious,6,Two-Wheeler,6,0,Rainy,State Highway,Wet,Daylight,Police Checkpost,70,25,Expired,No,Intersection,1
Telangana,Unknown,2023,May,Friday,08:13,Minor,2,Two-Wheeler,1,0,Clear,Urban Road,Wet,Daylight,Signs,30,36,Valid,No,Straight Road,0
Goa,Panaji,2023,February,Sunday,11:20,Minor,2,Truck,2,0,Clear,Urban Road,Dry,Daylight,Police Checkpost,35,39,Valid,Yes,Intersection,0
Goa,Panaji,2024,August,Sunday,05:56,Fatal,2,Car,2,2,Rainy,National Highway,Wet,Dark,Police Checkpost,95,50,Valid,No,Straight Road,1
Rajasthan,Unknown,2024,May,Monday,00:06,Serious,2,Two-Wheeler,2,0,Clear,Urban Road,Dry,Dark,Signs,55,39,Valid,Yes,Curve,1
Maharashtra,Mumbai,2024,May,Sunday,21:22,Fatal,2,Two-Wheeler,2,1,Foggy,State Highway,Dry,Dark,Signs,75,55,Valid,No,Straight Road,1
Kerala,Thiruvananthapuram,2018,August,Friday,17:48,Minor,4,Car,4,0,Foggy,Urban Road,Damaged,Dusk,Signs,40,18,Valid,No,Intersection,0
Himachal Pradesh,Shimla,2022,January,Sunday,18:56,Minor,1,Two-Wheeler,1,0,Clear,State Highway,Dry,Dusk,Signs,55,60,Expired,No,Curve,0
Tamil Nadu,Unknown,2024,December,Saturday,16:56,Minor,1,Two-Wheeler,2,0,Foggy,Village Road,Dry,Daylight,No Control,25,33,Valid,Yes,Straight Road,0
Gujarat,Ahmedabad,2024,March,Friday,21:52,Minor,3,Bus,2,0,Clear,Urban Road,Dry,Dark,No Control,35,46,Valid,No,Intersection,0
Gujarat,Vadodara,2021,September,Wednesday,21:57,Serious,1,Tractor,3,0,Clear,State Highway,Dry,Dark,No Control,55,52,Unlicensed,No,Straight Road,1
Maharashtra,Mumbai,2024,October,Monday,03:28,Serious,2,Truck,4,1,Clear,Urban Road,Dry,Dark,Signs,55,22,Unlicensed,No,Intersection,1
Telangana,Unknown,2024,February,Wednesday,07:19,Serious,4,Two-Wheeler,3,0,Stormy,Urban Road,Under Construction,Dusk,No Control,35,55,Valid,No,Intersection,1
Karnataka,Mysuru,2018,March,Saturday,11:23,Serious,4,Cycle,4,0,Clear,State Highway,Damaged,Daylight,Signs,55,47,Valid,No,Straight Road,1
Bihar,Unknown,2024,May,Sunday,10:07,Serious,1,Car,2,0,Clear,National Highway,Dry,Daylight,No Control,70,59,Expired,Yes,Bridge,1
Haryana,Gurugram,2022,October,Monday,14:08,Serious,3,Two-Wheeler,3,0,Clear,National Highway,Dry,Daylight,No Control,65,39,Unlicensed,No,Intersection,1
Punjab,Ludhiana,2022,August,Tuesday,08:58,Serious,5,Bus,2,0,Clear,State Highway,Dry,Daylight,Signs,75,38,Valid,No,Straight Road,1
Karnataka,Mangaluru,2019,June,Friday,19:11,Fatal,4,Two-Wheeler,2,1,Rainy,Urban Road,Wet,Dark,Signals,55,29,Valid,No,Intersection,1
Tamil Nadu,Madurai,2024,November,Wednesday,00:36,Serious,4,Two-Wheeler,2,0,Rainy,Urban Road,Damaged,Dawn,Signs,35,30,Unlicensed,No,Bridge,1
Kerala,Kozhikode,2020,June,Tuesday,19:13,Serious,4,Truck,3,0,Clear,State Highway,Damaged,Dusk,Signs,75,37,Expired,No,Curve,1
Punjab,Amritsar,2020,November,Monday,11:39,Serious,4,Two-Wheeler,4,0,Clear,National Highway,Dry,Daylight,Signs,70,45,Unlicensed,No,Curve,1
Rajasthan,Udaipur,2020,October,Friday,00:28,Minor,2,Car,2,0,Clear,Urban Road,Dry,Dark,Signals,40,47,Valid,No,Straight Road,0
Odisha,Cuttack,2024,March,Friday,20:06,Minor,3,Car,1,0,Hazy,Urban Road,Dry,Dark,Signs,60,26,Valid,No,Intersection,0
Uttar Pradesh,Agra,2021,May,Sunday,12:22,Serious,2,Tractor,2,0,Clear,Urban Road,Dry,Daylight,No Control,50,37,Valid,No,Intersection,1
Odisha,Cuttack,2018,January,Wednesday,18:43,Minor,1,Two-Wheeler,1,0,Foggy,Urban Road,Wet,Dusk,Police Checkpost,55,41,Valid,No,Intersection,0
Maharashtra,Mumbai,2018,March,Tuesday,20:48,Fatal,2,Two-Wheeler,2,1,Hazy,National Highway,Damaged,Dark,No Control,75,18,Valid,Yes,Straight Road,1
Uttar Pradesh,Varanasi,2024,January,Saturday,01:17,Minor,2,Car,2,0,Rainy,Urban Road,Wet,Dark,Signs,50,48,Valid,Yes,Bridge,0
Rajasthan,Jodhpur,2019,February,Sunday,08:17,Minor,3,Car,1,0,Clear,Urban Road,Dry,Daylight,Signs,40,35,Expired,No,Intersection,0
Maharashtra,Unknown,2023,January,Wednesday,05:43,Minor,1,Car,2,0,Hazy,Urban Road,Dry,Dawn,Police Checkpost,50,38,Valid,No,Intersection,0
Maharashtra,Unknown,2018,September,Sunday,05:25,Serious,3,Auto-Rickshaw,4,0,Rainy,State Highway,Under Construction,Dawn,Signs,80,55,Valid,No,Bridge,1
Maharashtra,Nashik,2024,May,Saturday,22:04,Minor,3,Truck,2,0,Clear,Urban Road,Dry,Dark,Signs,35,26,Valid,Yes,Curve,0
Gujarat,Ahmedabad,2022,June,Sunday,19:07,Minor,2,Auto-Rickshaw,1,0,Clear,National Highway,Dry,Dusk,Police Checkpost,80,28,Valid,No,Straight Road,0
Bihar,Patna,2019,October,Thursday,10:22,Serious,2,Car,4,0,Clear,National Highway,Dry,Daylight,Police Checkpost,70,18,Expired,No,Straight Road,1
Maharashtra,Nagpur,2024,October,Monday,17:16,Fatal,3,Bus,4,2,Rainy,National Highway,Wet,Daylight,No Control,85,37,Unlicensed,No,Curve,1
Telangana,Unknown,2020,July,Monday,21:07,Minor,2,Tractor,1,0,Rainy,Urban Road,Wet,Dark,Signs,45,51,Unlicensed,No,Intersection,0
Haryana,Unknown,2024,June,Saturday,08:46,Serious,5,Two-Wheeler,4,0,Rainy,Urban Road,Wet,Daylight,Signals,40,18,Valid,No,Curve,1
Uttar Pradesh,Lucknow,2022,August,Sunday,00:27,Serious,3,Car,2,0,Clear,State Highway,Dry,Dark,Signs,60,25,Valid,Yes,Straight Road,1
Uttar Pradesh,Varanasi,2021,May,Thursday,19:42,Fatal,2,Car,5,1,Clear,National Highway,Wet,Dark,Signs,80,40,Valid,No,Straight Road,1
Delhi,New Delhi,2018,June,Monday,18:00,Minor,2,Car,2,0,Hazy,National Highway,Dry,Dark,Signs,70,32,Valid,No,Straight Road,0
Haryana,Unknown,2019,April,Monday,07:24,Minor,1,Car,1,0,Hazy,Urban Road,Damaged,Daylight,Signals,40,32,Valid,No,Straight Road,0
Rajasthan,Unknown,2018,March,Friday,13:28,Minor,1,Auto-Rickshaw,1,0,Clear,Urban Road,Under Construction,Daylight,No Control,30,40,Valid,No,Bridge,0
Punjab,Amritsar,2023,March,Sunday,07:34,Minor,3,Two-Wheeler,3,0,Clear,Urban Road,Dry,Daylight,No Control,40,60,Unlicensed,No,Straight Road,0
Maharashtra,Nashik,2018,August,Thursday,16:58,Minor,2,Tractor,1,0,Clear,Urban Road,Dry,Daylight,Police Checkpost,50,38,Valid,No,Intersection,0
Karnataka,Mysuru,2018,October,Friday,17:27,Serious,6,Bus,3,0,Foggy,Village Road,Damaged,Dusk,No Control,30,41,Valid,No,Curve,1
Kerala,Thiruvananthapuram,2018,June,Friday,09:29,Minor,2,Two-Wheeler,2,0,Clear,State Highway,Dry,Daylight,Police Checkpost,55,44,Valid,No,Straight Road,0
Tamil Nadu,Chennai,2024,February,Sunday,18:53,Minor,1,Two-Wheeler,1,0,Clear,Village Road,Dry,Dusk,No Control,35,18,Valid,No,Straight Road,0
Kerala,Thiruvananthapuram,2024,August,Saturday,13:23,Serious,3,Truck,5,0,Rainy,State Highway,Wet,Daylight,No Control,60,42,Valid,No,Straight Road,1
Rajasthan,Jaipur,2023,November,Tuesday,17:23,Serious,1,Two-Wheeler,3,0,Rainy,Urban Road,Wet,Daylight,Signals,55,19,Expired,Yes,Intersection,1
Kerala,Thiruvananthapuram,2018,July,Friday,16:09,Minor,3,Car,1,0,Clear,Urban Road,Dry,Dawn,No Control,55,38,Valid,No,Intersection,0
Gujarat,Vadodara,2021,January,Sunday,12:43,Serious,3,Car,3,0,Hazy,Village Road,Dry,Daylight,No Control,20,51,Valid,Yes,Intersection,1
Karnataka,Mysuru,2024,January,Sunday,09:01,Serious,2,Tractor,3,0,Clear,State Highway,Under Construction,Daylight,Signs,50,33,Valid,No,Straight Road,1
Uttar Pradesh,Lucknow,2018,July,Friday,07:13,Minor,3,Two-Wheeler,1,0,Rainy,Urban Road,Wet,Daylight,Signals,45,51,Valid,No,Straight Road,0
Uttar Pradesh,Kanpur,2023,November,Tuesday,18:25,Serious,4,Truck,2,0,Clear,Urban Road,Dry,Dark,No Control,55,18,Valid,No,Intersection,1
Kerala,Thiruvananthapuram,2018,January,Friday,16:26,Serious,3,Tractor,2,1,Hazy,Expressway,Dry,Daylight,Police Checkpost,95,41,Valid,No,Straight Road,1
Maharashtra,Unknown,2023,October,Friday,09:02,Minor,1,Car,1,0,Clear,National Highway,Dry,Daylight,Signals,85,41,Valid,No,Straight Road,0
Maharashtra,Pune,2021,October,Wednesday,22:31,Serious,4,Two-Wheeler,3,0,Foggy,Urban Road,Dry,Dawn,Signs,50,18,Valid,No,Intersection,1
Uttar Pradesh,Unknown,2024,January,Sunday,19:58,Serious,4,Two-Wheeler,5,0,Foggy,National Highway,Dry,Dark,No Control,90,44,Valid,No,Intersection,1
Uttar Pradesh,Kanpur,2020,March,Tuesday,06:06,Serious,3,Car,3,0,Rainy,Village Road,Wet,Dark,No Control,35,18,Valid,No,Curve,1
Haryana,Faridabad,2023,January,Sunday,07:29,Minor,3,Two-Wheeler,3,0,Foggy,Urban Road,Dry,Daylight,Signs,45,40,Valid,No,Bridge,0
Karnataka,Hubballi,2023,July,Thursday,15:35,Serious,6,Two-Wheeler,2,0,Rainy,Urban Road,Wet,Daylight,Signs,55,43,Valid,No,Bridge,1
Jammu and Kashmir,Srinagar,2020,March,Monday,05:19,Minor,3,Car,2,0,Clear,Urban Road,Dry,Dawn,Signs,50,33,Unlicensed,No,Intersection,0
Uttar Pradesh,Kanpur,2022,November,Friday,22:34,Minor,2,Car,1,0,Hazy,Urban Road,Damaged,Dark,Signs,40,40,Valid,No,Curve,0
Telangana,Unknown,2021,February,Friday,16:20,Minor,2,Two-Wheeler,1,0,Clear,Urban Road,Dry,Daylight,Police Checkpost,45,65,Valid,No,Straight Road,0
Gujarat,Surat,2021,August,Sunday,03:09,Serious,2,Car,3,0,Rainy,State Highway,Damaged,Dark,Signs,70,31,Valid,No,Straight Road,1
Karnataka,Mangaluru,2023,October,Friday,12:50,Serious,2,Truck,2,0,Clear,Village Road,Damaged,Dawn,No Control,35,24,Valid,No,Intersection,1
Delhi,New Delhi,2019,March,Monday,08:59,Serious,2,Car,2,0,Hazy,Urban Road,Damaged,Daylight,No Control,35,62,Expired,Yes,Intersection,1
Himachal Pradesh,Shimla,2018,April,Sunday,13:23,Serious,2,Truck,3,0,Clear,National Highway,Dry,Daylight,Signs,75,40,Unlicensed,No,Straight Road,1
Delhi,New Delhi,2021,October,Friday,08:05,Minor,2,Two-Wheeler,2,0,Clear,Urban Road,Dry,Daylight,Signals,35,52,Valid,No,Intersection,0
Uttar Pradesh,Unknown,2023,February,Wednesday,19:09,Serious,2,Two-Wheeler,3,0,Clear,National Highway,Dry,Daylight,Signals,65,18,Valid,No,Intersection,1
Uttar Pradesh,Lucknow,2019,June,Sunday,18:53,Minor,2,Car,4,0,Rainy,Urban Road,Wet,Dusk,No Control,35,18,Valid,No,Curve,0
Telangana,Warangal,2020,April,Monday,21:52,Minor,2,Auto-Rickshaw,1,0,Clear,Urban Road,Dry,Dark,No Control,55,27,Valid,No,Intersection,0
Tamil Nadu,Madurai,2022,January,Monday,07:29,Minor,1,Car,1,0,Hazy,Urban Road,Dry,Daylight,Police Checkpost,40,35,Expired,No,Straight Road,0
Kerala,Kozhikode,2021,June,Friday,11:52,Fatal,2,Two-Wheeler,3,1,Stormy,National Highway,Wet,Daylight,Signs,95,31,Valid,No,Straight Road,1
Madhya Pradesh,Indore,2022,June,Friday,19:13,Serious,2,Two-Wheeler,3,0,Rainy,Urban Road,Wet,Dark,Signs,45,31,Valid,No,Curve,1
Madhya Pradesh,Unknown,2021,May,Thursday,11:24,Minor,3,Car,1,0,Clear,Urban Road,Dry,Daylight,No Control,30,18,Valid,No,Intersection,0
Haryana,Gurugram,2023,October,Sunday,11:06,Minor,2,Tractor,2,0,Clear,Urban Road,Dry,Daylight,Signs,40,40,Expired,No,Intersection,0
Andhra Pradesh,Vijayawada,2024,February,Tuesday,23:32,Serious,3,Truck,4,0,Hazy,Urban Road,Dry,Dark,No Control,50,34,Valid,No,Straight Road,1
Maharashtra,Nagpur,2021,June,Sunday,18:41,Minor,2,Car,1,0,Hazy,Urban Road,Dry,Dark,No Control,50,18,Valid,No,Straight Road,0
Maharashtra,Pune,2021,March,Monday,20:57,Minor,1,Two-Wheeler,1,0,Clear,Urban Road,Dry,Dark,Signs,40,34,Valid,No,Intersection,0
West Bengal,Unknown,2019,October,Monday,11:45,Fatal,3,Two-Wheeler,1,1,Foggy,National Highway,Damaged,Daylight,Signals,65,36,Valid,No,Curve,1
Rajasthan,Jaipur,2021,July,Tuesday,15:39,Fatal,4,Truck,3,1,Clear,National Highway,Dry,Daylight,Signals,90,50,Valid,No,Curve,1
Tamil Nadu,Coimbatore,2023,September,Monday,12:40,Minor,2,Two-Wheeler,1,0,Hazy,State Highway,Dry,Daylight,No Control,65,31,Valid,No,Straight Road,0
Karnataka,Hubballi,2021,February,Thursday,12:37,Serious,3,Two-Wheeler,3,0,Rainy,Village Road,Wet,Daylight,No Control,35,49,Valid,Yes,Straight Road,1
Bihar,Patna,2022,June,Sunday,06:25,Serious,2,Two-Wheeler,2,0,Rainy,State Highway,Wet,Dawn,No Control,60,48,Valid,No,Curve,1
Haryana,Faridabad,2020,January,Saturday,19:30,Minor,2,Auto-Rickshaw,1,0,Rainy,Urban Road,Wet,Dusk,Signals,35,27,Valid,No,Straight Road,0
Madhya Pradesh,Gwalior,2022,April,Saturday,11:10,Minor,2,Two-Wheeler,1,0,Clear,Urban Road,Damaged,Daylight,No Control,40,45,Valid,No,Straight Road,0
Karnataka,Hubballi,2022,December,Monday,15:01,Minor,2,Two-Wheeler,3,0,Clear,State Highway,Dry,Daylight,Signs,55,51,Valid,No,Curve,0
Tamil Nadu,Coimbatore,2021,September,Sunday,20:47,Fatal,1,Two-Wheeler,3,1,Stormy,National Highway,Wet,Dark,Signs,80,50,Valid,Yes,Curve,1
Rajasthan,Unknown,2024,January,Thursday,18:29,Serious,3,Truck,2,0,Clear,State Highway,Dry,Dusk,Police Checkpost,65,41,Valid,No,Straight Road,1
Tamil Nadu,Chennai,2024,May,Saturday,07:52,Minor,3,Car,1,0,Clear,State Highway,Dry,Daylight,No Control,55,36,Valid,No,Straight Road,0
Madhya Pradesh,Unknown,2019,November,Saturday,16:07,Fatal,2,Bus,5,3,Clear,National Highway,Dry,Daylight,Signs,80,21,Unlicensed,No,Straight Road,1
Telangana,Warangal,2019,March,Tuesday,13:23,Minor,3,Truck,1,0,Clear,Village Road,Dry,Daylight,No Control,25,51,Valid,No,Straight Road,0
Maharashtra,Unknown,2024,October,Thursday,08:15,Fatal,3,Two-Wheeler,1,1,Clear,Expressway,Dry,Daylight,Signs,100,20,Valid,No,Bridge,1
Maharashtra,Nagpur,2020,April,Sunday,01:50,Serious,2,Auto-Rickshaw,2,0,Hazy,National Highway,Dry,Dark,Signs,90,35,Valid,No,Bridge,1
Uttar Pradesh,Agra,2020,June,Tuesday,16:22,Serious,1,Two-Wheeler,3,0,Stormy,National Highway,Wet,Daylight,Signals,80,50,Valid,No,Straight Road,1
Odisha,Cuttack,2023,November,Saturday,18:38,Serious,2,Truck,3,0,Rainy,Urban Road,Wet,Dark,Signs,40,25,Valid,No,Intersection,1
Telangana,Warangal,2022,September,Sunday,22:05,Serious,1,Car,3,0,Rainy,Expressway,Wet,Dark,Signs,115,37,Valid,No,Straight Road,1
Uttar Pradesh,Varanasi,2018,April,Wednesday,10:31,Serious,2,Two-Wheeler,3,0,Rainy,Village Road,Wet,Daylight,No Control,35,18,Valid,No,Straight Road,1
Odisha,Bhubaneswar,2018,January,Wednesday,11:26,Minor,2,Car,1,0,Clear,Village Road,Dry,Daylight,No Control,40,33,Valid,No,Bridge,0
Gujarat,Ahmedabad,2023,March,Thursday,07:36,Serious,3,Car,3,0,Hazy,State Highway,Dry,Daylight,No Control,55,25,Valid,Yes,Straight Road,1
Gujarat,Unknown,2023,June,Saturday,23:35,Fatal,2,Two-Wheeler,5,2,Clear,Expressway,Dry,Dark,Signs,105,28,Valid,No,Straight Road,1
Jharkhand,Ranchi,2020,February,Thursday,20:06,Minor,2,Car,1,0,Clear,State Highway,Dry,Dark,No Control,70,44,Valid,No,Curve,0
Maharashtra,Pune,2024,November,Thursday,22:03,Serious,2,Car,2,0,Clear,National Highway,Dry,Dark,No Control,95,45,Valid,No,Straight Road,1
Uttar Pradesh,Unknown,2018,January,Tuesday,13:07,Minor,2,Bus,1,0,Clear,Urban Road,Dry,Daylight,No Control,35,30,Valid,No,Straight Road,0
Madhya Pradesh,Bhopal,2024,July,Sunday,08:13,Serious,3,Two-Wheeler,2,0,Hazy,Urban Road,Damaged,Daylight,No Control,35,40,Valid,No,Straight Road,1
Uttar Pradesh,Agra,2018,December,Sunday,15:43,Serious,3,Two-Wheeler,2,0,Foggy,Urban Road,Dry,Daylight,No Control,60,32,Valid,No,Straight Road,1
Telangana,Hyderabad,2022,May,Friday,11:16,Minor,2,Car,3,0,Rainy,Urban Road,Wet,Daylight,Police Checkpost,45,33,Valid,No,Straight Road,0
Uttar Pradesh,Unknown,2023,July,Sunday,10:58,Minor,1,Truck,1,0,Rainy,Village Road,Dry,Daylight,No Control,25,23,Valid,No,Straight Road,0
Maharashtra,Nashik,2022,January,Saturday,04:05,Minor,1,Two-Wheeler,1,0,Foggy,State Highway,Dry,Dark,Signs,55,31,Valid,No,Curve,0
Uttar Pradesh,Varanasi,2023,September,Sunday,04:30,Fatal,2,Two-Wheeler,4,2,Rainy,State Highway,Wet,Dawn,No Control,80,18,Valid,No,Curve,1
Gujarat,Surat,2020,December,Tuesday,11:42,Minor,2,Auto-Rickshaw,1,0,Rainy,Urban Road,Wet,Daylight,No Control,55,62,Unlicensed,No,Intersection,0
Uttar Pradesh,Unknown,2020,October,Tuesday,21:03,Minor,2,Two-Wheeler,1,0,Clear,Urban Road,Dry,Dark,Signals,35,52,Valid,No,Curve,0
Uttar Pradesh,Unknown,2019,February,Sunday,18:30,Serious,3,Truck,3,0,Clear,National Highway,Damaged,Dusk,Signals,80,66,Valid,No,Curve,1
Delhi,New Delhi,2018,May,Thursday,18:04,Fatal,7,Bus,4,2,Foggy,State Highway,Damaged,Dusk,No Control,70,51,Valid,No,Straight Road,1
Tamil Nadu,Madurai,2019,September,Wednesday,08:47,Minor,1,Two-Wheeler,3,0,Rainy,Village Road,Wet,Daylight,No Control,30,41,Valid,No,Bridge,0
Karnataka,Mysuru,2019,October,Saturday,18:28,Minor,2,Car,1,0,Hazy,Village Road,Under Construction,Dark,Signs,25,18,Valid,No,Curve,0
Maharashtra,Nagpur,2023,May,Friday,11:51,Minor,3,Car,2,0,Clear,Urban Road,Dry,Daylight,Signals,50,50,Valid,No,Curve,0
Karnataka,Mangaluru,2019,December,Wednesday,03:39,Serious,4,Bus,2,0,Foggy,Urban Road,Dry,Dark,Signals,30,53,Valid,No,Straight Road,1
Tamil Nadu,Coimbatore,2019,March,Thursday,11:19,Minor,3,Auto-Rickshaw,2,0,Clear,Village Road,Dry,Daylight,No Control,25,23,Valid,No,Curve,0
West Bengal,Durgapur,2023,September,Thursday,06:09,Minor,2,Car,3,0,Rainy,National Highway,Dry,Daylight,No Control,60,44,Unlicensed,No,Straight Road,0
Uttar Pradesh,Agra,2021,June,Monday,20:09,Minor,3,Two-Wheeler,1,0,Clear,Urban Road,Under Construction,Dark,Signs,55,39,Valid,No,Intersection,0
Odisha,Bhubaneswar,2019,September,Tuesday,19:01,Minor,3,Two-Wheeler,1,0,Rainy,Urban Road,Wet,Dusk,Signs,35,36,Valid,No,Straight Road,0
Jharkhand,Jamshedpur,2022,August,Friday,09:18,Fatal,1,Two-Wheeler,3,2,Hazy,Expressway,Dry,Daylight,No Control,115,44,Valid,No,Intersection,1
Maharashtra,Nagpur,2019,June,Saturday,16:43,Serious,1,Two-Wheeler,3,1,Rainy,National Highway,Wet,Daylight,Signs,75,43,Valid,No,Bridge,1
Maharashtra,Nagpur,2023,October,Thursday,10:21,Serious,3,Auto-Rickshaw,2,0,Hazy,Expressway,Dry,Daylight,Signs,85,25,Valid,No,Straight Road,1
Maharashtra,Nashik,2018,November,Wednesday,06:08,Serious,5,Two-Wheeler,2,0,Clear,Urban Road,Dry,Dawn,No Control,45,49,Valid,No,Straight Road,1
West Bengal,Kolkata,2022,October,Friday,17:04,Serious,3,Two-Wheeler,3,0,Clear,National Highway,Wet,Daylight,No Control,70,20,Valid,No,Straight Road,1
Maharashtra,Unknown,2022,February,Tuesday,18:26,Minor,3,Two-Wheeler,1,0,Hazy,Urban Road,Damaged,Dark,Signs,45,43,Valid,No,Straight Road,0
Delhi,New Delhi,2020,June,Wednesday,18:12,Fatal,3,Cycle,1,1,Clear,National Highway,Dry,Dusk,Signals,100,41,Expired,No,Straight Road,1
Kerala,Unknown,2022,September,Tuesday,06:44,Serious,4,Two-Wheeler,7,0,Rainy,Urban Road,Wet,Dark,Signals,50,28,Valid,No,Straight Road,1
Punjab,Amritsar,2020,November,Friday,14:20,Minor,3,Truck,2,0,Rainy,State Highway,Wet,Daylight,No Control,50,52,Valid,No,Curve,0
Rajasthan,Udaipur,2022,May,Monday,00:07,Serious,3,Bus,2,0,Clear,Urban Road,Dry,Dark,Signs,30,18,Valid,No,Curve,1
Goa,Panaji,2019,September,Thursday,04:16,Minor,2,Truck,2,0,Clear,Urban Road,Wet,Dark,Signals,55,40,Valid,No,Straight Road,0
Maharashtra,Pune,2021,July,Friday,04:26,Minor,1,Two-Wheeler,1,0,Clear,Urban Road,Dry,Dark,Signs,50,39,Valid,No,Intersection,0
Karnataka,Mysuru,2023,March,Saturday,03:02,Serious,1,Truck,4,0,Clear,State Highway,Damaged,Dark,No Control,65,56,Valid,No,Curve,1
Tamil Nadu,Coimbatore,2024,November,Saturday,10:06,Serious,1,Two-Wheeler,2,0,Clear,Village Road,Dry,Daylight,No Control,35,45,Valid,No,Curve,1
Chhattisgarh,Raipur,2020,June,Sunday,10:57,Minor,1,Car,1,0,Rainy,Village Road,Wet,Daylight,No Control,25,18,Valid,No,Straight Road,0
Madhya Pradesh,Bhopal,2021,August,Saturday,17:20,Minor,2,Auto-Rickshaw,1,0,Rainy,Urban Road,Damaged,Dark,Signs,35,32,Expired,No,Intersection,0
Punjab,Amritsar,2021,April,Wednesday,10:44,Minor,2,Car,3,0,Hazy,State Highway,Dry,Daylight,Signs,60,57,Valid,No,Bridge,0
Uttar Pradesh,Agra,2024,January,Tuesday,06:54,Fatal,4,Car,4,1,Hazy,Expressway,Dry,Dawn,Signs,110,35,Expired,No,Straight Road,1
Himachal Pradesh,Unknown,2024,June,Monday,22:06,Fatal,2,Truck,1,1,Clear,Village Road,Dry,Dark,Signs,40,24,Valid,Yes,Straight Road,1
Rajasthan,Jodhpur,2022,September,Wednesday,20:41,Minor,2,Truck,2,0,Rainy,Village Road,Wet,Dusk,No Control,25,36,Valid,No,Curve,0
Rajasthan,Unknown,2023,April,Tuesday,06:49,Serious,1,Cycle,3,0,Clear,National Highway,Dry,Dawn,No Control,85,57,Expired,No,Straight Road,1
Uttarakhand,Dehradun,2018,December,Wednesday,10:01,Minor,2,Bus,2,0,Clear,Village Road,Dry,Daylight,No Control,30,27,Valid,No,Curve,0
Karnataka,Bengaluru,2023,October,Saturday,07:18,Serious,4,Car,2,0,Clear,National Highway,Dry,Daylight,Signs,95,24,Valid,No,Straight Road,1
Karnataka,Mysuru,2023,August,Saturday,22:08,Serious,1,Two-Wheeler,4,0,Rainy,Urban Road,Wet,Dark,Signs,55,34,Valid,Yes,Intersection,1
Madhya Pradesh,Bhopal,2023,October,Wednesday,10:01,Minor,2,Car,1,0,Stormy,Urban Road,Wet,Daylight,Signals,35,29,Valid,No,Intersection,0
Maharashtra,Pune,2022,November,Thursday,05:17,Serious,3,Car,4,0,Hazy,State Highway,Damaged,Dawn,Signs,70,46,Valid,No,Curve,1
Tamil Nadu,Chennai,2024,September,Tuesday,18:10,Fatal,4,Car,1,1,Stormy,National Highway,Damaged,Dusk,Signs,60,33,Valid,Yes,Straight Road,1
Uttar Pradesh,Kanpur,2022,October,Thursday,17:53,Serious,2,Truck,2,0,Clear,Urban Road,Under Construction,Dark,Signs,45,41,Valid,No,Intersection,1
Maharashtra,Mumbai,2023,September,Thursday,08:14,Serious,1,Two-Wheeler,2,0,Rainy,State Highway,Wet,Daylight,Signs,60,57,Valid,No,Curve,1
Delhi,New Delhi,2019,November,Wednesday,10:44,Minor,2,Bus,2,0,Clear,Urban Road,Dry,Daylight,Signs,40,26,Valid,No,Straight Road,0
Madhya Pradesh,Bhopal,2022,February,Tuesday,12:03,Serious,5,Car,3,0,Clear,National Highway,Dry,Daylight,Signs,75,49,Valid,Yes,Straight Road,1
Karnataka,Mangaluru,2021,May,Sunday,09:37,Minor,1,Bus,2,0,Hazy,State Highway,Under Construction,Daylight,Signs,65,48,Valid,No,Curve,0
Karnataka,Bengaluru,2024,November,Friday,09:41,Minor,2,Two-Wheeler,1,0,Hazy,Urban Road,Dry,Daylight,Signals,55,22,Unlicensed,No,Intersection,0
Gujarat,Unknown,2024,June,Friday,19:09,Fatal,4,Bus,1,1,Hazy,Expressway,Under Construction,Daylight,Signs,100,54,Valid,No,Straight Road,1
West Bengal,Durgapur,2023,January,Monday,18:25,Serious,3,Car,3,1,Rainy,Urban Road,Damaged,Dark,No Control,55,22,Valid,No,Intersection,1
Jharkhand,Ranchi,2019,November,Tuesday,17:55,Serious,2,Car,2,0,Clear,State Highway,Dry,Daylight,Signs,80,20,Valid,Yes,Curve,1
Jharkhand,Unknown,2021,August,Wednesday,17:36,Fatal,1,Two-Wheeler,5,3,Stormy,Expressway,Wet,Dusk,Signs,90,27,Expired,No,Bridge,1
Karnataka,Hubballi,2018,November,Sunday,14:48,Minor,1,Auto-Rickshaw,3,0,Foggy,Village Road,Dry,Daylight,No Control,35,27,Valid,No,Straight Road,0
Tamil Nadu,Madurai,2024,January,Tuesday,10:25,Minor,2,Two-Wheeler,1,0,Foggy,Urban Road,Dry,Daylight,Signals,35,33,Valid,No,Intersection,0
Gujarat,Ahmedabad,2019,February,Wednesday,18:14,Minor,3,Two-Wheeler,2,0,Clear,Urban Road,Wet,Dusk,Signs,35,24,Valid,No,Curve,0
Madhya Pradesh,Unknown,2022,July,Sunday,05:28,Serious,3,Auto-Rickshaw,2,0,Rainy,State Highway,Wet,Dawn,No Control,55,44,Valid,No,Curve,1
Gujarat,Surat,2021,March,Thursday,06:24,Minor,2,Truck,1,0,Clear,Urban Road,Dry,Dawn,Police Checkpost,40,35,Valid,No,Curve,0
Telangana,Hyderabad,2024,July,Wednesday,06:58,Serious,1,Auto-Rickshaw,3,0,Clear,Village Road,Dry,Dark,No Control,25,39,Valid,No,Curve,1
Madhya Pradesh,Unknown,2023,May,Friday,18:25,Fatal,4,Tractor,3,2,Rainy,Expressway,Dry,Dark,Signs,105,45,Valid,No,Intersection,1
Tamil Nadu,Coimbatore,2023,March,Thursday,15:37,Serious,2,Two-Wheeler,3,0,Foggy,National Highway,Dry,Daylight,Signals,85,55,Valid,No,Curve,1
Karnataka,Hubballi,2022,October,Sunday,12:35,Fatal,2,Bus,4,2,Rainy,State Highway,Wet,Dawn,No Control,70,32,Unlicensed,No,Straight Road,1
Karnataka,Bengaluru,2018,January,Monday,13:22,Minor,1,Two-Wheeler,1,0,Clear,Village Road,Dry,Daylight,No Control,40,30,Valid,No,Intersection,0
Maharashtra,Nagpur,2024,November,Saturday,19:22,Minor,1,Cycle,1,0,Clear,Village Road,Dry,Dusk,No Control,25,47,Valid,No,Straight Road,0
Uttar Pradesh,Unknown,2018,February,Wednesday,06:50,Serious,2,Truck,3,0,Clear,Urban Road,Under Construction,Dark,Signs,60,52,Valid,No,Straight Road,1
Kerala,Thiruvananthapuram,2021,July,Saturday,11:12,Serious,2,Auto-Rickshaw,6,0,Rainy,National Highway,Dry,Dawn,Signs,95,38,Unlicensed,No,Straight Road,1
Karnataka,Mysuru,2020,December,Sunday,18:24,Minor,1,Car,2,0,Foggy,Urban Road,Dry,Daylight,Signals,30,38,Valid,Yes,Straight Road,0
Uttar Pradesh,Lucknow,2020,February,Sunday,17:40,Serious,2,Truck,6,0,Foggy,Urban Road,Dry,Daylight,Signals,50,34,Valid,No,Intersection,1
Madhya Pradesh,Indore,2024,December,Sunday,12:03,Serious,3,Cycle,4,0,Hazy,State Highway,Dry,Daylight,Signs,55,30,Unlicensed,No,Straight Road,1
Kerala,Kochi,2019,April,Saturday,08:40,Minor,1,Two-Wheeler,3,0,Hazy,National Highway,Dry,Daylight,Signs,60,32,Valid,No,Straight Road,0
Tamil Nadu,Coimbatore,2022,September,Tuesday,22:49,Serious,2,Two-Wheeler,3,0,Clear,State Highway,Dry,Dark,No Control,70,36,Valid,No,Straight Road,1
Haryana,Faridabad,2019,November,Monday,11:26,Minor,1,Auto-Rickshaw,2,0,Clear,Urban Road,Dry,Daylight,Signs,30,45,Valid,No,Intersection,0
Jharkhand,Jamshedpur,2024,March,Wednesday,20:34,Fatal,2,Tractor,4,1,Clear,National Highway,Damaged,Dark,No Control,65,47,Expired,No,Straight Road,1
Madhya Pradesh,Indore,2023,May,Thursday,18:29,Minor,3,Truck,1,0,Clear,Urban Road,Wet,Daylight,Signs,50,26,Valid,No,Curve,0
Telangana,Warangal,2020,November,Wednesday,20:39,Serious,1,Car,5,0,Rainy,National Highway,Wet,Dark,Signs,65,38,Valid,No,Curve,1
Maharashtra,Unknown,2018,February,Saturday,00:03,Fatal,3,Two-Wheeler,2,1,Clear,State Highway,Damaged,Dark,Signs,70,28,Valid,Yes,Curve,1
Chhattisgarh,Bilaspur,2019,February,Saturday,13:37,Serious,2,Car,4,0,Clear,Expressway,Dry,Daylight,Signs,80,34,Unlicensed,No,Curve,1
Karnataka,Mysuru,2019,April,Sunday,08:27,Minor,3,Auto-Rickshaw,2,0,Rainy,Urban Road,Wet,Daylight,Signs,40,39,Valid,No,Intersection,0
Assam,Guwahati,2020,August,Thursday,09:02,Minor,2,Two-Wheeler,1,0,Rainy,National Highway,Wet,Daylight,Signals,70,49,Valid,No,Curve,0
Madhya Pradesh,Bhopal,2024,October,Saturday,09:48,Minor,1,Two-Wheeler,2,0,Clear,Urban Road,Dry,Daylight,Signals,35,35,Valid,No,Straight Road,0
Maharashtra,Nagpur,2018,July,Saturday,11:09,Serious,1,Two-Wheeler,4,0,Stormy,National Highway,Wet,Daylight,Signs,80,42,Valid,No,Straight Road,1
Maharashtra,Mumbai,2022,June,Sunday,12:35,Minor,1,Two-Wheeler,2,0,Rainy,Urban Road,Dry,Daylight,Signals,35,24,Valid,No,Straight Road,0
Telangana,Warangal,2020,November,Saturday,16:51,Minor,2,Car,3,0,Hazy,State Highway,Dry,Daylight,Police Checkpost,55,23,Expired,No,Bridge,0
Madhya Pradesh,Bhopal,2018,March,Wednesday,09:55,Minor,2,Two-Wheeler,2,0,Clear,Village Road,Damaged,Daylight,Signs,25,34,Valid,No,Straight Road,0
Maharashtra,Nagpur,2022,November,Monday,09:37,Minor,2,Car,2,0,Clear,National Highway,Dry,Daylight,Signals,80,77,Valid,No,Straight Road,0
Kerala,Kochi,2022,April,Sunday,10:42,Minor,1,Two-Wheeler,1,0,Clear,Village Road,Dry,Daylight,Signs,30,28,Valid,No,Intersection,0
Delhi,New Delhi,2024,April,Saturday,17:35,Minor,1,Auto-Rickshaw,1,0,Clear,Urban Road,Dry,Dusk,Signals,30,39,Valid,No,Intersection,0
Rajasthan,Udaipur,2021,December,Saturday,00:46,Serious,3,Truck,2,0,Foggy,State Highway,Dry,Dark,No Control,55,42,Valid,No,Straight Road,1
Gujarat,Unknown,2020,August,Saturday,18:58,Minor,4,Truck,1,0,Clear,Village Road,Dry,Daylight,No Control,20,37,Expired,No,Straight Road,0
Maharashtra,Nashik,2023,June,Saturday,10:27,Serious,1,Auto-Rickshaw,2,0,Rainy,State Highway,Wet,Daylight,Police Checkpost,75,30,Valid,No,Straight Road,1
Bihar,Gaya,2019,April,Saturday,15:24,Minor,2,Two-Wheeler,1,0,Clear,Urban Road,Dry,Daylight,No Control,45,44,Valid,No,Straight Road,0
Tamil Nadu,Chennai,2022,June,Sunday,18:10,Serious,3,Tractor,2,0,Rainy,Urban Road,Wet,Daylight,No Control,35,26,Expired,No,Bridge,1
Odisha,Bhubaneswar,2024,October,Sunday,14:58,Minor,2,Two-Wheeler,2,0,Clear,State Highway,Dry,Daylight,Signs,65,42,Valid,No,Curve,0
Karnataka,Mysuru,2018,February,Wednesday,17:54,Fatal,4,Car,2,1,Rainy,National Highway,Wet,Dusk,Signs,90,30,Valid,No,Intersection,1
Madhya Pradesh,Bhopal,2024,March,Monday,21:42,Minor,3,Two-Wheeler,2,0,Clear,Village Road,Dry,Dark,Signs,35,49,Unlicensed,No,Straight Road,0
Tamil Nadu,Chennai,2019,April,Monday,01:39,Fatal,2,Cycle,1,1,Clear,National Highway,Dry,Dark,Signs,95,18,Valid,No,Straight Road,1
Uttar Pradesh,Unknown,2021,June,Thursday,10:12,Minor,6,Car,2,0,Rainy,Village Road,Wet,Daylight,No Control,25,36,Valid,No,Straight Road,0
Bihar,Patna,2019,October,Saturday,21:54,Serious,1,Two-Wheeler,4,0,Clear,State Highway,Dry,Dark,Signs,55,24,Valid,No,Straight Road,1
Rajasthan,Unknown,2019,March,Sunday,19:03,Serious,2,Car,2,0,Clear,State Highway,Dry,Dusk,No Control,70,47,Valid,No,Curve,1
Rajasthan,Jodhpur,2022,October,Thursday,16:37,Minor,4,Tractor,1,0,Clear,State Highway,Under Construction,Daylight,Signs,75,47,Valid,No,Bridge,0
Uttarakhand,Dehradun,2021,November,Wednesday,08:15,Serious,4,Two-Wheeler,2,0,Clear,Urban Road,Dry,Daylight,Signs,35,18,Valid,Yes,Intersection,1
Uttarakhand,Dehradun,2021,June,Thursday,10:27,Fatal,4,Two-Wheeler,7,2,Clear,Expressway,Dry,Daylight,No Control,110,22,Valid,No,Bridge,1
Delhi,New Delhi,2021,December,Saturday,20:05,Serious,1,Two-Wheeler,2,0,Clear,National Highway,Dry,Dark,Signs,80,48,Valid,No,Straight Road,1
Uttar Pradesh,Unknown,2023,November,Friday,17:08,Serious,4,Two-Wheeler,2,0,Clear,Urban Road,Damaged,Dusk,Police Checkpost,55,35,Valid,No,Intersection,1
Madhya Pradesh,Bhopal,2024,October,Tuesday,09:22,Minor,5,Auto-Rickshaw,3,0,Clear,State Highway,Dry,Daylight,Signs,55,44,Valid,No,Curve,0
Delhi,New Delhi,2021,May,Wednesday,06:23,Serious,1,Car,4,0,Clear,National Highway,Dry,Dawn,Signs,75,37,Valid,No,Straight Road,1
Karnataka,Mangaluru,2019,April,Friday,18:52,Serious,1,Two-Wheeler,3,0,Clear,State Highway,Wet,Daylight,Signs,70,39,Expired,No,Curve,1
Maharashtra,Nagpur,2020,November,Friday,15:35,Minor,1,Auto-Rickshaw,1,0,Clear,Urban Road,Damaged,Daylight,Signs,55,49,Valid,No,Straight Road,0
Punjab,Unknown,2021,June,Saturday,22:01,Serious,1,Auto-Rickshaw,3,0,Hazy,Urban Road,Dry,Dusk,No Control,55,23,Valid,No,Straight Road,1
Gujarat,Vadodara,2018,January,Sunday,11:55,Serious,2,Tractor,4,0,Foggy,State Highway,Dry,Daylight,Signs,65,32,Valid,No,Curve,1
Madhya Pradesh,Bhopal,2019,September,Monday,10:36,Fatal,4,Two-Wheeler,5,3,Rainy,Expressway,Wet,Daylight,Signs,95,25,Valid,No,Curve,1
Jammu and Kashmir,Srinagar,2019,May,Tuesday,09:49,Minor,4,Car,1,0,Clear,State Highway,Damaged,Daylight,No Control,55,40,Valid,No,Straight Road,0
West Bengal,Unknown,2024,December,Wednesday,13:55,Minor,5,Auto-Rickshaw,3,0,Foggy,Village Road,Dry,Daylight,No Control,30,21,Valid,No,Bridge,0
Gujarat,Vadodara,2020,November,Wednesday,10:30,Fatal,5,Two-Wheeler,2,1,Clear,National Highway,Dry,Daylight,Signs,100,48,Valid,No,Straight Road,1
Karnataka,Unknown,2024,February,Thursday,04:10,Minor,5,Two-Wheeler,1,0,Foggy,Urban Road,Dry,Dark,Signs,35,31,Valid,No,Straight Road,0
Karnataka,Bengaluru,2021,November,Monday,09:26,Minor,3,Auto-Rickshaw,3,0,Clear,State Highway,Dry,Dawn,Police Checkpost,80,43,Valid,No,Intersection,0
Maharashtra,Pune,2021,December,Monday,08:41,Minor,5,Two-Wheeler,1,0,Foggy,Urban Road,Dry,Daylight,No Control,40,28,Valid,No,Intersection,0
Punjab,Amritsar,2024,October,Saturday,19:01,Minor,3,Truck,1,0,Hazy,Village Road,Dry,Dusk,No Control,20,47,Valid,Yes,Curve,0
Haryana,Gurugram,2022,April,Monday,08:56,Minor,4,Cycle,2,0,Clear,Urban Road,Dry,Daylight,Signs,50,51,Unlicensed,No,Intersection,0
Tamil Nadu,Coimbatore,2019,September,Saturday,13:21,Serious,3,Car,3,0,Rainy,State Highway,Wet,Daylight,Signs,65,46,Valid,No,Straight Road,1
Tamil Nadu,Unknown,2019,November,Wednesday,17:39,Serious,2,Auto-Rickshaw,3,0,Rainy,Urban Road,Dry,Daylight,No Control,50,26,Valid,Yes,Straight Road,1
Delhi,New Delhi,2022,October,Wednesday,06:58,Serious,2,Bus,2,0,Clear,State Highway,Dry,Dawn,No Control,80,55,Valid,No,Bridge,1
Maharashtra,Nashik,2018,June,Monday,14:51,Serious,3,Bus,2,0,Clear,National Highway,Dry,Daylight,No Control,65,45,Valid,No,Straight Road,1
Rajasthan,Jaipur,2019,September,Monday,20:44,Serious,3,Truck,5,1,Hazy,Urban Road,Under Construction,Dark,Signals,45,29,Valid,No,Straight Road,1
Gujarat,Ahmedabad,2018,May,Wednesday,15:17,Minor,2,Two-Wheeler,1,0,Clear,Village Road,Dry,Daylight,No Control,25,40,Valid,No,Curve,0
Andhra Pradesh,Visakhapatnam,2022,April,Saturday,13:31,Serious,3,Car,4,0,Hazy,National Highway,Dry,Daylight,Signals,80,55,Valid,No,Curve,1
Uttar Pradesh,Kanpur,2021,September,Sunday,19:30,Minor,3,Auto-Rickshaw,1,0,Clear,Urban Road,Dry,Daylight,Signs,35,26,Expired,Yes,Straight Road,0
Telangana,Hyderabad,2018,June,Monday,22:51,Minor,3,Two-Wheeler,2,0,Clear,Village Road,Dry,Dark,Signs,25,26,Valid,Yes,Curve,0
Karnataka,Unknown,2023,March,Monday,19:02,Minor,1,Two-Wheeler,1,0,Clear,Urban Road,Dry,Dusk,Signs,45,35,Valid,No,Intersection,0
West Bengal,Kolkata,2022,August,Tuesday,11:01,Minor,3,Car,1,0,Stormy,Urban Road,Wet,Daylight,Signs,40,20,Valid,No,Straight Road,0
Maharashtra,Pune,2023,April,Saturday,16:07,Serious,1,Car,4,0,Clear,National Highway,Dry,Daylight,Signals,90,38,Expired,No,Curve,1
Gujarat,Surat,2019,August,Tuesday,14:57,Fatal,2,Bus,3,1,Clear,National Highway,Dry,Daylight,No Control,80,46,Valid,Yes,Intersection,1
Rajasthan,Udaipur,2024,May,Tuesday,09:32,Serious,3,Tractor,4,0,Clear,State Highway,Dry,Daylight,Signs,70,39,Valid,No,Curve,1
Uttar Pradesh,Lucknow,2019,November,Sunday,12:41,Minor,4,Two-Wheeler,2,0,Clear,Urban Road,Dry,Daylight,Signals,50,28,Valid,No,Curve,0
Uttar Pradesh,Varanasi,2021,November,Sunday,19:05,Serious,4,Two-Wheeler,2,0,Clear,State Highway,Dry,Dusk,No Control,50,48,Expired,No,Straight Road,1
Uttar Pradesh,Varanasi,2021,June,Friday,09:00,Minor,2,Bus,2,0,Hazy,Urban Road,Under Construction,Daylight,Signals,45,35,Valid,No,Straight Road,0
Karnataka,Bengaluru,2019,September,Tuesday,20:39,Serious,1,Two-Wheeler,3,0,Rainy,Urban Road,Wet,Dark,No Control,45,28,Valid,No,Straight Road,1
Maharashtra,Pune,2020,March,Wednesday,23:42,Minor,2,Two-Wheeler,2,0,Clear,National Highway,Dry,Dark,No Control,85,40,Valid,No,Straight Road,0
Chhattisgarh,Bilaspur,2018,December,Tuesday,09:25,Minor,1,Two-Wheeler,3,0,Clear,Urban Road,Dry,Daylight,No Control,30,51,Unlicensed,No,Straight Road,0
Karnataka,Bengaluru,2021,March,Friday,06:04,Minor,2,Two-Wheeler,1,0,Clear,Urban Road,Dry,Dawn,Police Checkpost,35,30,Valid,No,Straight Road,0
Punjab,Amritsar,2022,November,Saturday,22:29,Fatal,3,Truck,3,1,Clear,Urban Road,Dry,Dark,No Control,55,56,Unlicensed,Yes,Straight Road,1
Himachal Pradesh,Shimla,2020,November,Tuesday,07:38,Minor,2,Two-Wheeler,1,0,Clear,Urban Road,Dry,Daylight,Signs,50,38,Valid,No,Straight Road,0
Maharashtra,Mumbai,2021,March,Sunday,18:12,Minor,1,Car,1,0,Rainy,State Highway,Wet,Daylight,Signs,60,39,Valid,No,Intersection,0
Telangana,Hyderabad,2024,January,Thursday,01:18,Minor,2,Truck,1,0,Clear,Urban Road,Dry,Dark,No Control,30,38,Valid,Yes,Curve,0
Delhi,Unknown,2019,September,Saturday,08:44,Minor,1,Two-Wheeler,2,0,Rainy,Urban Road,Under Construction,Daylight,No Control,35,30,Valid,No,Intersection,0
West Bengal,Unknown,2020,November,Monday,08:12,Serious,2,Two-Wheeler,2,0,Clear,Urban Road,Dry,Daylight,No Control,50,22,Valid,No,Intersection,1
Gujarat,Vadodara,2018,September,Wednesday,09:05,Serious,2,Two-Wheeler,4,0,Rainy,Urban Road,Wet,Daylight,No Control,50,60,Valid,No,Bridge,1
Gujarat,Vadodara,2021,January,Monday,21:37,Fatal,3,Bus,5,1,Hazy,National Highway,Dry,Dark,Signs,95,23,Valid,Yes,Straight Road,1
Maharashtra,Nagpur,2019,August,Saturday,07:01,Serious,4,Two-Wheeler,3,1,Rainy,Urban Road,Wet,Daylight,Signs,45,52,Valid,No,Straight Road,1
Rajasthan,Jodhpur,2023,May,Monday,07:26,Serious,5,Auto-Rickshaw,3,0,Clear,State Highway,Dry,Daylight,Signs,75,58,Valid,No,Curve,1
Goa,Panaji,2020,November,Wednesday,17:34,Minor,2,Auto-Rickshaw,2,0,Hazy,National Highway,Dry,Dusk,Police Checkpost,70,28,Valid,No,Straight Road,0
Chhattisgarh,Raipur,2022,October,Saturday,22:03,Minor,1,Car,1,0,Clear,National Highway,Damaged,Dark,Signals,65,44,Valid,No,Curve,0
Maharashtra,Mumbai,2019,October,Saturday,11:39,Minor,2,Cycle,1,0,Clear,Village Road,Under Construction,Daylight,Signs,25,45,Valid,No,Intersection,0
Andhra Pradesh,Unknown,2020,May,Friday,18:49,Serious,1,Two-Wheeler,5,0,Clear,Urban Road,Dry,Dusk,Signals,55,45,Valid,Yes,Intersection,1
Tamil Nadu,Chennai,2019,April,Saturday,01:58,Serious,1,Two-Wheeler,2,0,Hazy,Village Road,Dry,Dark,No Control,35,29,Valid,Yes,Straight Road,1
Odisha,Cuttack,2021,October,Friday,19:15,Minor,4,Two-Wheeler,1,0,Clear,Urban Road,Dry,Dusk,No Control,30,32,Valid,No,Straight Road,0
Maharashtra,Nashik,2018,February,Friday,18:19,Minor,3,Truck,1,0,Clear,Village Road,Damaged,Daylight,No Control,25,47,Valid,No,Curve,0
Jharkhand,Jamshedpur,2018,February,Wednesday,21:37,Minor,2,Car,2,0,Rainy,Urban Road,Dry,Dark,Signs,30,18,Unlicensed,No,Intersection,0
Haryana,Faridabad,2021,January,Monday,16:35,Serious,1,Tractor,2,1,Foggy,Urban Road,Under Construction,Daylight,Signals,50,18,Valid,No,Intersection,1
Maharashtra,Nagpur,2021,July,Thursday,22:36,Fatal,3,Auto-Rickshaw,5,2,Rainy,National Highway,Wet,Dark,Signs,90,38,Valid,Yes,Curve,1
Maharashtra,Nashik,2020,January,Monday,11:18,Minor,1,Car,3,0,Foggy,Urban Road,Dry,Daylight,Signals,55,35,Valid,No,Straight Road,0
Haryana,Unknown,2021,July,Thursday,18:03,Serious,4,Car,2,0,Rainy,Urban Road,Wet,Daylight,No Control,35,39,Valid,Yes,Straight Road,1
Uttar Pradesh,Unknown,2020,March,Thursday,18:01,Serious,4,Two-Wheeler,3,0,Clear,National Highway,Dry,Dusk,Signs,80,28,Expired,No,Intersection,1
Rajasthan,Jodhpur,2023,November,Tuesday,09:59,Minor,3,Two-Wheeler,1,0,Clear,National Highway,Dry,Daylight,Police Checkpost,75,46,Valid,No,Curve,0
Assam,Guwahati,2021,June,Saturday,21:24,Fatal,4,Two-Wheeler,3,3,Rainy,State Highway,Wet,Dark,No Control,80,47,Valid,Yes,Curve,1
Madhya Pradesh,Gwalior,2023,February,Saturday,18:26,Serious,2,Car,3,0,Clear,National Highway,Dry,Dusk,Signals,95,39,Valid,No,Straight Road,1
Karnataka,Bengaluru,2019,September,Friday,20:37,Serious,3,Two-Wheeler,3,0,Rainy,Urban Road,Wet,Dark,Signs,55,21,Valid,No,Straight Road,1
Gujarat,Unknown,2019,May,Sunday,10:12,Minor,1,Auto-Rickshaw,1,0,Hazy,Urban Road,Damaged,Dusk,No Control,35,49,Valid,No,Bridge,0
Maharashtra,Nagpur,2020,April,Wednesday,19:22,Minor,1,Tractor,4,0,Clear,Village Road,Dry,Dusk,No Control,25,18,Valid,No,Straight Road,0
Uttarakhand,Dehradun,2018,August,Tuesday,09:26,Minor,2,Two-Wheeler,2,0,Rainy,Urban Road,Wet,Daylight,Signs,55,22,Valid,No,Straight Road,0
Tamil Nadu,Madurai,2022,December,Tuesday,22:05,Minor,2,Truck,1,0,Clear,Urban Road,Dry,Dark,Police Checkpost,50,46,Valid,No,Intersection,0
Uttar Pradesh,Varanasi,2020,December,Friday,00:36,Minor,3,Car,3,0,Hazy,Urban Road,Dry,Dark,Signs,45,23,Unlicensed,No,Straight Road,0
Tamil Nadu,Coimbatore,2020,June,Tuesday,16:11,Minor,1,Car,2,0,Hazy,Urban Road,Dry,Daylight,Police Checkpost,30,28,Valid,No,Straight Road,0
Uttarakhand,Dehradun,2021,November,Sunday,05:00,Serious,2,Bus,4,0,Hazy,State Highway,Dry,Dawn,No Control,60,39,Valid,No,Straight Road,1
Maharashtra,Pune,2018,March,Wednesday,18:37,Fatal,4,Car,2,2,Rainy,State Highway,Wet,Dusk,No Control,80,48,Valid,No,Intersection,1
Delhi,New Delhi,2020,November,Thursday,10:18,Serious,1,Truck,3,0,Rainy,National Highway,Damaged,Daylight,No Control,80,44,Valid,No,Curve,1
Andhra Pradesh,Vijayawada,2024,December,Friday,20:43,Serious,3,Two-Wheeler,3,0,Clear,Urban Road,Dry,Dark,Signs,55,53,Expired,No,Curve,1
Haryana,Faridabad,2022,July,Wednesday,20:32,Fatal,3,Two-Wheeler,2,2,Rainy,State Highway,Wet,Dark,No Control,60,32,Valid,No,Intersection,1
Himachal Pradesh,Unknown,2022,July,Saturday,11:01,Minor,1,Auto-Rickshaw,1,0,Rainy,Urban Road,Wet,Daylight,Signs,55,27,Valid,No,Straight Road,0
Haryana,Gurugram,2021,July,Saturday,19:41,Minor,3,Tractor,1,0,Rainy,Village Road,Wet,Dusk,Signs,35,22,Valid,No,Straight Road,0
Jharkhand,Jamshedpur,2021,January,Saturday,17:02,Minor,3,Car,2,0,Hazy,Urban Road,Dry,Daylight,Signals,50,38,Valid,No,Bridge,0
Maharashtra,Nagpur,2024,November,Friday,12:18,Serious,4,Two-Wheeler,3,0,Clear,State Highway,Dry,Daylight,No Control,75,40,Valid,No,Intersection,1
Punjab,Amritsar,2024,September,Thursday,10:41,Minor,2,Car,2,0,Clear,Urban Road,Dry,Daylight,Police Checkpost,30,66,Valid,No,Straight Road,0
Madhya Pradesh,Unknown,2020,November,Thursday,08:24,Minor,1,Car,1,0,Clear,Urban Road,Dry,Daylight,Signals,40,44,Unlicensed,No,Straight Road,0
Madhya Pradesh,Indore,2024,February,Saturday,03:23,Serious,3,Truck,3,0,Clear,Village Road,Dry,Dark,No Control,20,18,Valid,No,Intersection,1
Odisha,Bhubaneswar,2018,October,Wednesday,14:13,Minor,3,Two-Wheeler,1,0,Clear,Urban Road,Dry,Daylight,Signs,50,51,Valid,No,Straight Road,0
Uttarakhand,Dehradun,2020,May,Thursday,14:26,Minor,3,Auto-Rickshaw,4,0,Clear,State Highway,Dry,Daylight,No Control,60,27,Unlicensed,No,Straight Road,0
Andhra Pradesh,Vijayawada,2020,October,Tuesday,12:17,Minor,2,Tractor,1,0,Clear,Village Road,Dry,Daylight,No Control,30,21,Expired,No,Curve,0
Gujarat,Surat,2022,December,Saturday,22:56,Serious,1,Cycle,3,0,Foggy,National Highway,Dry,Dark,Signals,95,49,Valid,No,Straight Road,1
Gujarat,Vadodara,2022,November,Monday,00:41,Serious,2,Tractor,5,0,Clear,State Highway,Dry,Dark,No Control,70,47,Valid,No,Straight Road,1
Karnataka,Hubballi,2021,November,Sunday,20:54,Fatal,4,Two-Wheeler,4,2,Clear,National Highway,Dry,Dark,Signs,85,50,Valid,Yes,Straight Road,1
Karnataka,Hubballi,2019,February,Tuesday,19:20,Minor,2,Two-Wheeler,1,0,Clear,State Highway,Dry,Dusk,Signs,50,30,Valid,No,Curve,0
Karnataka,Unknown,2021,April,Wednesday,18:57,Serious,2,Bus,3,0,Foggy,State Highway,Dry,Daylight,Signs,70,64,Expired,No,Intersection,1
Maharashtra,Nagpur,2019,April,Tuesday,14:16,Serious,4,Car,3,0,Clear,National Highway,Dry,Daylight,No Control,75,48,Unlicensed,No,Intersection,1
Maharashtra,Unknown,2021,July,Wednesday,07:18,Fatal,1,Tractor,3,1,Rainy,National Highway,Under Construction,Daylight,Police Checkpost,100,26,Valid,No,Intersection,1
Bihar,Gaya,2020,December,Wednesday,20:17,Serious,3,Two-Wheeler,2,0,Hazy,National Highway,Dry,Dark,Signs,75,64,Expired,No,Straight Road,1
Gujarat,Surat,2024,September,Saturday,18:35,Serious,2,Two-Wheeler,3,0,Stormy,Village Road,Dry,Dark,No Control,35,44,Valid,No,Intersection,1
Jharkhand,Ranchi,2023,July,Tuesday,19:36,Fatal,5,Truck,4,2,Rainy,Urban Road,Wet,Daylight,Signs,45,37,Valid,Yes,Curve,1
West Bengal,Kolkata,2019,October,Wednesday,08:03,Minor,2,Car,2,0,Clear,Urban Road,Dry,Daylight,Signals,40,30,Valid,No,Straight Road,0
Maharashtra,Mumbai,2024,March,Monday,15:33,Serious,4,Two-Wheeler,4,0,Hazy,Urban Road,Dry,Daylight,No Control,35,18,Expired,No,Intersection,1
Uttar Pradesh,Agra,2022,August,Wednesday,12:57,Minor,1,Car,2,0,Rainy,Urban Road,Wet,Daylight,No Control,35,46,Expired,No,Bridge,0
Uttar Pradesh,Agra,2020,July,Sunday,16:24,Serious,2,Bus,3,0,Rainy,National Highway,Wet,Daylight,Signals,80,30,Valid,No,Straight Road,1
Himachal Pradesh,Shimla,2021,March,Wednesday,18:41,Minor,4,Car,1,0,Clear,Village Road,Dry,Dark,Signs,35,34,Unlicensed,No,Curve,0
Uttar Pradesh,Varanasi,2019,August,Saturday,07:37,Minor,3,Two-Wheeler,1,0,Hazy,State Highway,Damaged,Daylight,Signs,80,36,Valid,No,Straight Road,0
Rajasthan,Jaipur,2018,November,Thursday,07:58,Minor,3,Bus,1,0,Rainy,State Highway,Wet,Daylight,No Control,60,27,Valid,No,Intersection,0
Jharkhand,Jamshedpur,2020,October,Thursday,02:38,Minor,3,Truck,1,0,Hazy,Village Road,Dry,Dark,No Control,20,43,Valid,No,Intersection,0
Himachal Pradesh,Shimla,2023,November,Saturday,06:28,Fatal,1,Car,1,1,Foggy,National Highway,Dry,Dark,No Control,70,27,Valid,Yes,Intersection,1
Uttar Pradesh,Varanasi,2020,October,Monday,08:00,Serious,4,Car,2,0,Clear,State Highway,Wet,Daylight,No Control,65,18,Valid,No,Straight Road,1
Maharashtra,Nashik,2020,June,Sunday,04:48,Minor,3,Two-Wheeler,1,0,Clear,Village Road,Dry,Dark,No Control,30,38,Valid,No,Straight Road,0
Uttar Pradesh,Agra,2024,January,Thursday,10:20,Serious,4,Two-Wheeler,3,0,Foggy,Urban Road,Dry,Dawn,No Control,35,30,Unlicensed,No,Bridge,1
Maharashtra,Nashik,2024,December,Wednesday,17:55,Fatal,3,Bus,3,1,Foggy,State Highway,Dry,Dusk,No Control,55,18,Unlicensed,No,Intersection,1
Uttar Pradesh,Varanasi,2021,June,Sunday,19:14,Fatal,1,Car,6,1,Rainy,Expressway,Wet,Daylight,Signs,105,22,Valid,No,Intersection,1
Madhya Pradesh,Gwalior,2018,August,Wednesday,10:26,Minor,2,Tractor,1,0,Clear,Village Road,Dry,Daylight,No Control,25,39,Valid,No,Intersection,0
Assam,Guwahati,2022,January,Sunday,04:49,Serious,4,Tractor,4,0,Foggy,Village Road,Under Construction,Dark,No Control,25,39,Valid,No,Straight Road,1
Rajasthan,Jodhpur,2023,November,Sunday,18:09,Serious,4,Two-Wheeler,2,0,Clear,National Highway,Dry,Daylight,Signs,75,54,Valid,No,Straight Road,1
West Bengal,Unknown,2024,November,Wednesday,11:16,Minor,2,Two-Wheeler,1,0,Hazy,Village Road,Dry,Daylight,No Control,40,51,Valid,No,Straight Road,0
Uttar Pradesh,Agra,2024,December,Wednesday,08:47,Minor,2,Truck,1,0,Hazy,Urban Road,Dry,Daylight,Signs,55,42,Valid,No,Intersection,0
Punjab,Amritsar,2022,March,Saturday,13:19,Minor,3,Bus,3,0,Clear,Urban Road,Dry,Daylight,No Control,40,29,Valid,No,Intersection,0
West Bengal,Kolkata,2018,November,Tuesday,22:57,Fatal,1,Two-Wheeler,3,2,Hazy,National Highway,Under Construction,Dark,No Control,90,30,Valid,No,Straight Road,1
Delhi,New Delhi,2019,August,Saturday,11:32,Minor,2,Car,2,0,Clear,Urban Road,Dry,Daylight,Signs,60,42,Valid,No,Straight Road,0
Chhattisgarh,Raipur,2023,February,Monday,22:49,Serious,2,Two-Wheeler,2,0,Clear,National Highway,Damaged,Dark,Signs,70,49,Expired,No,Intersection,1
Karnataka,Bengaluru,2022,July,Tuesday,08:32,Minor,3,Two-Wheeler,1,0,Hazy,Village Road,Damaged,Daylight,No Control,20,44,Valid,No,Straight Road,0
Maharashtra,Mumbai,2021,June,Thursday,05:02,Minor,1,Car,2,0,Clear,Urban Road,Dry,Dawn,Signals,35,31,Valid,No,Curve,0
Uttar Pradesh,Unknown,2020,August,Saturday,06:48,Minor,1,Two-Wheeler,1,0,Clear,Urban Road,Under Construction,Dawn,Signals,55,39,Valid,No,Intersection,0
Gujarat,Ahmedabad,2022,February,Saturday,18:25,Fatal,2,Two-Wheeler,2,2,Foggy,National Highway,Wet,Daylight,Signs,65,34,Unlicensed,No,Bridge,1
Chhattisgarh,Raipur,2020,July,Friday,14:23,Serious,3,Car,3,0,Clear,State Highway,Damaged,Daylight,No Control,55,18,Unlicensed,No,Curve,1
Karnataka,Hubballi,2019,September,Wednesday,15:44,Serious,2,Two-Wheeler,5,0,Rainy,Urban Road,Wet,Daylight,No Control,60,34,Unlicensed,No,Intersection,1
Bihar,Gaya,2024,September,Thursday,22:16,Serious,3,Two-Wheeler,3,0,Rainy,Village Road,Wet,Dusk,Police Checkpost,25,32,Expired,Yes,Intersection,1
Rajasthan,Udaipur,2020,October,Tuesday,14:25,Serious,4,Truck,3,0,Clear,Urban Road,Dry,Daylight,No Control,45,47,Valid,No,Intersection,1
Uttar Pradesh,Lucknow,2019,August,Wednesday,05:36,Fatal,3,Bus,3,2,Clear,National Highway,Under Construction,Dark,Signs,95,24,Expired,No,Curve,1
Tamil Nadu,Madurai,2018,September,Wednesday,18:35,Fatal,2,Car,4,2,Stormy,State Highway,Wet,Daylight,No Control,75,25,Unlicensed,No,Intersection,1
Telangana,Hyderabad,2021,February,Friday,07:43,Minor,2,Car,1,0,Clear,State Highway,Dry,Daylight,No Control,60,50,Valid,No,Curve,0
Telangana,Warangal,2024,October,Tuesday,15:04,Minor,2,Two-Wheeler,1,0,Clear,Urban Road,Damaged,Daylight,No Control,35,26,Valid,No,Straight Road,0
Gujarat,Unknown,2019,May,Monday,20:59,Serious,3,Auto-Rickshaw,3,0,Clear,Urban Road,Under Construction,Dusk,No Control,45,29,Valid,Yes,Straight Road,1
Uttar Pradesh,Kanpur,2019,July,Saturday,13:36,Serious,2,Two-Wheeler,5,0,Rainy,National Highway,Damaged,Daylight,Police Checkpost,70,43,Valid,No,Straight Road,1
Kerala,Kochi,2019,July,Monday,09:37,Serious,1,Two-Wheeler,3,0,Rainy,National Highway,Damaged,Daylight,No Control,90,46,Valid,No,Curve,1
Uttar Pradesh,Agra,2018,December,Sunday,15:52,Minor,2,Two-Wheeler,3,0,Stormy,Urban Road,Dry,Daylight,Signals,50,54,Valid,No,Bridge,0
Jharkhand,Jamshedpur,2022,April,Wednesday,06:29,Serious,3,Two-Wheeler,3,0,Hazy,Urban Road,Dry,Dawn,Signs,40,33,Valid,No,Intersection,1
Uttar Pradesh,Varanasi,2020,May,Monday,09:01,Serious,2,Truck,3,0,Clear,National Highway,Dry,Daylight,No Control,75,33,Valid,No,Straight Road,1
Maharashtra,Unknown,2023,October,Sunday,14:07,Minor,1,Tractor,1,0,Clear,Urban Road,Under Construction,Daylight,Signals,35,35,Unlicensed,No,Intersection,0
Rajasthan,Jaipur,2020,August,Friday,08:56,Minor,2,Car,1,0,Stormy,Urban Road,Wet,Dark,Signs,50,30,Valid,No,Straight Road,0
Rajasthan,Jodhpur,2022,April,Saturday,01:59,Fatal,3,Two-Wheeler,3,1,Clear,National Highway,Damaged,Dark,Signs,95,42,Expired,Yes,Bridge,1
Rajasthan,Jaipur,2018,May,Thursday,15:05,Serious,2,Bus,2,0,Clear,National Highway,Dry,Daylight,No Control,95,33,Valid,No,Intersection,1
Gujarat,Unknown,2020,October,Wednesday,11:41,Serious,3,Two-Wheeler,5,0,Clear,State Highway,Dry,Daylight,Signs,70,22,Valid,No,Intersection,1
Goa,Unknown,2020,November,Friday,11:39,Minor,1,Car,1,0,Clear,Urban Road,Dry,Daylight,Signals,50,18,Valid,No,Intersection,0
Rajasthan,Udaipur,2018,February,Thursday,23:09,Fatal,3,Car,3,1,Foggy,National Highway,Wet,Dark,Signals,95,35,Expired,Yes,Curve,1
Gujarat,Surat,2020,May,Friday,05:47,Minor,2,Car,3,0,Clear,Expressway,Dry,Dark,Signs,90,44,Valid,No,Straight Road,0
Gujarat,Ahmedabad,2021,October,Wednesday,06:27,Minor,1,Two-Wheeler,2,0,Clear,Urban Road,Dry,Dawn,Signs,55,29,Unlicensed,No,Intersection,0
Maharashtra,Nagpur,2020,February,Wednesday,20:13,Minor,1,Cycle,2,0,Clear,Urban Road,Dry,Dusk,Signals,35,21,Unlicensed,No,Straight Road,0
Madhya Pradesh,Gwalior,2021,March,Monday,06:33,Fatal,1,Two-Wheeler,1,1,Rainy,Expressway,Wet,Dawn,Signs,110,55,Expired,No,Straight Road,1
Uttar Pradesh,Agra,2023,February,Saturday,21:54,Minor,1,Car,2,0,Clear,State Highway,Dry,Dark,Signs,55,33,Valid,No,Intersection,0
West Bengal,Kolkata,2023,July,Wednesday,17:13,Minor,1,Two-Wheeler,2,0,Rainy,Urban Road,Wet,Daylight,Police Checkpost,45,48,Valid,No,Straight Road,0
Maharashtra,Mumbai,2018,June,Sunday,14:37,Serious,2,Car,3,0,Stormy,State Highway,Wet,Daylight,No Control,50,50,Valid,No,Curve,1
Jammu and Kashmir,Jammu,2022,April,Tuesday,09:43,Fatal,2,Bus,3,1,Rainy,National Highway,Damaged,Daylight,No Control,60,55,Valid,No,Straight Road,1
Gujarat,Surat,2024,February,Thursday,10:37,Minor,2,Car,1,0,Clear,Urban Road,Damaged,Daylight,No Control,50,36,Valid,No,Straight Road,0
Odisha,Bhubaneswar,2024,August,Wednesday,19:39,Serious,2,Two-Wheeler,4,0,Rainy,National Highway,Dry,Daylight,No Control,95,20,Valid,No,Straight Road,1
Gujarat,Unknown,2020,October,Saturday,03:43,Minor,4,Truck,1,0,Clear,Village Road,Dry,Dark,Signs,20,18,Valid,No,Straight Road,0
Maharashtra,Nashik,2023,March,Saturday,18:14,Serious,3,Bus,3,0,Foggy,Urban Road,Dry,Dark,Police Checkpost,55,34,Valid,No,Curve,1
Punjab,Ludhiana,2023,August,Thursday,19:06,Minor,1,Two-Wheeler,1,0,Clear,Urban Road,Dry,Dark,Signals,50,57,Valid,No,Straight Road,0
Telangana,Hyderabad,2020,October,Wednesday,17:59,Serious,4,Two-Wheeler,2,0,Clear,Urban Road,Dry,Daylight,Signals,50,38,Valid,No,Curve,1
Bihar,Unknown,2024,July,Saturday,02:19,Minor,2,Car,1,0,Rainy,Village Road,Dry,Dark,No Control,25,53,Valid,No,Intersection,0
Gujarat,Unknown,2022,July,Tuesday,18:56,Fatal,3,Car,4,2,Stormy,National Highway,Wet,Daylight,Police Checkpost,95,25,Valid,No,Curve,1
West Bengal,Kolkata,2023,March,Friday,18:16,Minor,2,Two-Wheeler,2,0,Clear,Urban Road,Dry,Dusk,Signs,50,54,Valid,No,Intersection,0
Delhi,New Delhi,2023,December,Saturday,00:15,Minor,3,Truck,1,0,Clear,National Highway,Damaged,Dusk,Signals,65,45,Valid,Yes,Straight Road,0
West Bengal,Kolkata,2023,December,Wednesday,20:01,Serious,4,Car,4,0,Hazy,National Highway,Dry,Dark,Police Checkpost,95,39,Unlicensed,No,Straight Road,1
Karnataka,Unknown,2024,September,Friday,06:26,Fatal,2,Two-Wheeler,4,3,Rainy,State Highway,Wet,Dawn,Signs,60,48,Unlicensed,No,Straight Road,1
Telangana,Warangal,2024,November,Saturday,22:56,Fatal,3,Two-Wheeler,2,2,Clear,State Highway,Damaged,Dark,Police Checkpost,65,30,Unlicensed,No,Intersection,1
Telangana,Hyderabad,2020,August,Monday,03:53,Serious,2,Two-Wheeler,3,0,Clear,National Highway,Dry,Dark,No Control,65,43,Valid,Yes,Straight Road,1
Chhattisgarh,Raipur,2021,August,Wednesday,08:18,Minor,6,Two-Wheeler,1,0,Hazy,Urban Road,Dry,Daylight,Police Checkpost,40,27,Unlicensed,No,Intersection,0
Karnataka,Unknown,2022,October,Thursday,17:24,Minor,2,Cycle,2,0,Clear,Urban Road,Dry,Daylight,No Control,50,30,Valid,No,Intersection,0
Gujarat,Surat,2023,January,Saturday,06:40,Serious,3,Two-Wheeler,3,0,Foggy,Village Road,Dry,Dawn,No Control,35,26,Valid,Yes,Intersection,1
Punjab,Ludhiana,2020,March,Friday,07:57,Fatal,4,Two-Wheeler,4,2,Rainy,Urban Road,Damaged,Daylight,No Control,45,26,Unlicensed,Yes,Straight Road,1
Rajasthan,Jodhpur,2020,March,Thursday,00:36,Minor,4,Bus,2,0,Hazy,Village Road,Dry,Dark,No Control,30,18,Valid,No,Straight Road,0
Kerala,Kochi,2023,August,Wednesday,19:12,Minor,2,Car,1,0,Rainy,Village Road,Wet,Dusk,Signs,20,64,Valid,No,Curve,0
Gujarat,Ahmedabad,2024,March,Monday,01:21,Serious,3,Bus,2,0,Clear,Village Road,Dry,Dark,No Control,25,23,Valid,Yes,Straight Road,1
Uttar Pradesh,Lucknow,2024,May,Monday,16:43,Serious,4,Car,6,0,Clear,National Highway,Dry,Daylight,No Control,85,49,Valid,No,Straight Road,1
Kerala,Kozhikode,2019,June,Tuesday,15:01,Serious,5,Auto-Rickshaw,5,0,Rainy,National Highway,Wet,Daylight,Signs,60,18,Valid,No,Straight Road,1
Uttar Pradesh,Unknown,2024,September,Monday,14:35,Serious,4,Two-Wheeler,2,0,Clear,State Highway,Dry,Daylight,No Control,60,30,Valid,No,Intersection,1
Uttar Pradesh,Lucknow,2023,July,Monday,11:46,Fatal,3,Car,3,1,Stormy,State Highway,Wet,Daylight,No Control,50,33,Valid,No,Straight Road,1
West Bengal,Durgapur,2019,January,Friday,09:20,Minor,2,Two-Wheeler,2,0,Clear,Village Road,Wet,Daylight,No Control,30,54,Valid,No,Straight Road,0
Kerala,Thiruvananthapuram,2018,September,Friday,22:32,Minor,1,Car,2,0,Rainy,Urban Road,Wet,Dark,Police Checkpost,35,41,Unlicensed,No,Intersection,0
Odisha,Bhubaneswar,2019,June,Monday,19:43,Minor,4,Two-Wheeler,1,0,Rainy,Village Road,Under Construction,Dusk,No Control,25,24,Valid,No,Intersection,0
Tamil Nadu,Coimbatore,2024,February,Friday,21:35,Fatal,2,Car,2,1,Rainy,State Highway,Wet,Dark,No Control,65,34,Valid,Yes,Straight Road,1
Maharashtra,Pune,2023,August,Tuesday,18:01,Minor,2,Car,2,0,Clear,Village Road,Damaged,Dusk,No Control,25,51,Valid,No,Curve,0
Chhattisgarh,Unknown,2022,April,Wednesday,19:35,Minor,3,Two-Wheeler,1,0,Clear,National Highway,Dry,Dusk,Signals,90,50,Valid,No,Straight Road,0
Uttar Pradesh,Kanpur,2022,June,Sunday,22:13,Serious,3,Two-Wheeler,2,0,Rainy,State Highway,Wet,Dark,No Control,65,29,Valid,No,Intersection,1
Uttar Pradesh,Unknown,2020,December,Thursday,12:44,Minor,3,Car,1,0,Stormy,Village Road,Wet,Daylight,No Control,40,19,Valid,No,Straight Road,0
Tamil Nadu,Unknown,2024,March,Monday,21:15,Serious,2,Truck,3,0,Clear,State Highway,Dry,Dark,Signs,55,29,Expired,Yes,Curve,1
Rajasthan,Udaipur,2019,November,Wednesday,02:58,Minor,4,Truck,3,0,Clear,Urban Road,Under Construction,Dark,No Control,30,45,Valid,No,Intersection,0
Odisha,Cuttack,2020,June,Friday,05:07,Serious,3,Truck,4,1,Hazy,State Highway,Dry,Dawn,No Control,60,18,Valid,No,Curve,1
Bihar,Gaya,2019,December,Tuesday,13:53,Minor,2,Car,1,0,Foggy,Village Road,Dry,Daylight,No Control,20,35,Unlicensed,No,Straight Road,0
Andhra Pradesh,Visakhapatnam,2023,November,Sunday,12:02,Serious,2,Two-Wheeler,2,0,Clear,Urban Road,Dry,Daylight,No Control,40,22,Valid,No,Intersection,1
Uttar Pradesh,Kanpur,2021,October,Thursday,12:40,Serious,4,Truck,2,0,Clear,Village Road,Dry,Daylight,No Control,35,31,Valid,No,Curve,1
Karnataka,Mysuru,2022,March,Monday,14:21,Minor,2,Two-Wheeler,2,0,Clear,Urban Road,Under Construction,Daylight,Signs,60,43,Valid,No,Bridge,0
Gujarat,Surat,2024,October,Friday,14:11,Minor,5,Truck,1,0,Clear,Urban Road,Dry,Daylight,Signs,45,36,Valid,No,Straight Road,0
Uttar Pradesh,Unknown,2019,May,Friday,20:13,Minor,2,Two-Wheeler,2,0,Clear,Urban Road,Dry,Dark,Signs,35,45,Valid,No,Bridge,0
Tamil Nadu,Madurai,2024,November,Thursday,10:02,Minor,1,Car,2,0,Clear,Urban Road,Dry,Daylight,No Control,40,52,Valid,Yes,Intersection,0
Tamil Nadu,Madurai,2018,December,Sunday,09:07,Minor,3,Truck,1,0,Rainy,Urban Road,Wet,Daylight,Signs,40,80,Valid,No,Straight Road,0
Maharashtra,Pune,2023,August,Sunday,17:23,Serious,2,Two-Wheeler,4,0,Rainy,National Highway,Wet,Dusk,Signs,65,48,Valid,No,Curve,1
Madhya Pradesh,Indore,2022,November,Tuesday,17:09,Minor,2,Cycle,2,0,Clear,Urban Road,Dry,Dusk,Police Checkpost,55,44,Valid,No,Intersection,0
Andhra Pradesh,Vijayawada,2023,July,Monday,19:58,Serious,1,Two-Wheeler,3,0,Clear,State Highway,Under Construction,Dark,Signs,70,29,Valid,No,Straight Road,1
Maharashtra,Pune,2019,January,Wednesday,09:49,Serious,1,Two-Wheeler,4,0,Clear,National Highway,Under Construction,Daylight,Signals,70,48,Valid,No,Straight Road,1
Gujarat,Vadodara,2024,November,Friday,00:28,Fatal,2,Truck,4,2,Stormy,Urban Road,Wet,Dark,Signs,45,56,Valid,Yes,Bridge,1
Bihar,Patna,2023,July,Friday,22:05,Minor,3,Auto-Rickshaw,2,0,Rainy,Urban Road,Wet,Dark,No Control,45,29,Valid,No,Straight Road,0
Kerala,Kozhikode,2018,January,Wednesday,02:59,Minor,1,Two-Wheeler,1,0,Clear,Urban Road,Damaged,Dark,No Control,40,30,Expired,No,Intersection,0
Punjab,Amritsar,2021,January,Sunday,17:43,Fatal,3,Two-Wheeler,4,3,Hazy,Expressway,Dry,Dark,No Control,110,29,Valid,No,Curve,1
Gujarat,Surat,2023,September,Wednesday,10:10,Minor,1,Car,2,0,Clear,Urban Road,Dry,Daylight,No Control,50,21,Valid,No,Straight Road,0
Punjab,Unknown,2021,December,Saturday,12:03,Serious,2,Two-Wheeler,2,0,Clear,Expressway,Dry,Daylight,No Control,80,37,Expired,No,Straight Road,1
Uttar Pradesh,Lucknow,2020,September,Saturday,19:37,Minor,1,Car,1,0,Clear,Urban Road,Dry,Daylight,Police Checkpost,35,21,Valid,No,Intersection,0
Karnataka,Bengaluru,2019,June,Monday,12:02,Serious,2,Auto-Rickshaw,2,0,Stormy,State Highway,Wet,Daylight,Signs,80,36,Valid,No,Curve,1
Uttar Pradesh,Unknown,2021,April,Tuesday,06:36,Serious,2,Two-Wheeler,5,0,Hazy,Urban Road,Under Construction,Dawn,No Control,40,41,Valid,No,Intersection,1
Gujarat,Unknown,2024,June,Tuesday,18:26,Fatal,2,Two-Wheeler,2,2,Rainy,National Highway,Wet,Dusk,Signs,80,40,Valid,No,Straight Road,1
Karnataka,Mangaluru,2022,April,Sunday,00:52,Fatal,2,Truck,2,1,Clear,Expressway,Dry,Dark,Signs,110,31,Unlicensed,No,Straight Road,1
Uttar Pradesh,Agra,2023,April,Wednesday,09:22,Serious,4,Car,3,0,Hazy,State Highway,Dry,Daylight,No Control,70,18,Expired,No,Straight Road,1
Kerala,Kochi,2023,February,Saturday,14:26,Minor,1,Car,1,0,Clear,National Highway,Under Construction,Daylight,No Control,80,52,Valid,No,Curve,0
Tamil Nadu,Coimbatore,2023,July,Thursday,12:32,Minor,2,Bus,2,0,Clear,Urban Road,Dry,Daylight,Signs,55,18,Valid,No,Intersection,0
Tamil Nadu,Unknown,2020,March,Thursday,16:58,Minor,3,Auto-Rickshaw,1,0,Hazy,National Highway,Dry,Daylight,No Control,85,38,Valid,No,Intersection,0
Uttar Pradesh,Unknown,2023,February,Sunday,11:42,Serious,4,Two-Wheeler,3,0,Hazy,National Highway,Dry,Daylight,No Control,95,55,Valid,No,Straight Road,1
Gujarat,Ahmedabad,2020,April,Thursday,11:40,Fatal,6,Auto-Rickshaw,3,2,Clear,National Highway,Under Construction,Daylight,Signs,80,38,Valid,No,Straight Road,1
Tamil Nadu,Unknown,2022,October,Saturday,10:18,Minor,1,Car,1,0,Clear,Village Road,Dry,Daylight,No Control,25,52,Valid,No,Straight Road,0
Karnataka,Hubballi,2020,July,Thursday,20:28,Serious,1,Auto-Rickshaw,2,0,Rainy,National Highway,Under Construction,Dark,Signals,65,43,Expired,Yes,Straight Road,1
Uttar Pradesh,Unknown,2024,June,Monday,00:11,Minor,1,Car,1,0,Clear,Urban Road,Dry,Dark,No Control,45,20,Valid,No,Intersection,0
Bihar,Patna,2023,August,Monday,22:23,Fatal,1,Auto-Rickshaw,3,1,Rainy,Urban Road,Wet,Dark,Signals,55,53,Valid,No,Intersection,1
Jharkhand,Ranchi,2022,July,Tuesday,10:49,Minor,1,Auto-Rickshaw,2,0,Rainy,Village Road,Wet,Daylight,No Control,30,30,Valid,No,Straight Road,0
Rajasthan,Jodhpur,2021,June,Saturday,10:05,Serious,1,Two-Wheeler,2,0,Rainy,Village Road,Wet,Daylight,No Control,35,32,Valid,No,Curve,1
West Bengal,Kolkata,2021,November,Wednesday,18:09,Serious,1,Truck,2,0,Clear,Village Road,Under Construction,Dusk,No Control,30,45,Valid,No,Curve,1
Delhi,New Delhi,2023,September,Thursday,11:35,Fatal,2,Car,7,2,Stormy,State Highway,Wet,Daylight,No Control,75,26,Valid,No,Intersection,1
Goa,Panaji,2019,March,Monday,16:47,Minor,4,Car,3,0,Rainy,Urban Road,Damaged,Daylight,Signals,55,48,Valid,No,Straight Road,0
West Bengal,Kolkata,2023,October,Friday,21:58,Minor,1,Two-Wheeler,1,0,Clear,Village Road,Dry,Dark,No Control,35,42,Valid,No,Straight Road,0
Odisha,Cuttack,2019,March,Saturday,20:35,Fatal,3,Two-Wheeler,4,2,Clear,National Highway,Dry,Dark,No Control,75,57,Valid,No,Bridge,1
Assam,Guwahati,2018,January,Friday,14:39,Serious,4,Two-Wheeler,3,0,Stormy,National Highway,Wet,Daylight,Signs,75,51,Valid,No,Straight Road,1
Bihar,Patna,2023,June,Sunday,18:17,Minor,2,Car,1,0,Rainy,Village Road,Damaged,Daylight,No Control,30,35,Valid,No,Straight Road,0
Gujarat,Surat,2022,May,Monday,11:24,Serious,1,Car,2,0,Clear,National Highway,Dry,Daylight,Signs,90,32,Valid,No,Straight Road,1
Maharashtra,Unknown,2020,October,Monday,18:18,Minor,1,Car,2,0,Clear,State Highway,Dry,Dark,Signs,70,28,Valid,No,Straight Road,0
Maharashtra,Mumbai,2022,September,Thursday,07:06,Fatal,2,Two-Wheeler,4,1,Rainy,National Highway,Damaged,Daylight,No Control,65,34,Valid,No,Curve,1
Gujarat,Surat,2023,January,Wednesday,02:22,Fatal,5,Bus,5,2,Clear,National Highway,Dry,Dark,No Control,70,26,Valid,No,Straight Road,1
Rajasthan,Udaipur,2023,June,Saturday,14:13,Fatal,3,Truck,1,1,Rainy,Expressway,Under Construction,Daylight,Signs,90,33,Valid,No,Straight Road,1
Karnataka,Bengaluru,2024,October,Saturday,08:35,Minor,3,Auto-Rickshaw,1,0,Clear,National Highway,Dry,Dawn,Signals,85,22,Valid,No,Straight Road,0
Madhya Pradesh,Indore,2023,September,Monday,18:45,Fatal,2,Auto-Rickshaw,4,3,Rainy,State Highway,Wet,Dark,Signs,70,25,Valid,No,Straight Road,1
Madhya Pradesh,Unknown,2021,July,Sunday,05:58,Serious,2,Auto-Rickshaw,2,0,Stormy,National Highway,Wet,Dawn,Signals,65,53,Valid,No,Curve,1
Haryana,Faridabad,2019,August,Monday,00:52,Serious,3,Truck,2,0,Clear,Urban Road,Damaged,Dark,Signs,50,21,Valid,No,Intersection,1
Maharashtra,Nashik,2018,July,Saturday,17:19,Serious,2,Car,2,1,Rainy,Urban Road,Under Construction,Dark,Signs,50,20,Unlicensed,No,Intersection,1
Uttar Pradesh,Unknown,2022,March,Wednesday,14:56,Minor,2,Truck,1,0,Rainy,Urban Road,Wet,Daylight,Signals,35,28,Valid,No,Straight Road,0
Bihar,Unknown,2022,July,Friday,22:56,Minor,1,Two-Wheeler,3,0,Clear,Urban Road,Dry,Dark,Signals,35,53,Valid,No,Straight Road,0
Haryana,Gurugram,2022,September,Monday,08:30,Minor,1,Cycle,1,0,Rainy,Urban Road,Wet,Daylight,No Control,35,26,Valid,No,Bridge,0
Goa,Panaji,2018,January,Sunday,06:12,Serious,2,Truck,2,0,Clear,National Highway,Dry,Dark,Police Checkpost,90,33,Valid,No,Straight Road,1
Delhi,New Delhi,2022,September,Sunday,00:46,Serious,2,Car,3,0,Rainy,State Highway,Wet,Dark,Police Checkpost,55,40,Expired,No,Curve,1
Odisha,Bhubaneswar,2023,March,Thursday,12:06,Minor,3,Car,4,0,Clear,Village Road,Dry,Daylight,Signs,25,43,Unlicensed,No,Straight Road,0
Tamil Nadu,Chennai,2023,January,Thursday,05:21,Fatal,2,Truck,3,2,Rainy,Village Road,Wet,Daylight,Signs,30,36,Valid,No,Curve,1
Karnataka,Hubballi,2021,October,Friday,18:31,Serious,3,Truck,3,0,Clear,National Highway,Dry,Dusk,Police Checkpost,85,42,Valid,No,Curve,1
Tamil Nadu,Coimbatore,2018,May,Friday,03:51,Minor,2,Two-Wheeler,1,0,Clear,Village Road,Under Construction,Dark,Signs,30,49,Unlicensed,No,Straight Road,0
West Bengal,Kolkata,2021,May,Friday,21:58,Serious,2,Car,3,0,Rainy,Village Road,Wet,Dark,No Control,30,22,Valid,No,Curve,1
Jharkhand,Ranchi,2022,August,Friday,14:49,Minor,3,Tractor,2,0,Clear,Village Road,Dry,Daylight,No Control,25,29,Valid,No,Straight Road,0
Karnataka,Mangaluru,2021,July,Sunday,17:29,Serious,1,Truck,3,1,Rainy,Village Road,Wet,Dark,Signs,30,27,Valid,No,Straight Road,1
Madhya Pradesh,Bhopal,2022,August,Friday,06:05,Serious,1,Two-Wheeler,2,0,Rainy,Expressway,Wet,Daylight,Police Checkpost,105,33,Valid,No,Curve,1
Tamil Nadu,Coimbatore,2021,December,Tuesday,04:47,Fatal,3,Car,2,1,Foggy,National Highway,Under Construction,Dark,Signals,85,52,Valid,No,Straight Road,1
Uttar Pradesh,Kanpur,2021,August,Sunday,10:51,Serious,1,Car,2,0,Rainy,State Highway,Wet,Daylight,No Control,70,49,Valid,No,Curve,1
Uttar Pradesh,Unknown,2020,January,Tuesday,14:28,Fatal,1,Tractor,4,2,Clear,Expressway,Damaged,Daylight,Signs,115,36,Unlicensed,No,Curve,1
Maharashtra,Unknown,2022,March,Tuesday,15:33,Minor,3,Tractor,2,0,Hazy,Urban Road,Dry,Daylight,No Control,40,47,Expired,No,Intersection,0
Chhattisgarh,Raipur,2019,June,Sunday,10:51,Serious,3,Two-Wheeler,4,0,Rainy,Urban Road,Wet,Daylight,No Control,35,62,Valid,No,Intersection,1
Karnataka,Hubballi,2021,June,Tuesday,09:07,Serious,3,Two-Wheeler,2,0,Rainy,State Highway,Wet,Daylight,Signs,50,22,Valid,No,Straight Road,1
Haryana,Gurugram,2020,May,Monday,23:48,Fatal,3,Two-Wheeler,1,1,Rainy,National Highway,Wet,Dark,Signs,85,29,Unlicensed,No,Straight Road,1
Telangana,Hyderabad,2022,March,Friday,09:30,Fatal,1,Two-Wheeler,5,2,Clear,Expressway,Dry,Daylight,Signs,95,34,Valid,Yes,Bridge,1
Uttar Pradesh,Lucknow,2024,February,Saturday,06:41,Serious,2,Car,3,0,Foggy,State Highway,Dry,Dawn,Signs,60,42,Expired,No,Bridge,1
Uttar Pradesh,Varanasi,2022,February,Monday,10:11,Minor,4,Car,1,0,Clear,Urban Road,Dry,Daylight,Police Checkpost,50,43,Valid,No,Intersection,0
Punjab,Ludhiana,2018,December,Thursday,09:36,Fatal,4,Bus,1,1,Clear,National Highway,Damaged,Daylight,No Control,85,24,Valid,No,Straight Road,1
Tamil Nadu,Coimbatore,2022,May,Monday,12:16,Fatal,3,Two-Wheeler,3,2,Clear,Expressway,Dry,Daylight,Signs,115,39,Valid,No,Curve,1
Assam,Guwahati,2020,December,Thursday,16:31,Serious,4,Two-Wheeler,5,0,Clear,National Highway,Dry,Daylight,Police Checkpost,95,47,Valid,No,Intersection,1
Uttar Pradesh,Varanasi,2018,May,Wednesday,16:31,Minor,1,Car,1,0,Clear,Village Road,Dry,Daylight,No Control,35,22,Expired,No,Curve,0
Telangana,Hyderabad,2019,April,Tuesday,17:57,Minor,2,Car,2,0,Clear,State Highway,Dry,Daylight,Police Checkpost,70,39,Valid,No,Curve,0
Punjab,Unknown,2024,June,Sunday,06:40,Fatal,3,Two-Wheeler,4,2,Rainy,Expressway,Damaged,Dark,Police Checkpost,115,30,Expired,No,Straight Road,1
Uttar Pradesh,Agra,2020,December,Friday,02:33,Fatal,1,Two-Wheeler,4,1,Rainy,State Highway,Damaged,Dark,Signs,55,20,Valid,No,Intersection,1
Tamil Nadu,Unknown,2019,July,Sunday,19:24,Serious,2,Truck,5,0,Rainy,Village Road,Wet,Dark,No Control,40,49,Valid,No,Curve,1
Uttarakhand,Dehradun,2018,January,Sunday,08:20,Minor,5,Two-Wheeler,3,0,Foggy,Urban Road,Under Construction,Daylight,Police Checkpost,40,43,Valid,No,Straight Road,0
Tamil Nadu,Chennai,2022,April,Sunday,09:39,Serious,1,Truck,3,0,Stormy,National Highway,Wet,Daylight,No Control,70,26,Valid,No,Straight Road,1
Gujarat,Surat,2023,December,Saturday,12:52,Serious,2,Cycle,2,1,Hazy,State Highway,Wet,Daylight,Signs,65,48,Valid,No,Straight Road,1
Gujarat,Surat,2020,February,Wednesday,18:34,Minor,1,Two-Wheeler,2,0,Hazy,Urban Road,Dry,Dusk,No Control,55,62,Valid,No,Intersection,0
Tamil Nadu,Madurai,2018,November,Saturday,07:39,Minor,3,Truck,2,0,Clear,Urban Road,Dry,Daylight,No Control,35,38,Valid,No,Curve,0
Bihar,Gaya,2020,December,Thursday,21:19,Serious,1,Bus,4,0,Foggy,State Highway,Dry,Dark,Signs,55,20,Valid,No,Curve,1
Bihar,Gaya,2022,March,Wednesday,10:33,Serious,3,Truck,3,1,Clear,National Highway,Dry,Daylight,Signs,85,33,Valid,No,Straight Road,1
Karnataka,Mysuru,2018,July,Wednesday,23:34,Minor,3,Two-Wheeler,1,0,Clear,Village Road,Dry,Dark,No Control,35,18,Valid,No,Straight Road,0
Haryana,Faridabad,2019,August,Wednesday,09:40,Serious,3,Two-Wheeler,4,0,Clear,Urban Road,Dry,Daylight,No Control,50,36,Valid,No,Intersection,1
Uttar Pradesh,Agra,2018,October,Thursday,18:18,Minor,2,Bus,1,0,Clear,Urban Road,Dry,Daylight,Signals,55,32,Valid,No,Straight Road,0
Maharashtra,Nagpur,2021,October,Saturday,11:20,Minor,1,Two-Wheeler,2,0,Clear,Urban Road,Dry,Daylight,Signs,50,46,Expired,Yes,Bridge,0
Madhya Pradesh,Unknown,2019,January,Thursday,19:21,Serious,3,Bus,2,0,Foggy,State Highway,Dry,Daylight,No Control,75,30,Valid,No,Straight Road,1
Goa,Panaji,2019,April,Wednesday,13:25,Serious,2,Auto-Rickshaw,6,0,Clear,State Highway,Under Construction,Daylight,No Control,55,48,Valid,Yes,Straight Road,1
Maharashtra,Nashik,2018,December,Monday,20:17,Serious,2,Auto-Rickshaw,5,0,Clear,National Highway,Under Construction,Dark,Signs,75,27,Valid,No,Straight Road,1
Uttar Pradesh,Varanasi,2023,May,Sunday,18:11,Serious,1,Bus,4,1,Clear,Expressway,Dry,Dusk,Signs,110,36,Valid,No,Straight Road,1
Rajasthan,Jaipur,2021,March,Thursday,15:30,Serious,1,Auto-Rickshaw,2,0,Rainy,State Highway,Wet,Daylight,No Control,75,20,Valid,No,Intersection,1
Punjab,Ludhiana,2024,August,Thursday,08:51,Minor,3,Cycle,1,0,Hazy,Urban Road,Dry,Daylight,No Control,40,24,Valid,No,Straight Road,0
Maharashtra,Nashik,2020,March,Saturday,08:01,Serious,1,Car,2,0,Hazy,State Highway,Damaged,Daylight,Signs,65,46,Valid,No,Bridge,1
Karnataka,Bengaluru,2019,February,Sunday,23:39,Fatal,2,Two-Wheeler,3,2,Hazy,State Highway,Dry,Dark,No Control,55,50,Unlicensed,No,Curve,1
Kerala,Kozhikode,2019,October,Thursday,21:48,Minor,2,Two-Wheeler,1,0,Clear,Urban Road,Dry,Dark,Signals,55,29,Valid,No,Intersection,0
Karnataka,Bengaluru,2024,February,Friday,06:49,Minor,4,Car,1,0,Clear,Urban Road,Dry,Dawn,No Control,45,43,Valid,No,Intersection,0
Uttar Pradesh,Agra,2022,November,Tuesday,07:51,Minor,1,Two-Wheeler,1,0,Clear,Village Road,Damaged,Daylight,No Control,20,46,Valid,No,Curve,0
Uttar Pradesh,Agra,2020,March,Sunday,05:19,Fatal,2,Auto-Rickshaw,4,2,Rainy,National Highway,Wet,Dawn,No Control,80,24,Valid,No,Intersection,1
Karnataka,Hubballi,2022,February,Friday,07:06,Minor,3,Auto-Rickshaw,2,0,Clear,Village Road,Dry,Daylight,No Control,25,42,Valid,No,Curve,0
Gujarat,Ahmedabad,2021,September,Saturday,09:59,Serious,2,Car,2,0,Clear,Expressway,Dry,Daylight,Signs,100,37,Valid,No,Intersection,1
Delhi,New Delhi,2018,March,Monday,19:41,Fatal,3,Bus,1,1,Hazy,Expressway,Dry,Dusk,Signs,95,41,Valid,No,Straight Road,1
West Bengal,Durgapur,2022,May,Friday,05:21,Serious,2,Truck,2,0,Clear,National Highway,Dry,Dawn,No Control,95,36,Valid,No,Straight Road,1
Andhra Pradesh,Visakhapatnam,2018,May,Wednesday,20:51,Fatal,2,Car,3,1,Clear,Urban Road,Dry,Dark,No Control,55,18,Valid,Yes,Intersection,1
Jammu and Kashmir,Srinagar,2019,July,Thursday,23:21,Fatal,3,Bus,2,2,Stormy,Village Road,Wet,Dark,No Control,25,39,Unlicensed,Yes,Straight Road,1
Karnataka,Hubballi,2022,June,Saturday,09:44,Minor,3,Bus,1,0,Rainy,Urban Road,Under Construction,Daylight,Signs,40,35,Valid,No,Straight Road,0
Karnataka,Mysuru,2021,March,Saturday,13:57,Fatal,4,Bus,2,2,Rainy,National Highway,Under Construction,Daylight,Police Checkpost,75,33,Valid,No,Bridge,1
Assam,Unknown,2019,March,Wednesday,14:46,Serious,2,Car,2,0,Clear,Village Road,Dry,Daylight,No Control,35,18,Unlicensed,No,Curve,1
Tamil Nadu,Madurai,2018,March,Sunday,07:39,Minor,2,Two-Wheeler,2,0,Clear,Village Road,Dry,Daylight,No Control,25,49,Valid,No,Straight Road,0
Kerala,Unknown,2022,January,Tuesday,18:11,Minor,2,Car,1,0,Clear,Urban Road,Dry,Daylight,Signals,50,37,Valid,No,Straight Road,0
Kerala,Unknown,2022,August,Friday,15:56,Minor,3,Truck,2,0,Rainy,State Highway,Under Construction,Daylight,Signs,50,18,Valid,No,Curve,0
Maharashtra,Nashik,2019,June,Tuesday,05:25,Minor,1,Cycle,2,0,Clear,Urban Road,Dry,Daylight,Signals,60,53,Valid,No,Intersection,0
Gujarat,Vadodara,2020,February,Wednesday,21:37,Serious,3,Truck,3,0,Clear,Urban Road,Dry,Dark,No Control,40,42,Expired,No,Straight Road,1
Uttar Pradesh,Varanasi,2020,April,Sunday,09:36,Minor,2,Bus,1,0,Clear,State Highway,Dry,Daylight,Signs,60,48,Valid,No,Curve,0
Uttar Pradesh,Unknown,2024,September,Monday,06:14,Fatal,2,Two-Wheeler,4,1,Rainy,Urban Road,Wet,Dawn,No Control,50,33,Valid,Yes,Straight Road,1
Gujarat,Surat,2023,April,Sunday,23:36,Serious,3,Car,4,1,Clear,State Highway,Dry,Dark,Signs,70,37,Valid,Yes,Bridge,1
Tamil Nadu,Coimbatore,2019,May,Wednesday,05:23,Fatal,4,Truck,1,1,Clear,National Highway,Damaged,Dawn,Signals,80,50,Valid,No,Curve,1
Punjab,Ludhiana,2021,September,Saturday,03:20,Serious,3,Auto-Rickshaw,2,0,Rainy,Village Road,Dry,Dark,No Control,40,42,Valid,No,Intersection,1
Assam,Unknown,2024,September,Monday,08:51,Minor,3,Car,2,0,Clear,State Highway,Dry,Daylight,No Control,60,35,Valid,No,Intersection,0
Punjab,Ludhiana,2020,September,Friday,09:43,Serious,6,Two-Wheeler,3,0,Clear,National Highway,Dry,Daylight,Signs,80,29,Expired,No,Curve,1
Tamil Nadu,Unknown,2018,May,Sunday,12:29,Minor,1,Auto-Rickshaw,3,0,Foggy,Village Road,Dry,Daylight,Signs,30,18,Valid,No,Straight Road,0
Tamil Nadu,Unknown,2020,June,Friday,17:01,Minor,1,Two-Wheeler,1,0,Rainy,Urban Road,Wet,Daylight,Signs,35,48,Valid,No,Intersection,0
Tamil Nadu,Chennai,2022,November,Wednesday,10:42,Serious,4,Car,2,0,Hazy,Village Road,Dry,Daylight,Signs,25,48,Valid,Yes,Intersection,1
Uttar Pradesh,Agra,2024,November,Saturday,15:44,Minor,1,Car,2,0,Clear,State Highway,Dry,Daylight,Signs,70,46,Unlicensed,No,Straight Road,0
Jharkhand,Jamshedpur,2020,January,Saturday,00:09,Serious,1,Tractor,3,1,Foggy,Urban Road,Dry,Dark,No Control,35,51,Valid,Yes,Bridge,1
Karnataka,Mysuru,2018,November,Monday,11:45,Minor,1,Two-Wheeler,1,0,Clear,National Highway,Dry,Daylight,Signals,90,26,Valid,No,Straight Road,0
Uttar Pradesh,Unknown,2019,November,Friday,22:23,Serious,2,Truck,3,0,Clear,National Highway,Dry,Dark,No Control,85,33,Valid,No,Straight Road,1
Haryana,Faridabad,2020,December,Friday,18:43,Serious,1,Two-Wheeler,2,0,Hazy,National Highway,Dry,Daylight,Signals,85,31,Valid,No,Straight Road,1
Karnataka,Unknown,2018,April,Saturday,18:50,Minor,1,Car,1,0,Rainy,Urban Road,Wet,Dark,Signs,55,18,Expired,No,Straight Road,0
Maharashtra,Unknown,2018,July,Wednesday,09:42,Minor,3,Car,2,0,Rainy,Urban Road,Dry,Daylight,Signs,45,30,Valid,No,Straight Road,0
Uttar Pradesh,Agra,2022,January,Thursday,13:56,Minor,2,Two-Wheeler,1,0,Clear,National Highway,Dry,Daylight,Signs,90,39,Valid,No,Straight Road,0
West Bengal,Kolkata,2023,February,Sunday,20:04,Minor,1,Auto-Rickshaw,1,0,Hazy,Village Road,Dry,Dark,No Control,35,50,Valid,No,Straight Road,0
Bihar,Patna,2019,July,Friday,20:19,Fatal,2,Truck,3,3,Rainy,Expressway,Wet,Dusk,Signs,90,43,Expired,No,Straight Road,1
Uttar Pradesh,Kanpur,2021,March,Thursday,17:03,Minor,2,Auto-Rickshaw,2,0,Clear,National Highway,Dry,Dusk,Police Checkpost,70,29,Valid,No,Straight Road,0
Assam,Guwahati,2022,March,Sunday,13:10,Minor,2,Bus,1,0,Clear,Village Road,Under Construction,Daylight,Police Checkpost,30,48,Valid,No,Straight Road,0
Delhi,New Delhi,2022,April,Tuesday,04:22,Minor,1,Car,2,0,Clear,Urban Road,Damaged,Dark,Signs,30,41,Valid,No,Intersection,0
Haryana,Gurugram,2024,June,Thursday,05:01,Minor,1,Two-Wheeler,1,0,Rainy,Urban Road,Dry,Daylight,No Control,45,18,Valid,No,Straight Road,0
Uttar Pradesh,Lucknow,2024,February,Saturday,00:23,Fatal,1,Two-Wheeler,2,1,Clear,Urban Road,Damaged,Dark,No Control,55,40,Valid,Yes,Intersection,1
Maharashtra,Mumbai,2020,October,Saturday,10:07,Minor,2,Two-Wheeler,2,0,Clear,Urban Road,Under Construction,Daylight,Signs,55,47,Valid,No,Intersection,0
Delhi,Unknown,2024,September,Sunday,00:06,Fatal,2,Two-Wheeler,1,1,Rainy,National Highway,Damaged,Dark,Signs,90,44,Valid,Yes,Straight Road,1
Tamil Nadu,Madurai,2018,October,Friday,12:50,Minor,3,Two-Wheeler,1,0,Clear,Urban Road,Dry,Daylight,Signs,35,23,Valid,No,Straight Road,0
West Bengal,Kolkata,2024,December,Wednesday,16:44,Fatal,1,Two-Wheeler,3,1,Foggy,State Highway,Damaged,Daylight,No Control,75,26,Valid,Yes,Straight Road,1
Bihar,Gaya,2018,August,Thursday,16:27,Serious,4,Car,3,0,Rainy,National Highway,Wet,Daylight,Signals,65,62,Valid,No,Straight Road,1
Maharashtra,Mumbai,2018,May,Monday,15:34,Fatal,3,Two-Wheeler,3,1,Clear,Urban Road,Under Construction,Daylight,No Control,40,27,Expired,Yes,Intersection,1
Bihar,Unknown,2018,December,Sunday,08:17,Fatal,3,Two-Wheeler,4,1,Foggy,State Highway,Dry,Daylight,Signs,75,38,Valid,Yes,Straight Road,1
Jharkhand,Ranchi,2018,July,Monday,14:29,Minor,5,Car,2,0,Clear,Urban Road,Dry,Daylight,Signs,50,18,Valid,No,Straight Road,0
Kerala,Thiruvananthapuram,2021,June,Friday,23:46,Minor,2,Two-Wheeler,2,0,Rainy,Urban Road,Wet,Dark,Signs,35,53,Valid,No,Curve,0
Gujarat,Vadodara,2022,May,Thursday,12:31,Serious,2,Two-Wheeler,2,0,Clear,National Highway,Dry,Dark,Signs,80,47,Valid,No,Intersection,1
Delhi,New Delhi,2023,January,Tuesday,20:47,Minor,2,Bus,2,0,Clear,Village Road,Dry,Dark,Signs,40,58,Valid,No,Curve,0
Rajasthan,Unknown,2018,December,Wednesday,11:29,Minor,3,Auto-Rickshaw,1,0,Foggy,State Highway,Dry,Daylight,Signs,65,25,Valid,No,Straight Road,0
Kerala,Kochi,2020,October,Friday,16:21,Serious,2,Two-Wheeler,3,0,Clear,Urban Road,Dry,Daylight,No Control,45,52,Unlicensed,No,Intersection,1
Punjab,Ludhiana,2018,September,Monday,13:53,Serious,2,Car,2,0,Rainy,State Highway,Wet,Daylight,No Control,60,25,Valid,No,Curve,1
Kerala,Unknown,2019,March,Sunday,17:54,Serious,1,Two-Wheeler,2,0,Clear,National Highway,Damaged,Dark,Signals,80,56,Expired,No,Intersection,1
Tamil Nadu,Coimbatore,2023,December,Sunday,21:13,Fatal,3,Car,5,1,Clear,Village Road,Dry,Dark,No Control,30,18,Unlicensed,No,Bridge,1
Maharashtra,Nagpur,2022,March,Monday,12:27,Minor,5,Two-Wheeler,2,0,Clear,Village Road,Dry,Daylight,Signs,25,50,Valid,No,Bridge,0
Uttar Pradesh,Agra,2019,March,Sunday,18:46,Fatal,3,Car,4,2,Stormy,State Highway,Damaged,Dark,No Control,80,38,Valid,No,Curve,1
Rajasthan,Udaipur,2020,January,Wednesday,20:15,Serious,4,Car,2,1,Foggy,State Highway,Dry,Dark,Signs,75,46,Valid,No,Straight Road,1
Rajasthan,Jaipur,2024,April,Monday,19:44,Minor,1,Two-Wheeler,2,0,Clear,Urban Road,Dry,Dusk,Signs,35,44,Valid,No,Bridge,0
Madhya Pradesh,Indore,2022,April,Wednesday,01:53,Minor,1,Auto-Rickshaw,1,0,Clear,National Highway,Dry,Dark,Signs,65,43,Valid,No,Straight Road,0
Karnataka,Mangaluru,2019,October,Saturday,00:14,Minor,1,Car,1,0,Rainy,Village Road,Wet,Dark,Police Checkpost,30,67,Valid,No,Straight Road,0
Bihar,Gaya,2024,April,Friday,20:09,Fatal,2,Two-Wheeler,1,1,Clear,National Highway,Damaged,Dark,Signs,75,60,Valid,Yes,Intersection,1
Assam,Guwahati,2019,December,Tuesday,18:56,Fatal,5,Truck,3,2,Foggy,National Highway,Dry,Dusk,No Control,85,44,Valid,No,Straight Road,1
Tamil Nadu,Unknown,2020,April,Saturday,22:59,Serious,3,Two-Wheeler,4,0,Clear,National Highway,Dry,Dark,Signs,60,40,Valid,No,Straight Road,1
Kerala,Unknown,2022,July,Saturday,09:51,Serious,3,Two-Wheeler,3,0,Rainy,State Highway,Dry,Daylight,No Control,70,55,Valid,No,Curve,1
Telangana,Warangal,2021,August,Saturday,19:36,Minor,1,Two-Wheeler,3,0,Hazy,Village Road,Dry,Dusk,No Control,20,56,Valid,No,Intersection,0
Rajasthan,Jaipur,2018,October,Friday,19:05,Minor,2,Bus,2,0,Clear,Urban Road,Dry,Dark,Signs,35,39,Valid,No,Intersection,0
Uttar Pradesh,Kanpur,2023,October,Saturday,20:54,Fatal,2,Tractor,3,2,Hazy,National Highway,Dry,Dark,No Control,90,38,Expired,No,Straight Road,1
Punjab,Unknown,2019,November,Friday,17:11,Minor,2,Truck,1,0,Foggy,National Highway,Dry,Dusk,Signs,75,26,Valid,No,Straight Road,0
Chhattisgarh,Raipur,2022,December,Monday,06:10,Minor,2,Auto-Rickshaw,1,0,Foggy,State Highway,Dry,Dawn,Signs,55,41,Valid,No,Straight Road,0
Kerala,Kochi,2020,February,Saturday,17:43,Minor,2,Car,1,0,Rainy,Urban Road,Wet,Dusk,No Control,55,40,Valid,No,Intersection,0
Assam,Guwahati,2023,February,Wednesday,16:23,Minor,2,Two-Wheeler,2,0,Clear,Urban Road,Dry,Daylight,No Control,50,50,Valid,No,Straight Road,0
Jammu and Kashmir,Jammu,2024,June,Saturday,10:52,Serious,2,Car,3,0,Rainy,National Highway,Damaged,Daylight,Police Checkpost,70,59,Valid,No,Straight Road,1
Karnataka,Mangaluru,2023,February,Friday,08:52,Minor,3,Truck,2,0,Clear,Urban Road,Dry,Daylight,Signals,50,53,Expired,No,Straight Road,0
West Bengal,Unknown,2024,June,Wednesday,20:48,Minor,2,Two-Wheeler,3,0,Rainy,Urban Road,Wet,Dark,Signs,35,50,Valid,No,Straight Road,0
Gujarat,Ahmedabad,2021,August,Tuesday,06:50,Fatal,1,Car,2,1,Rainy,Expressway,Wet,Dark,Signs,100,35,Valid,No,Straight Road,1
Jammu and Kashmir,Jammu,2018,April,Saturday,12:32,Minor,4,Two-Wheeler,1,0,Clear,Urban Road,Damaged,Daylight,Signals,35,33,Valid,No,Straight Road,0
Maharashtra,Unknown,2021,February,Sunday,16:52,Minor,1,Car,1,0,Clear,State Highway,Dry,Daylight,Signs,70,47,Valid,No,Straight Road,0
Karnataka,Mysuru,2021,December,Saturday,23:54,Serious,2,Car,3,1,Clear,National Highway,Dry,Dark,Signals,70,45,Valid,No,Straight Road,1
Delhi,New Delhi,2023,May,Friday,17:16,Serious,3,Truck,5,1,Clear,Village Road,Dry,Dusk,No Control,25,46,Unlicensed,No,Curve,1
Tamil Nadu,Madurai,2019,November,Tuesday,09:25,Minor,3,Two-Wheeler,2,0,Clear,National Highway,Dry,Daylight,Signals,70,26,Valid,No,Bridge,0
Bihar,Gaya,2022,August,Wednesday,03:37,Fatal,2,Two-Wheeler,3,2,Rainy,State Highway,Damaged,Dark,Signs,75,26,Expired,No,Intersection,1
Karnataka,Mangaluru,2021,August,Saturday,09:51,Minor,3,Car,1,0,Clear,Urban Road,Dry,Daylight,No Control,55,31,Valid,No,Curve,0
Himachal Pradesh,Shimla,2022,October,Thursday,09:23,Minor,2,Two-Wheeler,1,0,Clear,Urban Road,Dry,Daylight,Signs,35,46,Valid,No,Intersection,0
Odisha,Cuttack,2020,April,Saturday,19:15,Minor,2,Two-Wheeler,3,0,Foggy,Urban Road,Dry,Dusk,No Control,35,38,Unlicensed,No,Intersection,0
Tamil Nadu,Chennai,2020,March,Wednesday,11:19,Serious,5,Truck,2,0,Stormy,Urban Road,Dry,Daylight,Signs,45,56,Valid,No,Straight Road,1
Bihar,Patna,2019,December,Monday,05:47,Fatal,3,Car,3,1,Foggy,National Highway,Dry,Dawn,Signs,85,25,Valid,No,Intersection,1
Karnataka,Mysuru,2023,September,Friday,20:31,Minor,1,Car,2,0,Clear,Urban Road,Dry,Dark,No Control,55,25,Expired,No,Intersection,0
West Bengal,Kolkata,2018,April,Friday,00:15,Minor,5,Two-Wheeler,2,0,Clear,Village Road,Dry,Dark,Signs,35,35,Valid,No,Straight Road,0
Telangana,Warangal,2019,August,Friday,00:42,Fatal,4,Cycle,3,2,Rainy,National Highway,Damaged,Dark,Signals,90,31,Valid,No,Straight Road,1
Haryana,Faridabad,2020,May,Wednesday,13:39,Fatal,2,Auto-Rickshaw,2,1,Clear,National Highway,Damaged,Daylight,Signals,60,28,Valid,Yes,Curve,1
Maharashtra,Nashik,2019,November,Saturday,03:31,Fatal,1,Auto-Rickshaw,5,2,Stormy,Expressway,Dry,Dark,Signs,80,38,Expired,No,Curve,1
Uttar Pradesh,Kanpur,2024,July,Thursday,07:37,Minor,1,Two-Wheeler,3,0,Rainy,State Highway,Wet,Daylight,Signs,55,39,Valid,No,Straight Road,0
Andhra Pradesh,Visakhapatnam,2020,April,Saturday,23:13,Minor,1,Two-Wheeler,1,0,Clear,State Highway,Dry,Dawn,Signs,60,22,Valid,Yes,Straight Road,0
Madhya Pradesh,Bhopal,2019,September,Friday,20:10,Serious,1,Car,3,0,Rainy,State Highway,Damaged,Dark,No Control,70,30,Valid,No,Intersection,1
Rajasthan,Udaipur,2019,October,Thursday,18:48,Serious,3,Two-Wheeler,5,0,Rainy,Urban Road,Wet,Dusk,Signs,55,46,Valid,No,Intersection,1
Maharashtra,Unknown,2019,May,Saturday,17:40,Fatal,4,Two-Wheeler,2,1,Hazy,Urban Road,Dry,Dusk,No Control,50,34,Valid,No,Straight Road,1
Karnataka,Unknown,2022,October,Friday,02:58,Serious,4,Truck,3,0,Clear,Urban Road,Under Construction,Dark,Police Checkpost,55,27,Valid,No,Curve,1
Delhi,New Delhi,2021,March,Thursday,19:56,Serious,3,Cycle,2,0,Clear,State Highway,Damaged,Dusk,Signs,60,33,Valid,No,Bridge,1
Maharashtra,Nashik,2019,March,Friday,13:21,Serious,3,Car,2,0,Rainy,State Highway,Under Construction,Daylight,Signs,70,22,Valid,No,Straight Road,1
Karnataka,Hubballi,2024,October,Monday,05:27,Minor,3,Two-Wheeler,1,0,Clear,Urban Road,Dry,Daylight,Signs,35,58,Unlicensed,No,Straight Road,0
Chhattisgarh,Unknown,2022,August,Sunday,09:50,Minor,1,Two-Wheeler,3,0,Clear,State Highway,Dry,Daylight,Police Checkpost,55,48,Valid,No,Curve,0
Maharashtra,Unknown,2020,January,Wednesday,14:00,Serious,4,Two-Wheeler,3,0,Foggy,Urban Road,Dry,Daylight,No Control,55,67,Valid,No,Intersection,1
Kerala,Kozhikode,2021,September,Tuesday,00:51,Serious,2,Two-Wheeler,2,0,Stormy,Urban Road,Dry,Dark,Signs,40,38,Valid,Yes,Intersection,1
Tamil Nadu,Unknown,2022,April,Saturday,08:10,Minor,3,Two-Wheeler,2,0,Clear,Village Road,Damaged,Daylight,Signs,35,33,Valid,No,Straight Road,0
Delhi,New Delhi,2019,April,Tuesday,10:15,Serious,1,Two-Wheeler,2,0,Clear,National Highway,Dry,Daylight,Police Checkpost,100,27,Valid,No,Straight Road,1
Kerala,Unknown,2023,June,Sunday,13:28,Serious,4,Two-Wheeler,2,0,Rainy,National Highway,Wet,Daylight,Signals,80,43,Valid,No,Straight Road,1
Odisha,Cuttack,2019,June,Thursday,00:42,Serious,3,Two-Wheeler,5,0,Rainy,Urban Road,Damaged,Dark,Signs,35,32,Unlicensed,No,Intersection,1
Uttar Pradesh,Lucknow,2018,November,Wednesday,15:21,Minor,3,Cycle,3,0,Clear,Urban Road,Dry,Daylight,Signs,50,25,Valid,No,Straight Road,0
Rajasthan,Unknown,2021,June,Monday,07:56,Fatal,4,Car,2,1,Clear,National Highway,Dry,Daylight,Signals,90,53,Valid,No,Intersection,1
Bihar,Patna,2024,April,Monday,16:46,Serious,2,Auto-Rickshaw,3,0,Clear,Expressway,Under Construction,Daylight,Signs,90,37,Expired,No,Curve,1
Tamil Nadu,Coimbatore,2023,October,Monday,08:44,Minor,4,Truck,1,0,Clear,Urban Road,Dry,Daylight,Police Checkpost,40,40,Valid,No,Straight Road,0
Uttar Pradesh,Varanasi,2020,July,Monday,11:46,Minor,5,Car,3,0,Rainy,Urban Road,Dry,Daylight,Police Checkpost,50,40,Valid,No,Intersection,0
Maharashtra,Nashik,2020,January,Wednesday,16:01,Minor,1,Car,1,0,Foggy,Urban Road,Under Construction,Daylight,Signals,50,42,Valid,No,Straight Road,0
Chhattisgarh,Raipur,2022,August,Wednesday,17:49,Serious,3,Truck,3,0,Clear,Urban Road,Damaged,Daylight,Signs,35,18,Expired,Yes,Intersection,1
Andhra Pradesh,Vijayawada,2019,July,Thursday,01:36,Minor,4,Two-Wheeler,1,0,Rainy,State Highway,Wet,Dark,Signs,50,23,Expired,No,Straight Road,0
West Bengal,Siliguri,2023,July,Tuesday,14:11,Fatal,2,Car,2,1,Foggy,State Highway,Dry,Daylight,No Control,70,59,Valid,No,Curve,1
Kerala,Kochi,2020,March,Monday,19:46,Minor,3,Two-Wheeler,1,0,Clear,State Highway,Dry,Dark,Signs,50,36,Valid,No,Bridge,0
Rajasthan,Jaipur,2019,June,Monday,07:06,Minor,1,Bus,1,0,Clear,Urban Road,Under Construction,Daylight,Signs,45,42,Valid,No,Intersection,0
Gujarat,Ahmedabad,2018,August,Tuesday,14:37,Minor,5,Two-Wheeler,1,0,Clear,Urban Road,Dry,Daylight,Signs,40,47,Valid,No,Straight Road,0
Gujarat,Vadodara,2022,September,Wednesday,12:34,Serious,3,Two-Wheeler,3,0,Rainy,Urban Road,Wet,Daylight,No Control,45,33,Valid,Yes,Intersection,1
West Bengal,Unknown,2018,September,Tuesday,20:01,Fatal,4,Truck,2,1,Rainy,National Highway,Damaged,Dark,Signs,95,24,Valid,No,Curve,1
Uttar Pradesh,Agra,2023,December,Wednesday,12:22,Minor,1,Two-Wheeler,3,0,Hazy,Urban Road,Dry,Daylight,Signs,60,21,Valid,No,Intersection,0
Odisha,Cuttack,2024,July,Sunday,22:07,Fatal,1,Tractor,6,1,Rainy,National Highway,Dry,Dawn,Signs,85,25,Valid,Yes,Straight Road,1
Punjab,Amritsar,2018,June,Tuesday,17:56,Minor,3,Truck,2,0,Rainy,Village Road,Wet,Dusk,Signs,25,29,Valid,No,Straight Road,0
Karnataka,Mysuru,2018,July,Tuesday,15:48,Serious,2,Truck,5,0,Rainy,Urban Road,Wet,Daylight,Signs,50,28,Valid,No,Intersection,1
Madhya Pradesh,Bhopal,2024,April,Friday,09:59,Minor,3,Two-Wheeler,2,0,Clear,Urban Road,Dry,Daylight,No Control,35,22,Valid,No,Straight Road,0
Uttar Pradesh,Lucknow,2018,April,Thursday,16:29,Minor,3,Car,2,0,Clear,State Highway,Dry,Dusk,Police Checkpost,80,48,Valid,No,Curve,0
Himachal Pradesh,Shimla,2020,September,Monday,06:19,Fatal,3,Two-Wheeler,4,2,Rainy,National Highway,Wet,Dawn,Signs,95,55,Valid,No,Intersection,1
Odisha,Unknown,2024,April,Saturday,12:57,Minor,2,Two-Wheeler,1,0,Clear,Urban Road,Dry,Daylight,No Control,40,26,Valid,No,Curve,0
Assam,Guwahati,2018,September,Saturday,09:18,Fatal,3,Truck,3,2,Rainy,National Highway,Wet,Daylight,Signs,60,18,Valid,Yes,Straight Road,1
Tamil Nadu,Coimbatore,2022,September,Sunday,17:24,Minor,2,Two-Wheeler,1,0,Rainy,Urban Road,Wet,Dusk,Signals,55,38,Valid,No,Straight Road,0
Uttar Pradesh,Agra,2020,December,Sunday,18:08,Minor,3,Truck,3,0,Hazy,National Highway,Dry,Dusk,Signals,60,55,Valid,No,Straight Road,0
Uttar Pradesh,Agra,2021,February,Friday,21:49,Minor,2,Car,1,0,Clear,Urban Road,Dry,Dark,Signals,35,21,Valid,No,Intersection,0
Maharashtra,Mumbai,2024,May,Saturday,08:07,Minor,1,Cycle,1,0,Rainy,National Highway,Wet,Daylight,Signals,60,21,Valid,No,Intersection,0
Maharashtra,Nagpur,2022,October,Thursday,20:02,Fatal,2,Car,2,1,Clear,National Highway,Dry,Dark,Signs,65,18,Valid,Yes,Bridge,1
Maharashtra,Unknown,2020,June,Sunday,20:49,Minor,4,Two-Wheeler,1,0,Rainy,Urban Road,Damaged,Dark,Signs,55,40,Valid,No,Intersection,0
Jammu and Kashmir,Srinagar,2024,August,Friday,20:50,Serious,5,Auto-Rickshaw,3,0,Rainy,Urban Road,Damaged,Dark,Signals,45,25,Valid,No,Straight Road,1
Maharashtra,Nashik,2022,September,Wednesday,18:51,Fatal,3,Car,2,1,Stormy,National Highway,Wet,Dusk,Signs,65,48,Valid,No,Curve,1
Uttar Pradesh,Lucknow,2018,November,Monday,09:51,Minor,1,Two-Wheeler,2,0,Clear,Urban Road,Dry,Daylight,Police Checkpost,60,46,Valid,No,Intersection,0
Haryana,Gurugram,2020,March,Friday,20:08,Minor,1,Car,2,0,Clear,Urban Road,Dry,Dark,Signs,40,55,Valid,Yes,Straight Road,0
Madhya Pradesh,Gwalior,2019,April,Thursday,16:21,Minor,1,Car,2,0,Clear,Urban Road,Dry,Daylight,No Control,50,50,Unlicensed,No,Straight Road,0
Bihar,Patna,2022,June,Saturday,18:45,Minor,2,Two-Wheeler,1,0,Hazy,Urban Road,Dry,Daylight,Signs,45,18,Unlicensed,No,Intersection,0
West Bengal,Durgapur,2024,July,Tuesday,07:18,Serious,2,Bus,4,0,Rainy,National Highway,Under Construction,Daylight,No Control,65,34,Valid,No,Straight Road,1
Odisha,Cuttack,2018,November,Saturday,06:46,Fatal,1,Auto-Rickshaw,1,1,Hazy,National Highway,Damaged,Dark,No Control,90,51,Unlicensed,No,Bridge,1
West Bengal,Durgapur,2023,January,Monday,09:54,Serious,3,Car,2,0,Hazy,National Highway,Dry,Daylight,Signs,100,21,Expired,No,Curve,1
Rajasthan,Unknown,2024,March,Friday,14:57,Serious,1,Two-Wheeler,4,0,Clear,Expressway,Dry,Daylight,Signs,120,32,Valid,No,Straight Road,1
Andhra Pradesh,Vijayawada,2024,November,Thursday,12:46,Serious,3,Two-Wheeler,3,0,Hazy,National Highway,Dry,Daylight,No Control,90,38,Valid,No,Straight Road,1
Gujarat,Surat,2022,August,Wednesday,20:47,Fatal,2,Car,3,1,Rainy,National Highway,Wet,Dark,No Control,85,36,Valid,Yes,Straight Road,1
Karnataka,Bengaluru,2020,September,Thursday,00:35,Serious,2,Two-Wheeler,3,0,Clear,National Highway,Dry,Dark,Signs,90,41,Valid,No,Straight Road,1
Gujarat,Vadodara,2019,March,Tuesday,04:04,Serious,3,Two-Wheeler,5,0,Clear,Urban Road,Dry,Dawn,Signals,60,29,Valid,No,Intersection,1
Uttar Pradesh,Lucknow,2024,August,Tuesday,10:26,Serious,3,Car,4,0,Stormy,State Highway,Damaged,Daylight,Signs,65,26,Valid,No,Curve,1
Punjab,Ludhiana,2020,May,Saturday,07:57,Minor,3,Truck,1,0,Clear,Urban Road,Dry,Daylight,Signs,55,42,Valid,No,Straight Road,0
Tamil Nadu,Unknown,2020,September,Tuesday,11:54,Serious,2,Two-Wheeler,3,0,Clear,State Highway,Dry,Daylight,Signs,60,35,Valid,No,Curve,1
Uttar Pradesh,Unknown,2023,February,Saturday,18:14,Minor,2,Truck,2,0,Clear,Urban Road,Dry,Dusk,Police Checkpost,40,62,Valid,No,Straight Road,0
Tamil Nadu,Madurai,2023,April,Saturday,23:44,Minor,1,Two-Wheeler,1,0,Hazy,Village Road,Damaged,Dark,Signs,20,24,Valid,Yes,Straight Road,0
Haryana,Faridabad,2023,August,Monday,07:18,Serious,3,Car,4,0,Rainy,State Highway,Damaged,Daylight,Signs,65,36,Valid,No,Bridge,1
Tamil Nadu,Chennai,2024,August,Sunday,08:25,Fatal,4,Truck,1,1,Rainy,Expressway,Damaged,Daylight,Signs,105,21,Valid,No,Bridge,1
Andhra Pradesh,Visakhapatnam,2024,November,Saturday,18:38,Minor,1,Two-Wheeler,2,0,Clear,Village Road,Dry,Dusk,Signs,30,41,Valid,No,Straight Road,0
Delhi,New Delhi,2019,October,Saturday,09:29,Fatal,6,Auto-Rickshaw,4,2,Clear,National Highway,Dry,Daylight,Signs,65,35,Valid,Yes,Straight Road,1
Maharashtra,Pune,2019,January,Saturday,17:36,Minor,3,Bus,1,0,Clear,Urban Road,Dry,Dark,Signs,45,43,Unlicensed,No,Straight Road,0
Bihar,Gaya,2019,February,Friday,15:05,Minor,3,Auto-Rickshaw,2,0,Hazy,Urban Road,Dry,Daylight,Police Checkpost,45,28,Unlicensed,No,Straight Road,0
Tamil Nadu,Chennai,2022,May,Sunday,20:17,Minor,3,Two-Wheeler,1,0,Clear,Village Road,Dry,Dark,No Control,20,18,Valid,No,Bridge,0
Uttar Pradesh,Varanasi,2022,December,Tuesday,01:48,Minor,1,Cycle,1,0,Foggy,Urban Road,Dry,Dark,Police Checkpost,45,52,Expired,No,Intersection,0
Andhra Pradesh,Vijayawada,2024,June,Monday,23:37,Serious,2,Car,3,1,Stormy,Urban Road,Wet,Dark,Signals,40,48,Valid,Yes,Straight Road,1
Assam,Guwahati,2023,November,Saturday,22:50,Serious,1,Two-Wheeler,5,0,Clear,State Highway,Dry,Dark,Signs,65,48,Valid,No,Curve,1
Tamil Nadu,Unknown,2023,January,Wednesday,00:57,Serious,3,Truck,2,0,Hazy,Village Road,Dry,Dark,No Control,20,48,Valid,No,Curve,1
Madhya Pradesh,Indore,2018,December,Friday,13:21,Serious,1,Auto-Rickshaw,2,0,Clear,National Highway,Dry,Daylight,Signs,95,38,Valid,No,Straight Road,1
Tamil Nadu,Coimbatore,2022,January,Wednesday,11:15,Minor,2,Auto-Rickshaw,2,0,Foggy,Urban Road,Dry,Daylight,Signals,40,44,Unlicensed,No,Straight Road,0
Madhya Pradesh,Gwalior,2023,October,Wednesday,08:18,Minor,1,Two-Wheeler,1,0,Clear,National Highway,Dry,Daylight,Signs,75,26,Valid,No,Straight Road,0
West Bengal,Unknown,2024,November,Sunday,23:34,Serious,1,Two-Wheeler,2,0,Rainy,Urban Road,Damaged,Dark,Signals,35,32,Unlicensed,No,Intersection,1
West Bengal,Unknown,2020,April,Tuesday,07:15,Minor,3,Car,3,0,Clear,Urban Road,Dry,Daylight,No Control,45,51,Valid,No,Straight Road,0
West Bengal,Kolkata,2023,April,Tuesday,08:23,Serious,3,Cycle,3,0,Clear,National Highway,Dry,Daylight,Police Checkpost,75,61,Valid,No,Straight Road,1
Uttar Pradesh,Lucknow,2020,July,Friday,00:10,Minor,2,Tractor,1,0,Clear,Urban Road,Dry,Dark,No Control,30,41,Valid,No,Intersection,0
Andhra Pradesh,Visakhapatnam,2019,September,Saturday,15:23,Serious,1,Two-Wheeler,3,0,Stormy,Village Road,Wet,Daylight,No Control,30,18,Valid,No,Straight Road,1
Telangana,Hyderabad,2020,February,Saturday,20:56,Fatal,3,Two-Wheeler,2,1,Clear,National Highway,Damaged,Dark,Signals,70,41,Valid,No,Curve,1
Andhra Pradesh,Unknown,2019,March,Tuesday,16:25,Serious,3,Truck,3,0,Clear,State Highway,Dry,Daylight,Signs,60,54,Valid,No,Straight Road,1
Maharashtra,Mumbai,2024,October,Sunday,17:45,Serious,4,Two-Wheeler,4,0,Clear,National Highway,Damaged,Dusk,Signs,65,33,Valid,No,Bridge,1
Gujarat,Surat,2019,October,Friday,03:25,Fatal,3,Two-Wheeler,2,1,Clear,National Highway,Dry,Dark,Signals,85,25,Valid,No,Curve,1
Karnataka,Mysuru,2018,February,Saturday,18:26,Serious,4,Truck,2,1,Clear,Village Road,Under Construction,Dusk,No Control,20,49,Unlicensed,No,Bridge,1
Maharashtra,Pune,2022,November,Monday,11:39,Serious,4,Two-Wheeler,3,0,Rainy,State Highway,Damaged,Daylight,Signs,65,33,Valid,No,Straight Road,1
Uttar Pradesh,Kanpur,2022,November,Wednesday,13:06,Minor,5,Bus,1,0,Clear,Urban Road,Dry,Daylight,Signs,40,33,Valid,No,Straight Road,0
Gujarat,Unknown,2021,November,Thursday,15:21,Fatal,5,Cycle,5,3,Clear,National Highway,Dry,Daylight,Signs,90,18,Valid,Yes,Intersection,1
Kerala,Kochi,2019,March,Friday,23:08,Fatal,2,Two-Wheeler,3,3,Rainy,National Highway,Wet,Dark,Police Checkpost,75,18,Valid,No,Bridge,1
Uttar Pradesh,Agra,2021,September,Monday,18:11,Serious,3,Car,5,0,Foggy,Urban Road,Under Construction,Dusk,Signs,50,47,Valid,No,Straight Road,1
Haryana,Gurugram,2024,February,Friday,17:42,Fatal,4,Truck,5,1,Rainy,State Highway,Wet,Dark,No Control,80,22,Valid,No,Bridge,1
Madhya Pradesh,Bhopal,2018,March,Friday,12:10,Minor,3,Car,1,0,Hazy,Village Road,Dry,Daylight,No Control,25,58,Valid,No,Straight Road,0
Bihar,Gaya,2023,January,Wednesday,01:12,Fatal,2,Auto-Rickshaw,1,1,Rainy,National Highway,Wet,Dark,No Control,65,61,Unlicensed,No,Straight Road,1
Gujarat,Ahmedabad,2018,June,Thursday,14:34,Minor,4,Two-Wheeler,2,0,Clear,Urban Road,Dry,Daylight,Signals,50,24,Valid,No,Straight Road,0
Rajasthan,Jaipur,2019,September,Wednesday,17:20,Serious,5,Tractor,4,0,Stormy,Urban Road,Damaged,Dusk,Signals,35,29,Unlicensed,No,Intersection,1
West Bengal,Unknown,2024,March,Sunday,17:07,Minor,3,Car,2,0,Clear,Urban Road,Dry,Dusk,Signs,35,45,Valid,No,Curve,0
Jharkhand,Jamshedpur,2020,March,Friday,16:57,Minor,2,Two-Wheeler,1,0,Clear,Urban Road,Dry,Daylight,Signals,50,55,Valid,No,Intersection,0
Rajasthan,Jaipur,2021,April,Friday,09:55,Fatal,6,Truck,4,1,Clear,National Highway,Under Construction,Daylight,No Control,85,39,Valid,No,Straight Road,1
Rajasthan,Udaipur,2020,March,Sunday,08:34,Minor,3,Truck,1,0,Clear,Urban Road,Under Construction,Daylight,Signals,30,29,Valid,No,Intersection,0
West Bengal,Durgapur,2022,October,Friday,04:31,Serious,2,Two-Wheeler,3,0,Hazy,Urban Road,Damaged,Dark,No Control,45,32,Expired,No,Straight Road,1
Kerala,Thiruvananthapuram,2020,March,Wednesday,17:48,Minor,1,Auto-Rickshaw,1,0,Rainy,Urban Road,Wet,Dusk,No Control,50,38,Valid,No,Intersection,0
Maharashtra,Mumbai,2021,April,Friday,22:58,Minor,1,Two-Wheeler,2,0,Clear,National Highway,Damaged,Dark,Signs,70,31,Valid,No,Intersection,0
Rajasthan,Jodhpur,2023,April,Sunday,14:06,Serious,2,Two-Wheeler,3,0,Hazy,National Highway,Dry,Daylight,Signs,90,52,Valid,No,Bridge,1
Gujarat,Surat,2021,March,Monday,17:05,Serious,4,Car,4,0,Hazy,State Highway,Dry,Dusk,Signs,70,29,Unlicensed,No,Curve,1
Assam,Guwahati,2021,December,Friday,17:19,Serious,3,Bus,2,0,Clear,State Highway,Under Construction,Daylight,No Control,70,43,Expired,No,Straight Road,1
Rajasthan,Jodhpur,2023,March,Tuesday,07:18,Serious,2,Truck,2,0,Hazy,National Highway,Dry,Daylight,Signs,70,46,Valid,No,Straight Road,1
Gujarat,Unknown,2020,June,Saturday,07:53,Serious,7,Truck,3,0,Clear,National Highway,Dry,Dusk,Police Checkpost,70,37,Valid,No,Straight Road,1
Chhattisgarh,Unknown,2023,July,Friday,07:30,Serious,3,Car,2,0,Clear,National Highway,Damaged,Daylight,Signals,80,34,Valid,No,Straight Road,1
Gujarat,Ahmedabad,2023,April,Sunday,21:48,Serious,1,Car,5,0,Clear,National Highway,Dry,Dark,No Control,65,37,Valid,No,Straight Road,1
Uttar Pradesh,Varanasi,2024,June,Friday,00:40,Serious,3,Car,2,0,Hazy,National Highway,Dry,Dark,No Control,75,27,Expired,No,Straight Road,1
Uttar Pradesh,Kanpur,2021,March,Monday,14:43,Minor,2,Two-Wheeler,1,0,Clear,Village Road,Dry,Daylight,No Control,40,46,Valid,No,Straight Road,0
Maharashtra,Mumbai,2021,June,Thursday,11:57,Minor,4,Two-Wheeler,1,0,Rainy,Village Road,Dry,Daylight,No Control,30,35,Valid,No,Intersection,0
Maharashtra,Nashik,2018,January,Sunday,17:35,Serious,1,Auto-Rickshaw,5,0,Foggy,State Highway,Dry,Daylight,Signs,75,34,Unlicensed,No,Curve,1
Gujarat,Unknown,2018,June,Tuesday,08:46,Fatal,2,Car,2,1,Rainy,National Highway,Wet,Daylight,Signs,70,24,Valid,No,Curve,1
Bihar,Gaya,2018,May,Monday,22:16,Fatal,2,Bus,3,1,Rainy,State Highway,Damaged,Dark,Signs,70,60,Valid,No,Curve,1
Kerala,Thiruvananthapuram,2022,May,Saturday,10:15,Minor,2,Car,2,0,Clear,Village Road,Dry,Daylight,No Control,35,47,Valid,No,Intersection,0
Maharashtra,Mumbai,2020,February,Thursday,21:35,Fatal,3,Two-Wheeler,1,1,Hazy,Village Road,Dry,Dark,Signs,25,19,Valid,Yes,Curve,1
Madhya Pradesh,Bhopal,2020,December,Monday,15:54,Minor,2,Two-Wheeler,2,0,Foggy,National Highway,Dry,Daylight,Signals,70,44,Valid,No,Straight Road,0
Uttar Pradesh,Kanpur,2022,January,Wednesday,12:03,Serious,2,Two-Wheeler,4,0,Clear,National Highway,Damaged,Daylight,Signs,75,30,Valid,No,Straight Road,1
Jharkhand,Ranchi,2020,February,Wednesday,18:30,Minor,2,Car,4,0,Clear,State Highway,Dry,Dusk,No Control,70,26,Valid,No,Curve,0
Uttar Pradesh,Lucknow,2018,February,Friday,15:12,Minor,3,Two-Wheeler,3,0,Clear,State Highway,Under Construction,Daylight,Signs,70,28,Valid,No,Straight Road,0
West Bengal,Durgapur,2021,December,Thursday,06:53,Fatal,2,Two-Wheeler,4,1,Foggy,National Highway,Dry,Dark,No Control,100,43,Valid,No,Bridge,1
Tamil Nadu,Coimbatore,2021,April,Thursday,17:31,Minor,1,Auto-Rickshaw,1,0,Clear,Urban Road,Damaged,Dusk,Signals,35,35,Valid,No,Intersection,0
West Bengal,Durgapur,2018,June,Saturday,15:02,Minor,2,Car,2,0,Clear,National Highway,Under Construction,Daylight,Signs,85,36,Valid,No,Curve,0
Karnataka,Bengaluru,2019,October,Wednesday,15:00,Fatal,3,Two-Wheeler,2,1,Foggy,National Highway,Dry,Daylight,Police Checkpost,100,40,Valid,No,Bridge,1
Bihar,Patna,2019,January,Friday,18:38,Minor,2,Two-Wheeler,2,0,Hazy,Urban Road,Dry,Dusk,Signs,35,48,Valid,No,Intersection,0
Uttar Pradesh,Unknown,2022,January,Wednesday,17:13,Minor,3,Car,3,0,Foggy,Urban Road,Dry,Dusk,Signs,60,65,Valid,No,Straight Road,0
Odisha,Bhubaneswar,2019,March,Thursday,11:02,Fatal,4,Two-Wheeler,1,1,Hazy,National Highway,Dry,Daylight,No Control,95,34,Valid,No,Straight Road,1
Rajasthan,Unknown,2018,September,Friday,09:09,Minor,2,Two-Wheeler,3,0,Foggy,Urban Road,Dry,Daylight,No Control,35,32,Expired,No,Straight Road,0
Kerala,Kochi,2019,December,Saturday,08:09,Minor,3,Auto-Rickshaw,1,0,Clear,State Highway,Dry,Daylight,No Control,55,38,Valid,No,Intersection,0
Haryana,Unknown,2021,August,Sunday,15:20,Serious,1,Car,4,0,Rainy,State Highway,Wet,Daylight,No Control,55,45,Valid,No,Intersection,1
Goa,Panaji,2023,November,Wednesday,09:43,Minor,1,Auto-Rickshaw,1,0,Clear,National Highway,Dry,Daylight,Signs,65,50,Valid,No,Straight Road,0
Uttar Pradesh,Kanpur,2018,November,Monday,05:51,Serious,1,Truck,2,0,Hazy,National Highway,Dry,Dawn,Signals,75,25,Expired,No,Curve,1
Tamil Nadu,Unknown,2024,April,Thursday,18:31,Serious,4,Two-Wheeler,4,1,Clear,National Highway,Dry,Dusk,No Control,75,66,Valid,No,Straight Road,1
Tamil Nadu,Madurai,2020,March,Friday,08:56,Minor,3,Truck,2,0,Hazy,Urban Road,Dry,Daylight,Police Checkpost,45,23,Valid,No,Intersection,0
Tamil Nadu,Chennai,2020,February,Tuesday,07:47,Minor,1,Two-Wheeler,1,0,Clear,Village Road,Dry,Daylight,No Control,35,48,Valid,No,Intersection,0
Madhya Pradesh,Bhopal,2018,October,Sunday,20:09,Minor,1,Two-Wheeler,4,0,Clear,National Highway,Dry,Dark,Signs,75,46,Valid,No,Intersection,0
Goa,Panaji,2019,September,Saturday,17:44,Fatal,2,Two-Wheeler,3,1,Stormy,National Highway,Wet,Dusk,Signs,65,20,Unlicensed,No,Curve,1
Jammu and Kashmir,Unknown,2021,November,Thursday,18:13,Serious,1,Auto-Rickshaw,2,0,Clear,State Highway,Dry,Dark,Signs,70,40,Valid,No,Straight Road,1
Rajasthan,Jaipur,2022,July,Thursday,10:57,Serious,4,Car,2,0,Hazy,State Highway,Dry,Daylight,No Control,70,18,Valid,No,Straight Road,1
West Bengal,Siliguri,2023,December,Monday,16:50,Minor,2,Bus,1,0,Clear,Village Road,Dry,Daylight,No Control,30,27,Valid,No,Straight Road,0
Delhi,New Delhi,2021,November,Friday,21:03,Fatal,1,Truck,2,2,Clear,National Highway,Dry,Dark,No Control,85,36,Valid,No,Straight Road,1
Jharkhand,Unknown,2018,October,Friday,09:10,Minor,2,Two-Wheeler,1,0,Hazy,Urban Road,Dry,Daylight,Signals,35,39,Unlicensed,No,Straight Road,0
Uttar Pradesh,Lucknow,2020,October,Sunday,03:26,Serious,3,Car,2,0,Clear,Urban Road,Dry,Dark,Signs,55,52,Valid,Yes,Intersection,1
Rajasthan,Jodhpur,2023,February,Thursday,07:44,Minor,2,Two-Wheeler,3,0,Clear,Village Road,Under Construction,Daylight,No Control,25,29,Valid,No,Straight Road,0
Haryana,Unknown,2022,September,Tuesday,21:33,Serious,3,Two-Wheeler,2,0,Rainy,State Highway,Wet,Dark,No Control,50,41,Valid,No,Straight Road,1
Tamil Nadu,Unknown,2022,December,Tuesday,09:05,Fatal,1,Two-Wheeler,5,1,Foggy,National Highway,Dry,Daylight,Signs,75,48,Expired,No,Straight Road,1
Gujarat,Vadodara,2021,April,Tuesday,13:37,Minor,3,Two-Wheeler,2,0,Clear,National Highway,Dry,Daylight,Signs,70,36,Valid,No,Straight Road,0
Jammu and Kashmir,Srinagar,2021,October,Sunday,14:38,Minor,4,Truck,2,0,Clear,Urban Road,Dry,Daylight,No Control,45,37,Valid,No,Intersection,0
Jammu and Kashmir,Srinagar,2024,May,Saturday,22:55,Serious,3,Car,4,1,Clear,Urban Road,Dry,Dark,Signs,45,20,Valid,Yes,Straight Road,1
Odisha,Unknown,2022,March,Saturday,09:15,Minor,1,Truck,3,0,Clear,Urban Road,Dry,Daylight,No Control,55,18,Valid,No,Intersection,0
Punjab,Amritsar,2022,September,Saturday,14:02,Fatal,2,Auto-Rickshaw,2,1,Hazy,National Highway,Damaged,Daylight,Signs,75,27,Valid,Yes,Straight Road,1
Tamil Nadu,Unknown,2020,February,Monday,22:44,Serious,2,Two-Wheeler,3,0,Clear,National Highway,Dry,Dark,Signs,65,54,Valid,No,Straight Road,1
Tamil Nadu,Unknown,2021,June,Saturday,07:42,Minor,2,Car,1,0,Clear,Urban Road,Dry,Daylight,Signals,45,54,Valid,No,Intersection,0
Madhya Pradesh,Indore,2022,December,Saturday,16:31,Minor,2,Two-Wheeler,2,0,Clear,National Highway,Dry,Daylight,No Control,90,52,Valid,No,Straight Road,0
Madhya Pradesh,Unknown,2024,February,Tuesday,03:41,Serious,1,Two-Wheeler,2,1,Hazy,Village Road,Under Construction,Dark,No Control,25,41,Valid,Yes,Bridge,1
Rajasthan,Jaipur,2023,February,Thursday,08:10,Minor,1,Auto-Rickshaw,1,0,Clear,Village Road,Damaged,Daylight,No Control,25,43,Valid,No,Straight Road,0
West Bengal,Siliguri,2022,December,Friday,03:07,Serious,2,Car,3,0,Clear,National Highway,Under Construction,Dark,Signals,65,32,Valid,No,Bridge,1
Karnataka,Unknown,2023,October,Sunday,10:24,Minor,4,Truck,2,0,Rainy,Urban Road,Wet,Daylight,No Control,50,33,Valid,No,Curve,0
Kerala,Unknown,2018,June,Monday,07:53,Minor,1,Two-Wheeler,3,0,Hazy,National Highway,Dry,Daylight,Signals,65,18,Expired,No,Bridge,0
Tamil Nadu,Madurai,2019,May,Sunday,19:30,Minor,2,Auto-Rickshaw,1,0,Rainy,Village Road,Wet,Daylight,No Control,25,40,Valid,No,Intersection,0
Tamil Nadu,Chennai,2019,December,Sunday,13:38,Minor,4,Car,1,0,Foggy,Urban Road,Dry,Daylight,Signs,30,43,Valid,No,Straight Road,0
Maharashtra,Nagpur,2022,September,Sunday,11:59,Serious,3,Two-Wheeler,3,0,Rainy,State Highway,Damaged,Daylight,No Control,60,30,Valid,No,Straight Road,1
Uttar Pradesh,Agra,2023,November,Monday,17:18,Serious,1,Two-Wheeler,3,0,Clear,Urban Road,Dry,Dusk,Signs,55,48,Valid,No,Intersection,1
Delhi,New Delhi,2019,February,Tuesday,22:28,Fatal,1,Car,2,1,Clear,National Highway,Dry,Dark,Signs,75,52,Expired,No,Curve,1
Gujarat,Vadodara,2019,July,Saturday,09:41,Fatal,3,Two-Wheeler,2,1,Rainy,State Highway,Damaged,Daylight,No Control,55,24,Expired,Yes,Curve,1
Uttar Pradesh,Kanpur,2021,September,Wednesday,03:09,Fatal,2,Two-Wheeler,4,3,Clear,National Highway,Dry,Dark,Signals,90,65,Valid,No,Curve,1
Bihar,Unknown,2024,January,Monday,05:24,Serious,5,Two-Wheeler,2,0,Foggy,State Highway,Dry,Dawn,Signs,60,44,Valid,No,Straight Road,1
Madhya Pradesh,Bhopal,2018,July,Saturday,20:33,Serious,4,Two-Wheeler,4,0,Rainy,National Highway,Under Construction,Dawn,Signals,65,56,Valid,No,Straight Road,1
Maharashtra,Pune,2024,January,Monday,20:18,Fatal,3,Two-Wheeler,4,2,Hazy,Expressway,Dry,Dark,Signs,80,29,Unlicensed,No,Curve,1
Tamil Nadu,Unknown,2019,November,Thursday,13:13,Minor,2,Truck,1,0,Clear,Urban Road,Damaged,Daylight,Signs,40,54,Valid,No,Straight Road,0
Uttar Pradesh,Unknown,2019,September,Sunday,06:26,Minor,1,Car,2,0,Stormy,Village Road,Wet,Dawn,Signs,25,45,Valid,No,Straight Road,0
Telangana,Unknown,2022,March,Thursday,14:52,Minor,3,Two-Wheeler,2,0,Clear,National Highway,Dry,Daylight,Signs,80,33,Valid,No,Straight Road,0
Tamil Nadu,Madurai,2023,July,Sunday,17:24,Fatal,3,Tractor,1,1,Rainy,Village Road,Wet,Dark,No Control,30,24,Expired,Yes,Intersection,1
Maharashtra,Nashik,2024,February,Thursday,10:50,Minor,2,Two-Wheeler,3,0,Foggy,Urban Road,Dry,Daylight,Police Checkpost,50,37,Valid,No,Straight Road,0
Maharashtra,Nagpur,2018,October,Wednesday,04:40,Serious,5,Truck,4,0,Clear,Urban Road,Dry,Dark,Signs,40,46,Valid,No,Intersection,1
Madhya Pradesh,Indore,2018,March,Monday,10:07,Serious,2,Truck,4,0,Rainy,Village Road,Dry,Daylight,No Control,20,38,Unlicensed,No,Curve,1
Maharashtra,Unknown,2021,August,Wednesday,17:54,Minor,2,Car,1,0,Stormy,Urban Road,Wet,Dusk,No Control,35,38,Valid,No,Intersection,0
Haryana,Unknown,2021,January,Wednesday,23:35,Minor,3,Two-Wheeler,2,0,Stormy,Urban Road,Wet,Dark,Signals,30,31,Valid,No,Straight Road,0
Uttar Pradesh,Kanpur,2019,February,Sunday,07:34,Minor,1,Car,2,0,Clear,Village Road,Dry,Daylight,No Control,25,21,Valid,No,Curve,0
West Bengal,Unknown,2022,December,Sunday,21:41,Fatal,3,Car,1,1,Clear,National Highway,Dry,Dark,No Control,90,39,Valid,Yes,Straight Road,1
Gujarat,Unknown,2019,May,Monday,13:02,Serious,2,Two-Wheeler,3,0,Clear,National Highway,Dry,Daylight,No Control,80,26,Valid,No,Straight Road,1
Gujarat,Surat,2024,February,Monday,17:15,Serious,2,Two-Wheeler,3,0,Hazy,Expressway,Dry,Dark,Police Checkpost,95,48,Valid,No,Straight Road,1
Maharashtra,Pune,2019,September,Friday,20:47,Minor,3,Car,1,0,Clear,Village Road,Under Construction,Dark,No Control,25,47,Valid,No,Curve,0
Punjab,Unknown,2022,March,Thursday,15:37,Minor,1,Two-Wheeler,1,0,Clear,Urban Road,Under Construction,Daylight,Signals,35,57,Unlicensed,No,Intersection,0
Odisha,Bhubaneswar,2021,August,Wednesday,03:23,Minor,1,Two-Wheeler,2,0,Foggy,Urban Road,Dry,Dark,Signs,35,32,Unlicensed,No,Straight Road,0
Maharashtra,Mumbai,2018,October,Tuesday,08:27,Minor,1,Two-Wheeler,1,0,Clear,Village Road,Dry,Daylight,Signs,25,36,Valid,No,Straight Road,0
Uttar Pradesh,Varanasi,2022,September,Tuesday,19:37,Minor,3,Car,1,0,Clear,Urban Road,Dry,Dusk,No Control,45,19,Valid,No,Bridge,0
Odisha,Cuttack,2019,March,Thursday,15:28,Serious,2,Truck,2,0,Hazy,National Highway,Dry,Daylight,Signs,85,30,Valid,No,Curve,1
Madhya Pradesh,Gwalior,2021,March,Monday,10:27,Serious,4,Truck,3,0,Clear,Urban Road,Damaged,Daylight,Signs,60,37,Valid,No,Curve,1
Uttar Pradesh,Lucknow,2022,March,Saturday,15:33,Serious,2,Car,3,0,Clear,State Highway,Dry,Daylight,No Control,80,38,Unlicensed,No,Straight Road,1
Uttar Pradesh,Unknown,2018,August,Wednesday,09:16,Minor,2,Two-Wheeler,2,0,Clear,National Highway,Dry,Daylight,Signs,70,32,Valid,No,Straight Road,0
Telangana,Warangal,2019,September,Thursday,08:34,Fatal,4,Two-Wheeler,2,1,Rainy,Expressway,Wet,Daylight,Signs,110,29,Valid,No,Straight Road,1
Kerala,Thiruvananthapuram,2020,July,Friday,19:41,Minor,2,Truck,3,0,Clear,Urban Road,Dry,Daylight,Police Checkpost,35,40,Valid,No,Straight Road,0
West Bengal,Kolkata,2024,May,Tuesday,11:42,Minor,2,Two-Wheeler,3,0,Hazy,Urban Road,Dry,Daylight,Signals,55,33,Valid,No,Straight Road,0
Chhattisgarh,Raipur,2019,January,Sunday,09:37,Minor,3,Truck,2,0,Clear,Urban Road,Dry,Daylight,Signs,55,53,Valid,No,Straight Road,0
Rajasthan,Unknown,2024,November,Saturday,11:27,Fatal,2,Truck,2,1,Clear,State Highway,Under Construction,Daylight,No Control,70,40,Valid,No,Curve,1
Tamil Nadu,Unknown,2021,August,Sunday,21:39,Minor,3,Car,2,0,Foggy,Urban Road,Dry,Dark,Signals,45,31,Valid,No,Intersection,0
Gujarat,Ahmedabad,2024,August,Thursday,07:43,Minor,1,Two-Wheeler,2,0,Stormy,Urban Road,Wet,Daylight,Signals,40,50,Valid,No,Intersection,0
Karnataka,Unknown,2023,February,Thursday,07:18,Minor,3,Two-Wheeler,3,0,Clear,Urban Road,Dry,Daylight,Signs,55,25,Valid,No,Intersection,0
Uttar Pradesh,Varanasi,2020,April,Tuesday,10:29,Fatal,2,Truck,5,2,Foggy,National Highway,Damaged,Daylight,No Control,100,32,Valid,Yes,Straight Road,1
Maharashtra,Unknown,2021,April,Friday,03:40,Fatal,2,Two-Wheeler,4,1,Clear,Village Road,Dry,Dark,No Control,35,24,Valid,Yes,Curve,1
Karnataka,Mangaluru,2023,August,Friday,04:39,Fatal,1,Two-Wheeler,2,2,Rainy,State Highway,Wet,Dark,Police Checkpost,50,34,Valid,No,Curve,1
Andhra Pradesh,Vijayawada,2018,October,Thursday,00:29,Fatal,2,Two-Wheeler,4,3,Rainy,State Highway,Wet,Dark,No Control,75,53,Valid,No,Curve,1
Maharashtra,Mumbai,2022,November,Tuesday,06:15,Minor,2,Truck,2,0,Clear,Urban Road,Damaged,Daylight,No Control,55,39,Valid,No,Intersection,0
Gujarat,Unknown,2021,July,Wednesday,16:54,Serious,1,Tractor,2,0,Rainy,Expressway,Wet,Daylight,Signs,95,18,Expired,No,Straight Road,1
West Bengal,Siliguri,2018,May,Monday,07:32,Minor,1,Car,1,0,Hazy,State Highway,Dry,Daylight,Police Checkpost,55,32,Valid,No,Straight Road,0
West Bengal,Siliguri,2024,May,Wednesday,11:32,Serious,2,Two-Wheeler,2,0,Clear,National Highway,Dry,Daylight,Signs,90,40,Unlicensed,No,Straight Road,1
Bihar,Unknown,2019,September,Friday,17:28,Fatal,4,Car,1,1,Clear,Expressway,Dry,Daylight,Signs,105,40,Valid,Yes,Straight Road,1
Punjab,Amritsar,2024,April,Sunday,01:45,Fatal,2,Car,4,1,Hazy,Expressway,Under Construction,Dark,Signs,110,35,Valid,Yes,Straight Road,1
Andhra Pradesh,Vijayawada,2019,May,Tuesday,08:18,Serious,2,Two-Wheeler,2,1,Clear,National Highway,Dry,Daylight,Signals,100,46,Valid,No,Bridge,1
Maharashtra,Pune,2021,October,Monday,23:56,Minor,1,Tractor,2,0,Clear,Village Road,Dry,Dark,No Control,25,44,Valid,No,Straight Road,0
Gujarat,Ahmedabad,2020,July,Wednesday,16:03,Serious,1,Cycle,3,0,Rainy,Village Road,Wet,Daylight,No Control,35,35,Valid,No,Curve,1
West Bengal,Durgapur,2024,June,Tuesday,17:00,Fatal,7,Truck,5,1,Rainy,National Highway,Wet,Daylight,No Control,80,40,Valid,No,Curve,1
Tamil Nadu,Unknown,2024,September,Saturday,14:30,Minor,2,Two-Wheeler,1,0,Rainy,Urban Road,Wet,Daylight,No Control,55,35,Valid,No,Straight Road,0
Maharashtra,Nagpur,2023,April,Monday,22:51,Fatal,2,Two-Wheeler,2,1,Hazy,National Highway,Dry,Dark,No Control,70,38,Valid,No,Curve,1
Uttar Pradesh,Agra,2023,January,Sunday,06:00,Serious,4,Two-Wheeler,3,0,Foggy,Village Road,Damaged,Daylight,No Control,35,39,Unlicensed,No,Curve,1
Gujarat,Ahmedabad,2023,October,Sunday,03:40,Minor,3,Car,2,0,Clear,National Highway,Dry,Dark,No Control,90,49,Expired,No,Intersection,0
Karnataka,Bengaluru,2020,June,Thursday,19:23,Minor,2,Car,2,0,Clear,Urban Road,Dry,Dusk,Signals,45,43,Valid,No,Intersection,0
Uttar Pradesh,Agra,2024,April,Sunday,00:01,Minor,2,Car,1,0,Clear,Village Road,Dry,Dark,No Control,40,37,Valid,No,Straight Road,0
Haryana,Gurugram,2021,February,Friday,15:22,Serious,4,Cycle,2,0,Foggy,National Highway,Dry,Daylight,Signals,75,32,Valid,No,Straight Road,1
Jharkhand,Jamshedpur,2020,December,Sunday,00:38,Fatal,2,Auto-Rickshaw,4,1,Foggy,Urban Road,Under Construction,Dark,No Control,50,45,Unlicensed,Yes,Intersection,1
Uttar Pradesh,Unknown,2019,September,Wednesday,10:38,Fatal,2,Two-Wheeler,4,2,Clear,National Highway,Damaged,Daylight,Signs,80,41,Valid,Yes,Straight Road,1
Jharkhand,Jamshedpur,2022,April,Sunday,17:50,Serious,2,Truck,3,0,Stormy,National Highway,Dry,Dusk,Signals,65,36,Expired,No,Straight Road,1
Maharashtra,Nashik,2019,August,Tuesday,15:59,Minor,4,Auto-Rickshaw,2,0,Rainy,Village Road,Damaged,Daylight,Signs,25,33,Valid,No,Curve,0
Assam,Guwahati,2022,June,Wednesday,15:03,Minor,4,Tractor,1,0,Rainy,Village Road,Wet,Daylight,No Control,35,38,Valid,No,Intersection,0
Chhattisgarh,Raipur,2018,April,Sunday,06:51,Serious,3,Truck,3,0,Clear,Urban Road,Dry,Dawn,Signals,45,29,Valid,No,Intersection,1
Maharashtra,Pune,2022,April,Wednesday,09:00,Minor,3,Two-Wheeler,1,0,Clear,Village Road,Dry,Daylight,Signs,35,20,Valid,No,Straight Road,0
Bihar,Gaya,2022,January,Tuesday,17:58,Serious,3,Truck,4,0,Clear,National Highway,Under Construction,Dusk,Signs,65,56,Valid,Yes,Straight Road,1
Uttarakhand,Dehradun,2021,December,Monday,00:46,Minor,2,Car,2,0,Foggy,Urban Road,Dry,Dark,Signs,55,56,Valid,No,Bridge,0
Odisha,Unknown,2022,December,Tuesday,16:57,Minor,2,Two-Wheeler,2,0,Hazy,Village Road,Dry,Daylight,No Control,35,39,Expired,No,Straight Road,0
Uttarakhand,Dehradun,2024,November,Wednesday,14:04,Minor,3,Auto-Rickshaw,3,0,Clear,Village Road,Dry,Daylight,No Control,40,43,Valid,No,Straight Road,0
Madhya Pradesh,Gwalior,2023,April,Thursday,10:04,Minor,4,Truck,2,0,Clear,State Highway,Dry,Daylight,No Control,70,34,Valid,No,Straight Road,0
Maharashtra,Pune,2021,December,Friday,10:59,Serious,2,Cycle,5,0,Clear,State Highway,Damaged,Daylight,No Control,65,43,Valid,No,Straight Road,1
Haryana,Unknown,2024,April,Saturday,19:16,Minor,5,Two-Wheeler,2,0,Hazy,Urban Road,Damaged,Daylight,Signs,30,38,Valid,No,Straight Road,0
West Bengal,Unknown,2024,October,Monday,11:22,Fatal,2,Bus,2,2,Rainy,National Highway,Wet,Daylight,No Control,70,40,Valid,No,Straight Road,1
West Bengal,Unknown,2019,February,Saturday,04:17,Minor,1,Car,2,0,Clear,Urban Road,Damaged,Dark,No Control,50,25,Valid,No,Straight Road,0
Karnataka,Unknown,2020,April,Friday,22:09,Serious,1,Two-Wheeler,4,0,Clear,National Highway,Dry,Dark,No Control,95,59,Valid,No,Straight Road,1
Madhya Pradesh,Bhopal,2023,July,Saturday,06:04,Serious,3,Auto-Rickshaw,4,0,Rainy,Urban Road,Under Construction,Daylight,Signs,50,24,Valid,No,Straight Road,1
Uttar Pradesh,Varanasi,2021,December,Saturday,19:08,Fatal,2,Bus,5,2,Hazy,National Highway,Dry,Dark,Police Checkpost,85,47,Valid,No,Straight Road,1
Kerala,Kozhikode,2018,April,Sunday,00:50,Minor,1,Car,2,0,Rainy,Urban Road,Wet,Dark,Signals,55,28,Valid,No,Intersection,0
Maharashtra,Unknown,2021,June,Monday,10:01,Fatal,2,Tractor,2,1,Rainy,Expressway,Wet,Daylight,Signs,90,18,Valid,No,Intersection,1
Kerala,Thiruvananthapuram,2020,November,Friday,14:53,Minor,3,Bus,2,0,Clear,Urban Road,Dry,Daylight,Signals,40,49,Valid,No,Curve,0
Haryana,Faridabad,2023,June,Sunday,01:13,Serious,2,Car,3,0,Rainy,Expressway,Dry,Dark,Signs,85,39,Valid,No,Straight Road,1
Gujarat,Ahmedabad,2021,September,Saturday,18:36,Fatal,5,Two-Wheeler,2,1,Stormy,State Highway,Wet,Dark,No Control,70,21,Unlicensed,No,Curve,1
Rajasthan,Jaipur,2018,June,Monday,08:15,Minor,5,Car,3,0,Rainy,State Highway,Damaged,Daylight,Signs,55,45,Expired,No,Curve,0
Tamil Nadu,Madurai,2018,January,Friday,14:53,Minor,3,Car,1,0,Foggy,Village Road,Dry,Daylight,No Control,25,33,Valid,No,Intersection,0
Uttarakhand,Dehradun,2020,April,Saturday,19:02,Serious,4,Car,3,0,Clear,National Highway,Damaged,Dusk,No Control,65,59,Expired,No,Straight Road,1
Kerala,Kochi,2019,July,Wednesday,15:42,Fatal,3,Two-Wheeler,1,1,Rainy,State Highway,Wet,Daylight,Signs,75,20,Valid,No,Curve,1
Karnataka,Mangaluru,2024,January,Friday,12:56,Minor,4,Auto-Rickshaw,2,0,Hazy,Urban Road,Wet,Daylight,Signs,35,30,Valid,No,Straight Road,0
Uttar Pradesh,Agra,2019,March,Saturday,10:26,Serious,2,Bus,3,0,Clear,National Highway,Damaged,Daylight,Signs,95,47,Valid,No,Straight Road,1
Uttar Pradesh,Agra,2022,December,Thursday,02:27,Serious,3,Truck,3,0,Hazy,Village Road,Damaged,Dawn,Signs,25,32,Expired,No,Curve,1
Gujarat,Ahmedabad,2018,January,Tuesday,21:08,Minor,4,Bus,1,0,Clear,Urban Road,Dry,Dark,Signals,30,28,Valid,No,Intersection,0
Jharkhand,Jamshedpur,2021,March,Friday,15:52,Fatal,3,Two-Wheeler,2,1,Clear,National Highway,Under Construction,Daylight,Signals,100,40,Valid,No,Intersection,1
Kerala,Thiruvananthapuram,2024,August,Friday,16:57,Minor,3,Car,4,0,Rainy,State Highway,Wet,Daylight,Signs,60,51,Valid,No,Straight Road,0
Uttar Pradesh,Lucknow,2022,July,Thursday,12:29,Serious,5,Truck,2,1,Clear,State Highway,Dry,Daylight,No Control,70,37,Valid,No,Curve,1
Delhi,New Delhi,2020,March,Saturday,11:41,Minor,4,Truck,1,0,Clear,Urban Road,Dry,Daylight,Signs,35,35,Valid,No,Straight Road,0
Karnataka,Bengaluru,2023,January,Thursday,02:45,Serious,4,Car,5,0,Clear,National Highway,Under Construction,Dark,No Control,65,28,Valid,Yes,Straight Road,1
Delhi,New Delhi,2021,November,Sunday,07:21,Minor,2,Two-Wheeler,1,0,Hazy,Village Road,Under Construction,Daylight,Signs,25,32,Valid,No,Straight Road,0
Uttar Pradesh,Kanpur,2019,July,Saturday,12:00,Fatal,1,Truck,2,1,Hazy,National Highway,Dry,Daylight,Signs,90,24,Valid,No,Straight Road,1
West Bengal,Durgapur,2024,July,Saturday,08:07,Minor,1,Two-Wheeler,1,0,Rainy,State Highway,Dry,Daylight,No Control,50,52,Valid,No,Straight Road,0
Jharkhand,Ranchi,2024,January,Thursday,02:53,Minor,2,Two-Wheeler,1,0,Clear,Urban Road,Dry,Dark,Signals,50,46,Valid,No,Straight Road,0
Tamil Nadu,Chennai,2021,March,Tuesday,15:47,Minor,2,Car,3,0,Hazy,State Highway,Dry,Daylight,Signs,75,22,Valid,No,Straight Road,0
Andhra Pradesh,Visakhapatnam,2018,January,Saturday,13:05,Minor,2,Car,1,0,Clear,Urban Road,Dry,Daylight,No Control,35,31,Valid,No,Bridge,0
Jammu and Kashmir,Jammu,2020,December,Monday,12:48,Minor,1,Two-Wheeler,3,0,Clear,Urban Road,Dry,Daylight,No Control,40,46,Valid,No,Bridge,0
Uttar Pradesh,Kanpur,2021,October,Thursday,19:52,Fatal,4,Truck,1,1,Rainy,National Highway,Wet,Dusk,Signs,95,45,Valid,No,Bridge,1
Maharashtra,Unknown,2024,July,Monday,16:32,Minor,4,Cycle,1,0,Clear,Urban Road,Dry,Daylight,Signs,45,36,Valid,No,Intersection,0
Telangana,Hyderabad,2023,September,Friday,00:27,Minor,1,Two-Wheeler,3,0,Rainy,Village Road,Wet,Dark,No Control,35,34,Valid,No,Straight Road,0
Karnataka,Hubballi,2019,February,Saturday,18:59,Serious,2,Car,2,0,Clear,National Highway,Dry,Daylight,No Control,90,37,Valid,No,Curve,1
Maharashtra,Nashik,2021,December,Thursday,13:52,Minor,2,Cycle,1,0,Foggy,Urban Road,Dry,Daylight,Police Checkpost,40,32,Unlicensed,No,Intersection,0
Gujarat,Surat,2019,July,Thursday,14:23,Fatal,2,Tractor,5,3,Rainy,State Highway,Damaged,Daylight,No Control,70,50,Expired,Yes,Bridge,1
Kerala,Kochi,2021,July,Monday,20:28,Minor,4,Car,1,0,Rainy,Village Road,Wet,Dark,Police Checkpost,40,46,Valid,No,Curve,0
Tamil Nadu,Madurai,2021,December,Wednesday,05:56,Serious,4,Bus,3,0,Foggy,National Highway,Dry,Dawn,Police Checkpost,70,41,Expired,No,Intersection,1
Tamil Nadu,Coimbatore,2021,February,Thursday,16:55,Serious,2,Two-Wheeler,2,0,Clear,National Highway,Dry,Daylight,Signals,60,24,Unlicensed,No,Bridge,1
Haryana,Faridabad,2020,June,Sunday,09:37,Serious,4,Bus,4,0,Clear,State Highway,Dry,Daylight,No Control,75,30,Valid,No,Bridge,1
Rajasthan,Unknown,2021,February,Sunday,01:38,Minor,2,Tractor,2,0,Hazy,Urban Road,Dry,Dark,Signals,40,30,Valid,No,Intersection,0
Haryana,Gurugram,2023,June,Sunday,12:44,Fatal,4,Two-Wheeler,2,1,Stormy,National Highway,Wet,Daylight,Signals,85,33,Expired,No,Bridge,1
Gujarat,Ahmedabad,2021,April,Monday,09:17,Minor,3,Two-Wheeler,1,0,Hazy,Village Road,Dry,Daylight,No Control,25,39,Valid,No,Straight Road,0
Chhattisgarh,Raipur,2018,June,Wednesday,00:55,Serious,3,Two-Wheeler,2,0,Rainy,State Highway,Wet,Dark,Signs,55,56,Valid,No,Intersection,1
Telangana,Warangal,2023,September,Thursday,13:17,Minor,4,Car,2,0,Rainy,Village Road,Damaged,Daylight,Signs,35,39,Valid,No,Curve,0
Maharashtra,Nagpur,2022,April,Friday,09:49,Minor,2,Two-Wheeler,2,0,Clear,Village Road,Dry,Daylight,Signs,20,21,Valid,No,Straight Road,0
Odisha,Unknown,2022,January,Saturday,12:49,Minor,5,Car,1,0,Foggy,Urban Road,Wet,Daylight,Signals,45,45,Valid,No,Intersection,0
Rajasthan,Unknown,2022,February,Saturday,00:17,Minor,1,Car,2,0,Clear,Urban Road,Dry,Dawn,Signals,50,21,Valid,No,Straight Road,0
Uttar Pradesh,Varanasi,2019,September,Thursday,11:48,Minor,2,Auto-Rickshaw,1,0,Rainy,Urban Road,Wet,Daylight,No Control,45,43,Valid,No,Straight Road,0
Uttar Pradesh,Varanasi,2024,July,Friday,13:52,Minor,2,Auto-Rickshaw,1,0,Clear,Urban Road,Dry,Daylight,No Control,35,32,Expired,No,Straight Road,0
Andhra Pradesh,Visakhapatnam,2024,December,Sunday,13:29,Fatal,3,Car,2,1,Clear,National Highway,Dry,Daylight,Signs,85,44,Expired,No,Straight Road,1
Maharashtra,Unknown,2019,November,Tuesday,18:32,Minor,4,Truck,1,0,Hazy,Village Road,Dry,Dusk,Signs,20,44,Valid,No,Straight Road,0
Tamil Nadu,Unknown,2019,February,Saturday,23:30,Minor,1,Car,2,0,Clear,Urban Road,Dry,Dark,No Control,45,39,Valid,No,Straight Road,0
Uttar Pradesh,Kanpur,2019,September,Saturday,01:02,Serious,3,Truck,3,1,Rainy,Urban Road,Damaged,Dark,Signs,40,25,Valid,No,Intersection,1
Gujarat,Unknown,2024,February,Tuesday,11:32,Serious,1,Truck,3,0,Foggy,Urban Road,Damaged,Daylight,No Control,45,30,Valid,No,Straight Road,1
Karnataka,Unknown,2024,February,Sunday,20:40,Minor,2,Auto-Rickshaw,1,0,Rainy,Urban Road,Dry,Dark,Signals,55,43,Valid,Yes,Straight Road,0
Rajasthan,Jaipur,2019,October,Sunday,16:33,Serious,2,Two-Wheeler,4,0,Hazy,State Highway,Dry,Daylight,Signs,75,39,Valid,No,Bridge,1
Tamil Nadu,Madurai,2022,May,Saturday,23:29,Serious,4,Bus,3,0,Hazy,State Highway,Dry,Dark,No Control,70,59,Valid,No,Bridge,1
Maharashtra,Pune,2019,December,Monday,18:30,Serious,1,Two-Wheeler,2,0,Clear,State Highway,Dry,Dark,No Control,65,39,Valid,No,Curve,1
West Bengal,Siliguri,2018,January,Tuesday,18:32,Serious,7,Truck,2,1,Hazy,Urban Road,Dry,Dusk,Signals,55,47,Expired,No,Straight Road,1
Karnataka,Mangaluru,2019,July,Saturday,04:55,Fatal,3,Tractor,3,2,Rainy,National Highway,Wet,Dark,Signs,65,32,Expired,Yes,Straight Road,1
Telangana,Warangal,2018,April,Monday,09:24,Minor,4,Car,2,0,Stormy,Village Road,Wet,Daylight,No Control,25,27,Valid,Yes,Straight Road,0
Maharashtra,Pune,2023,December,Monday,15:13,Minor,1,Auto-Rickshaw,1,0,Foggy,Village Road,Dry,Daylight,Police Checkpost,30,51,Valid,No,Intersection,0
Maharashtra,Nagpur,2023,September,Thursday,14:03,Minor,1,Bus,3,0,Rainy,Village Road,Damaged,Daylight,Signs,35,29,Valid,No,Straight Road,0
Tamil Nadu,Chennai,2019,October,Monday,18:52,Serious,3,Truck,3,0,Hazy,Village Road,Dry,Daylight,No Control,25,20,Valid,Yes,Straight Road,1
Gujarat,Unknown,2021,April,Saturday,23:10,Fatal,1,Two-Wheeler,2,1,Hazy,State Highway,Dry,Dark,Signs,60,21,Valid,No,Straight Road,1
Karnataka,Mysuru,2019,November,Friday,07:25,Minor,1,Two-Wheeler,1,0,Clear,Village Road,Dry,Daylight,Signs,40,41,Valid,No,Straight Road,0
Punjab,Ludhiana,2021,November,Monday,12:45,Serious,3,Auto-Rickshaw,3,0,Clear,State Highway,Under Construction,Daylight,No Control,80,29,Valid,No,Intersection,1
Karnataka,Bengaluru,2024,October,Friday,20:10,Serious,2,Truck,2,0,Clear,National Highway,Dry,Dark,Police Checkpost,60,19,Valid,No,Straight Road,1
Rajasthan,Unknown,2024,June,Monday,19:14,Serious,1,Car,2,0,Rainy,National Highway,Wet,Dark,Signals,80,60,Valid,No,Straight Road,1
Madhya Pradesh,Gwalior,2023,December,Monday,19:38,Serious,2,Two-Wheeler,2,0,Rainy,National Highway,Wet,Daylight,No Control,85,18,Valid,No,Straight Road,1
Maharashtra,Pune,2019,September,Thursday,16:37,Fatal,1,Two-Wheeler,1,1,Rainy,National Highway,Wet,Daylight,Signs,85,32,Valid,No,Straight Road,1
Rajasthan,Unknown,2019,January,Thursday,23:14,Fatal,3,Truck,2,1,Hazy,State Highway,Dry,Dark,No Control,80,56,Expired,No,Straight Road,1
Karnataka,Mangaluru,2019,November,Wednesday,10:32,Fatal,4,Two-Wheeler,2,1,Clear,Expressway,Damaged,Daylight,Signs,115,38,Expired,No,Curve,1
Gujarat,Vadodara,2018,January,Friday,05:42,Fatal,4,Two-Wheeler,5,2,Clear,National Highway,Damaged,Dark,No Control,70,67,Valid,No,Intersection,1
Maharashtra,Pune,2022,September,Wednesday,06:13,Serious,3,Auto-Rickshaw,3,1,Rainy,Village Road,Wet,Dawn,No Control,40,46,Valid,No,Curve,1
Bihar,Gaya,2022,March,Friday,12:26,Minor,1,Two-Wheeler,2,0,Clear,Village Road,Dry,Daylight,No Control,30,23,Valid,No,Straight Road,0
Jharkhand,Jamshedpur,2024,November,Wednesday,19:16,Minor,3,Car,1,0,Hazy,Village Road,Dry,Dusk,Signs,20,46,Valid,No,Curve,0
Maharashtra,Nashik,2018,September,Saturday,12:56,Serious,2,Two-Wheeler,2,0,Rainy,Urban Road,Wet,Daylight,Signals,40,30,Valid,No,Intersection,1
West Bengal,Unknown,2019,October,Friday,16:23,Minor,1,Car,1,0,Clear,Expressway,Dry,Daylight,Signs,90,34,Valid,No,Curve,0
Bihar,Gaya,2023,September,Tuesday,10:51,Fatal,3,Truck,3,2,Rainy,National Highway,Wet,Daylight,Signals,95,25,Valid,No,Intersection,1
Tamil Nadu,Chennai,2022,July,Saturday,18:52,Serious,3,Two-Wheeler,2,0,Foggy,Urban Road,Dry,Dusk,No Control,50,29,Valid,No,Straight Road,1
Bihar,Gaya,2020,November,Saturday,06:10,Serious,2,Car,3,0,Clear,State Highway,Dry,Daylight,Signs,60,46,Unlicensed,Yes,Intersection,1
West Bengal,Kolkata,2019,April,Monday,14:56,Minor,2,Car,4,0,Clear,State Highway,Dry,Daylight,Police Checkpost,50,26,Valid,No,Straight Road,0
Jharkhand,Ranchi,2021,July,Friday,07:02,Serious,3,Bus,3,0,Rainy,State Highway,Wet,Daylight,Signs,60,18,Valid,No,Intersection,1
Himachal Pradesh,Shimla,2019,April,Saturday,13:23,Minor,1,Two-Wheeler,2,0,Clear,Urban Road,Damaged,Daylight,Signs,40,42,Valid,No,Intersection,0
Maharashtra,Unknown,2021,February,Monday,12:09,Serious,2,Auto-Rickshaw,3,0,Clear,Expressway,Dry,Daylight,Signs,95,34,Valid,No,Straight Road,1
Gujarat,Vadodara,2024,November,Sunday,16:02,Serious,3,Car,3,0,Clear,State Highway,Dry,Daylight,Signs,55,48,Valid,No,Curve,1
Madhya Pradesh,Gwalior,2019,June,Thursday,14:33,Serious,1,Two-Wheeler,4,0,Rainy,Village Road,Wet,Daylight,No Control,30,28,Valid,No,Curve,1
Uttar Pradesh,Unknown,2018,January,Saturday,23:36,Serious,1,Two-Wheeler,4,0,Clear,National Highway,Dry,Dark,Signals,80,49,Valid,No,Curve,1
Tamil Nadu,Chennai,2023,October,Sunday,21:34,Serious,4,Cycle,3,0,Clear,Urban Road,Dry,Dark,Signals,50,46,Valid,No,Straight Road,1
Jammu and Kashmir,Srinagar,2018,December,Sunday,09:25,Minor,4,Two-Wheeler,2,0,Clear,State Highway,Damaged,Daylight,Signs,65,43,Expired,No,Intersection,0
Maharashtra,Mumbai,2024,August,Friday,06:47,Fatal,3,Bus,2,1,Clear,Expressway,Dry,Dawn,Signs,110,21,Valid,No,Curve,1
Gujarat,Vadodara,2023,April,Saturday,03:29,Minor,2,Tractor,1,0,Clear,Urban Road,Wet,Dark,Signals,35,36,Valid,No,Straight Road,0
Haryana,Unknown,2020,November,Tuesday,07:32,Serious,2,Auto-Rickshaw,2,0,Hazy,National Highway,Dry,Daylight,Signals,65,48,Valid,No,Straight Road,1
Tamil Nadu,Coimbatore,2020,September,Wednesday,08:26,Minor,2,Car,2,0,Clear,Village Road,Dry,Daylight,No Control,30,30,Valid,No,Straight Road,0
Gujarat,Vadodara,2020,April,Sunday,20:12,Fatal,5,Two-Wheeler,3,3,Clear,State Highway,Dry,Dark,Signs,80,18,Valid,No,Straight Road,1
Himachal Pradesh,Shimla,2020,April,Thursday,21:39,Fatal,2,Two-Wheeler,2,2,Clear,Village Road,Dry,Dark,No Control,25,29,Unlicensed,Yes,Straight Road,1
Gujarat,Surat,2023,December,Saturday,08:49,Serious,4,Two-Wheeler,2,0,Clear,National Highway,Dry,Daylight,Signals,90,26,Valid,No,Bridge,1
Uttar Pradesh,Varanasi,2023,December,Monday,18:18,Fatal,3,Car,3,1,Hazy,National Highway,Dry,Dusk,Signals,100,30,Valid,No,Curve,1
Maharashtra,Pune,2019,September,Tuesday,19:27,Minor,2,Car,2,0,Clear,State Highway,Dry,Dusk,No Control,50,20,Valid,No,Curve,0
Chhattisgarh,Raipur,2019,January,Tuesday,11:53,Minor,1,Car,3,0,Rainy,Urban Road,Damaged,Daylight,Signals,30,46,Valid,No,Intersection,0
Tamil Nadu,Madurai,2021,March,Friday,20:12,Minor,1,Bus,2,0,Clear,Urban Road,Dry,Dark,No Control,50,44,Expired,No,Straight Road,0
Rajasthan,Jodhpur,2022,May,Monday,23:25,Serious,4,Two-Wheeler,4,0,Clear,Urban Road,Dry,Dark,Signals,55,26,Valid,Yes,Straight Road,1
Maharashtra,Nagpur,2023,July,Wednesday,22:16,Fatal,3,Two-Wheeler,4,3,Hazy,National Highway,Dry,Dark,Signs,85,32,Valid,No,Straight Road,1
Gujarat,Surat,2020,November,Sunday,18:20,Serious,4,Truck,2,0,Clear,State Highway,Dry,Dusk,Signs,80,27,Unlicensed,No,Straight Road,1
Jharkhand,Jamshedpur,2021,November,Saturday,11:27,Minor,3,Auto-Rickshaw,2,0,Clear,Urban Road,Dry,Daylight,Signals,30,43,Valid,No,Straight Road,0
Rajasthan,Jodhpur,2018,April,Saturday,08:55,Minor,3,Auto-Rickshaw,3,0,Clear,State Highway,Dry,Daylight,No Control,65,25,Valid,No,Straight Road,0
Uttarakhand,Unknown,2021,February,Tuesday,23:00,Serious,4,Tractor,5,0,Clear,State Highway,Damaged,Dark,Signs,70,27,Valid,No,Curve,1
Tamil Nadu,Chennai,2022,April,Wednesday,09:21,Serious,1,Bus,4,0,Hazy,Urban Road,Damaged,Dark,Police Checkpost,50,38,Expired,No,Bridge,1
Rajasthan,Unknown,2020,March,Saturday,12:51,Minor,3,Tractor,1,0,Clear,Urban Road,Dry,Daylight,No Control,30,27,Valid,No,Intersection,0
Delhi,New Delhi,2020,November,Monday,08:04,Minor,1,Cycle,1,0,Rainy,Urban Road,Damaged,Daylight,No Control,35,57,Valid,No,Intersection,0
Gujarat,Surat,2021,January,Thursday,13:30,Fatal,5,Truck,4,2,Rainy,National Highway,Wet,Daylight,Signs,100,28,Valid,No,Straight Road,1
Tamil Nadu,Madurai,2024,October,Sunday,05:09,Minor,5,Truck,1,0,Clear,Village Road,Damaged,Dawn,No Control,25,46,Valid,No,Straight Road,0
Delhi,New Delhi,2022,August,Monday,19:33,Minor,1,Two-Wheeler,2,0,Hazy,Village Road,Dry,Dark,No Control,25,48,Valid,No,Curve,0
Karnataka,Mysuru,2024,February,Sunday,14:42,Minor,3,Auto-Rickshaw,2,0,Clear,Urban Road,Dry,Daylight,Signs,35,20,Valid,No,Intersection,0
Rajasthan,Udaipur,2018,September,Tuesday,12:38,Minor,4,Truck,1,0,Hazy,Village Road,Dry,Daylight,No Control,25,34,Valid,No,Straight Road,0
Himachal Pradesh,Shimla,2023,July,Tuesday,10:33,Minor,1,Auto-Rickshaw,1,0,Clear,Urban Road,Under Construction,Daylight,No Control,45,27,Expired,No,Straight Road,0
Uttar Pradesh,Unknown,2018,January,Tuesday,15:44,Serious,2,Two-Wheeler,4,1,Clear,Expressway,Under Construction,Daylight,Signs,100,48,Valid,No,Intersection,1
Tamil Nadu,Madurai,2020,March,Sunday,18:32,Fatal,4,Two-Wheeler,1,1,Clear,State Highway,Dry,Dark,No Control,80,36,Valid,No,Straight Road,1
Maharashtra,Mumbai,2020,May,Friday,21:36,Minor,3,Two-Wheeler,2,0,Clear,State Highway,Dry,Dark,Signs,65,48,Valid,No,Straight Road,0
Karnataka,Bengaluru,2019,March,Saturday,19:04,Fatal,3,Cycle,3,2,Hazy,Village Road,Damaged,Dark,No Control,20,57,Valid,No,Straight Road,1
Uttar Pradesh,Kanpur,2024,July,Wednesday,12:01,Minor,2,Bus,1,0,Clear,Village Road,Dry,Daylight,Signs,30,58,Valid,No,Straight Road,0
Telangana,Hyderabad,2024,August,Sunday,19:09,Fatal,5,Bus,3,1,Rainy,State Highway,Wet,Dusk,No Control,65,24,Unlicensed,No,Straight Road,1
Uttar Pradesh,Lucknow,2021,March,Friday,14:32,Minor,2,Car,3,0,Rainy,Village Road,Under Construction,Daylight,No Control,25,23,Valid,No,Curve,0
Telangana,Warangal,2021,February,Friday,16:23,Minor,2,Two-Wheeler,1,0,Clear,Urban Road,Dry,Dawn,Signals,50,23,Valid,No,Curve,0
Tamil Nadu,Madurai,2023,August,Saturday,17:21,Fatal,2,Tractor,2,2,Rainy,State Highway,Wet,Dusk,No Control,80,51,Valid,No,Intersection,1
Karnataka,Bengaluru,2022,June,Saturday,11:26,Serious,2,Car,2,1,Foggy,Village Road,Dry,Daylight,No Control,30,46,Valid,No,Curve,1
Karnataka,Mysuru,2021,April,Saturday,13:59,Minor,1,Two-Wheeler,2,0,Clear,Urban Road,Dry,Daylight,No Control,50,45,Valid,No,Straight Road,0
Andhra Pradesh,Visakhapatnam,2023,April,Monday,17:22,Minor,2,Auto-Rickshaw,1,0,Clear,Village Road,Dry,Dusk,Signs,30,44,Valid,No,Curve,0
Gujarat,Unknown,2019,January,Sunday,09:26,Serious,1,Two-Wheeler,3,0,Clear,Village Road,Under Construction,Daylight,No Control,35,32,Valid,Yes,Bridge,1
Karnataka,Bengaluru,2019,November,Tuesday,18:30,Fatal,3,Two-Wheeler,3,2,Clear,National Highway,Damaged,Daylight,No Control,80,38,Valid,No,Intersection,1
Delhi,New Delhi,2018,November,Sunday,10:46,Minor,2,Car,2,0,Clear,Village Road,Dry,Daylight,No Control,25,41,Valid,No,Curve,0
Madhya Pradesh,Gwalior,2018,July,Wednesday,15:44,Serious,2,Car,4,0,Rainy,National Highway,Damaged,Daylight,Signs,85,38,Valid,No,Straight Road,1
Uttar Pradesh,Lucknow,2019,May,Monday,19:58,Minor,2,Auto-Rickshaw,1,0,Clear,Village Road,Dry,Dark,Signs,25,29,Valid,No,Intersection,0
Odisha,Cuttack,2022,March,Wednesday,00:38,Serious,6,Tractor,3,0,Clear,Urban Road,Dry,Dark,Signals,30,56,Unlicensed,No,Curve,1
Karnataka,Mysuru,2023,April,Friday,08:57,Serious,1,Two-Wheeler,2,0,Hazy,Urban Road,Dry,Daylight,Signals,50,23,Expired,No,Straight Road,1
Maharashtra,Nashik,2022,December,Wednesday,15:36,Minor,1,Two-Wheeler,3,0,Foggy,Village Road,Dry,Daylight,No Control,30,32,Expired,No,Straight Road,0
Rajasthan,Jodhpur,2021,February,Saturday,05:32,Minor,3,Car,1,0,Clear,Urban Road,Dry,Dawn,Police Checkpost,50,55,Valid,No,Intersection,0
Maharashtra,Nashik,2019,October,Saturday,07:33,Serious,1,Car,3,1,Clear,State Highway,Dry,Daylight,No Control,65,48,Unlicensed,No,Intersection,1
Uttar Pradesh,Lucknow,2018,April,Tuesday,18:28,Minor,1,Auto-Rickshaw,2,0,Hazy,Urban Road,Under Construction,Dusk,No Control,55,22,Valid,No,Bridge,0
Kerala,Thiruvananthapuram,2022,April,Friday,01:12,Minor,2,Two-Wheeler,1,0,Clear,Urban Road,Dry,Dark,No Control,35,18,Valid,No,Intersection,0
Maharashtra,Nagpur,2018,October,Saturday,16:21,Serious,5,Two-Wheeler,6,0,Hazy,State Highway,Dry,Daylight,Signs,50,25,Valid,No,Straight Road,1
Punjab,Ludhiana,2023,December,Sunday,01:36,Serious,1,Two-Wheeler,3,0,Foggy,National Highway,Under Construction,Dark,Signs,80,38,Valid,No,Straight Road,1
Jharkhand,Unknown,2020,December,Thursday,05:36,Minor,4,Two-Wheeler,1,0,Foggy,Urban Road,Dry,Daylight,Signals,55,38,Valid,No,Straight Road,0
West Bengal,Unknown,2020,April,Sunday,11:09,Minor,2,Two-Wheeler,1,0,Clear,Village Road,Dry,Daylight,No Control,30,37,Valid,No,Straight Road,0
Andhra Pradesh,Vijayawada,2018,August,Monday,22:48,Minor,2,Car,1,0,Rainy,Urban Road,Wet,Dawn,No Control,40,44,Valid,No,Straight Road,0
Andhra Pradesh,Visakhapatnam,2019,April,Friday,15:42,Minor,1,Auto-Rickshaw,1,0,Clear,Village Road,Dry,Daylight,No Control,30,37,Valid,No,Straight Road,0
Goa,Panaji,2018,March,Saturday,09:31,Minor,1,Auto-Rickshaw,2,0,Clear,Urban Road,Dry,Daylight,Signs,40,48,Valid,No,Intersection,0
Karnataka,Mysuru,2023,May,Thursday,12:27,Fatal,4,Two-Wheeler,2,1,Clear,Expressway,Dry,Daylight,Signs,100,46,Valid,No,Straight Road,1
Uttar Pradesh,Agra,2021,January,Monday,15:33,Minor,2,Two-Wheeler,1,0,Hazy,Urban Road,Dry,Daylight,No Control,60,18,Unlicensed,No,Intersection,0
Rajasthan,Jaipur,2023,February,Saturday,16:34,Minor,2,Car,2,0,Clear,State Highway,Dry,Daylight,Signs,60,38,Valid,No,Bridge,0
Rajasthan,Jodhpur,2021,August,Wednesday,09:25,Fatal,3,Two-Wheeler,3,1,Hazy,State Highway,Dry,Daylight,Signs,65,34,Expired,Yes,Straight Road,1
Uttar Pradesh,Varanasi,2024,September,Tuesday,07:51,Fatal,1,Car,4,1,Hazy,Expressway,Dry,Daylight,Signs,110,40,Expired,No,Curve,1
West Bengal,Unknown,2023,April,Tuesday,13:09,Fatal,1,Truck,3,1,Clear,Expressway,Dry,Daylight,Signs,105,34,Valid,No,Bridge,1
Maharashtra,Nagpur,2019,July,Saturday,16:22,Serious,1,Auto-Rickshaw,2,0,Clear,State Highway,Dry,Daylight,Signs,60,18,Valid,No,Intersection,1
Jharkhand,Ranchi,2018,October,Tuesday,19:23,Minor,4,Two-Wheeler,1,0,Clear,Village Road,Dry,Dusk,Police Checkpost,30,42,Valid,Yes,Bridge,0
Tamil Nadu,Coimbatore,2024,November,Thursday,16:05,Minor,1,Two-Wheeler,1,0,Clear,Village Road,Dry,Daylight,No Control,30,45,Unlicensed,No,Straight Road,0
Maharashtra,Nagpur,2019,July,Sunday,17:05,Serious,2,Two-Wheeler,4,0,Clear,National Highway,Under Construction,Dark,No Control,75,18,Unlicensed,No,Curve,1
Maharashtra,Unknown,2023,March,Saturday,13:53,Minor,2,Car,3,0,Clear,Urban Road,Dry,Daylight,Police Checkpost,40,58,Valid,No,Straight Road,0
Uttar Pradesh,Kanpur,2022,September,Friday,15:46,Serious,1,Two-Wheeler,2,0,Rainy,Urban Road,Wet,Daylight,Signs,30,48,Expired,Yes,Curve,1
Tamil Nadu,Coimbatore,2022,March,Friday,16:21,Serious,2,Two-Wheeler,2,0,Clear,National Highway,Dry,Daylight,No Control,80,26,Valid,No,Curve,1
Maharashtra,Unknown,2019,February,Tuesday,08:15,Fatal,2,Two-Wheeler,2,2,Rainy,Village Road,Wet,Daylight,No Control,25,24,Valid,No,Intersection,1
Tamil Nadu,Coimbatore,2020,May,Thursday,21:24,Fatal,3,Two-Wheeler,3,2,Clear,National Highway,Dry,Dark,Signs,90,39,Valid,No,Straight Road,1
Uttar Pradesh,Agra,2021,April,Tuesday,10:42,Minor,2,Tractor,1,0,Clear,Urban Road,Dry,Daylight,No Control,50,39,Valid,No,Straight Road,0
Karnataka,Hubballi,2018,February,Monday,16:17,Serious,1,Auto-Rickshaw,2,0,Clear,State Highway,Dry,Daylight,No Control,70,44,Valid,No,Intersection,1
Karnataka,Hubballi,2020,January,Monday,15:03,Minor,2,Car,2,0,Rainy,Urban Road,Wet,Daylight,Signals,35,43,Valid,No,Intersection,0
Karnataka,Hubballi,2021,December,Friday,20:25,Minor,1,Auto-Rickshaw,2,0,Hazy,National Highway,Damaged,Dark,Signs,60,44,Valid,No,Straight Road,0
Tamil Nadu,Madurai,2019,September,Tuesday,05:35,Minor,1,Two-Wheeler,1,0,Clear,Urban Road,Dry,Dawn,No Control,40,24,Valid,No,Intersection,0
Maharashtra,Pune,2020,September,Tuesday,20:31,Serious,2,Auto-Rickshaw,3,0,Rainy,State Highway,Wet,Dark,Signs,65,35,Valid,No,Intersection,1
Maharashtra,Unknown,2024,January,Sunday,06:10,Minor,2,Truck,1,0,Clear,National Highway,Dry,Daylight,Signals,75,41,Valid,No,Straight Road,0
Uttar Pradesh,Unknown,2020,October,Monday,06:50,Minor,2,Two-Wheeler,2,0,Clear,Village Road,Dry,Dark,No Control,20,34,Expired,No,Straight Road,0
Kerala,Unknown,2024,May,Saturday,20:37,Fatal,4,Truck,3,1,Clear,National Highway,Dry,Dark,Signs,70,45,Valid,Yes,Bridge,1
Goa,Panaji,2024,September,Thursday,08:43,Serious,3,Car,4,0,Stormy,National Highway,Wet,Daylight,Police Checkpost,90,50,Valid,No,Straight Road,1
Jharkhand,Unknown,2022,June,Friday,16:57,Fatal,4,Car,2,2,Rainy,National Highway,Wet,Daylight,Police Checkpost,95,27,Valid,No,Intersection,1
Rajasthan,Udaipur,2019,March,Monday,13:30,Minor,2,Cycle,2,0,Clear,Urban Road,Damaged,Dawn,Signals,60,37,Valid,No,Straight Road,0
Rajasthan,Udaipur,2019,April,Monday,21:34,Serious,1,Car,3,0,Clear,State Highway,Under Construction,Dark,No Control,65,31,Valid,No,Curve,1
Tamil Nadu,Unknown,2024,February,Saturday,18:45,Minor,2,Cycle,2,0,Rainy,Urban Road,Damaged,Dark,Signs,50,32,Valid,No,Intersection,0
Bihar,Patna,2018,October,Thursday,10:46,Minor,1,Auto-Rickshaw,1,0,Stormy,Urban Road,Wet,Daylight,No Control,50,18,Unlicensed,No,Intersection,0
Bihar,Unknown,2021,June,Monday,19:50,Serious,3,Car,3,0,Clear,National Highway,Damaged,Dusk,Signals,75,42,Valid,No,Straight Road,1
Haryana,Gurugram,2022,October,Wednesday,08:42,Serious,2,Bus,4,0,Clear,National Highway,Dry,Daylight,No Control,75,71,Expired,No,Straight Road,1
Odisha,Bhubaneswar,2023,October,Thursday,16:03,Minor,2,Two-Wheeler,1,0,Clear,State Highway,Dry,Daylight,Signs,50,42,Valid,No,Curve,0
Gujarat,Ahmedabad,2024,March,Tuesday,18:21,Minor,2,Car,1,0,Foggy,Village Road,Under Construction,Dark,Signs,20,64,Valid,No,Straight Road,0
Bihar,Gaya,2019,April,Friday,17:35,Serious,1,Two-Wheeler,3,0,Clear,National Highway,Dry,Daylight,Signals,75,52,Valid,No,Bridge,1
Punjab,Amritsar,2021,February,Friday,17:26,Minor,3,Two-Wheeler,2,0,Clear,Urban Road,Dry,Dark,Signs,40,28,Valid,No,Straight Road,0
Tamil Nadu,Chennai,2022,January,Friday,19:02,Serious,2,Two-Wheeler,2,0,Clear,Expressway,Dry,Dark,Signs,100,42,Valid,No,Straight Road,1
Jharkhand,Ranchi,2024,December,Saturday,15:16,Fatal,2,Two-Wheeler,5,2,Foggy,National Highway,Dry,Daylight,Signals,100,46,Expired,No,Curve,1
Maharashtra,Pune,2021,August,Thursday,21:18,Fatal,2,Auto-Rickshaw,3,1,Rainy,State Highway,Wet,Dark,Signs,75,46,Expired,Yes,Straight Road,1
Goa,Panaji,2018,June,Sunday,06:02,Minor,2,Auto-Rickshaw,1,0,Clear,Urban Road,Dry,Daylight,Signs,35,28,Expired,No,Intersection,0
Bihar,Patna,2024,March,Thursday,10:45,Minor,1,Two-Wheeler,1,0,Hazy,Village Road,Dry,Daylight,Signs,30,40,Unlicensed,No,Straight Road,0
Maharashtra,Nagpur,2021,August,Thursday,19:22,Serious,1,Two-Wheeler,2,0,Stormy,National Highway,Wet,Daylight,Signs,80,57,Unlicensed,No,Straight Road,1
Telangana,Hyderabad,2019,July,Friday,09:47,Minor,1,Cycle,1,0,Rainy,Urban Road,Wet,Daylight,Signs,60,18,Valid,No,Straight Road,0
Maharashtra,Nagpur,2019,March,Friday,12:52,Serious,4,Two-Wheeler,3,0,Clear,Urban Road,Dry,Daylight,Signs,40,49,Valid,No,Intersection,1
Bihar,Patna,2019,January,Monday,18:53,Minor,2,Tractor,1,0,Foggy,State Highway,Dry,Dusk,No Control,60,51,Valid,No,Straight Road,0
Punjab,Unknown,2023,June,Sunday,14:54,Minor,3,Car,2,0,Rainy,Urban Road,Wet,Daylight,Signs,50,18,Valid,No,Straight Road,0
West Bengal,Kolkata,2024,July,Sunday,07:29,Minor,1,Car,1,0,Clear,Urban Road,Wet,Daylight,Signs,30,29,Expired,Yes,Intersection,0
Delhi,New Delhi,2021,October,Wednesday,07:14,Minor,4,Two-Wheeler,2,0,Clear,Village Road,Damaged,Daylight,No Control,20,34,Valid,No,Straight Road,0
Maharashtra,Unknown,2018,May,Friday,09:05,Minor,2,Two-Wheeler,4,0,Clear,Urban Road,Dry,Daylight,Signs,50,48,Valid,Yes,Intersection,0
Tamil Nadu,Madurai,2024,February,Saturday,09:37,Serious,4,Auto-Rickshaw,2,0,Stormy,Urban Road,Wet,Daylight,Police Checkpost,40,37,Valid,Yes,Straight Road,1
Karnataka,Unknown,2022,November,Sunday,06:07,Minor,2,Two-Wheeler,1,0,Clear,Urban Road,Under Construction,Dawn,No Control,35,30,Valid,No,Straight Road,0
Maharashtra,Nagpur,2021,May,Friday,19:14,Serious,1,Auto-Rickshaw,3,0,Clear,National Highway,Dry,Daylight,Signs,95,38,Valid,No,Straight Road,1
Gujarat,Unknown,2018,September,Monday,09:14,Serious,1,Car,3,0,Rainy,Urban Road,Damaged,Daylight,Signs,35,42,Valid,No,Straight Road,1
Tamil Nadu,Coimbatore,2024,January,Saturday,19:16,Fatal,3,Auto-Rickshaw,2,2,Hazy,National Highway,Damaged,Dusk,No Control,60,35,Valid,No,Curve,1
Karnataka,Mysuru,2018,January,Monday,23:22,Minor,2,Bus,1,0,Foggy,Urban Road,Dry,Dark,No Control,30,57,Valid,No,Intersection,0
Gujarat,Ahmedabad,2022,January,Friday,10:19,Minor,2,Car,2,0,Clear,Urban Road,Dry,Daylight,Police Checkpost,55,37,Valid,No,Intersection,0
Odisha,Cuttack,2022,October,Friday,22:31,Minor,3,Auto-Rickshaw,1,0,Clear,Village Road,Dry,Dark,No Control,30,46,Valid,No,Curve,0
Tamil Nadu,Chennai,2021,March,Friday,07:57,Minor,2,Auto-Rickshaw,1,0,Clear,Urban Road,Dry,Daylight,Signals,30,24,Unlicensed,No,Straight Road,0
Odisha,Cuttack,2021,October,Tuesday,17:38,Serious,2,Tractor,3,0,Clear,State Highway,Under Construction,Dusk,Signs,55,41,Valid,No,Straight Road,1
Gujarat,Ahmedabad,2020,December,Thursday,23:40,Minor,1,Two-Wheeler,2,0,Foggy,Urban Road,Dry,Dark,Signals,40,31,Unlicensed,No,Straight Road,0
Tamil Nadu,Madurai,2022,August,Friday,19:09,Serious,4,Bus,4,0,Rainy,State Highway,Damaged,Dusk,No Control,80,31,Valid,No,Straight Road,1
Rajasthan,Unknown,2020,December,Wednesday,08:06,Serious,1,Truck,4,0,Foggy,State Highway,Dry,Daylight,Signs,65,55,Expired,No,Straight Road,1
Karnataka,Mysuru,2021,December,Tuesday,08:11,Serious,2,Truck,2,0,Clear,National Highway,Dry,Daylight,Signs,95,29,Valid,No,Intersection,1
Tamil Nadu,Chennai,2022,September,Tuesday,08:50,Serious,3,Cycle,3,0,Rainy,National Highway,Dry,Daylight,Signs,75,31,Expired,No,Straight Road,1
Rajasthan,Jodhpur,2023,October,Sunday,22:10,Serious,3,Two-Wheeler,3,0,Foggy,Village Road,Dry,Dark,Signs,35,18,Valid,Yes,Curve,1
Uttar Pradesh,Varanasi,2019,August,Thursday,08:59,Fatal,1,Truck,2,1,Rainy,Expressway,Wet,Daylight,Signs,80,26,Valid,No,Straight Road,1
Karnataka,Mangaluru,2024,March,Friday,14:45,Serious,2,Two-Wheeler,3,0,Hazy,Urban Road,Damaged,Daylight,No Control,40,18,Valid,No,Curve,1
Madhya Pradesh,Unknown,2018,February,Thursday,10:49,Serious,3,Car,2,0,Clear,National Highway,Dry,Daylight,Police Checkpost,80,51,Valid,No,Curve,1
Karnataka,Unknown,2019,May,Saturday,10:18,Minor,3,Two-Wheeler,2,0,Clear,National Highway,Dry,Daylight,Signs,60,41,Valid,No,Straight Road,0
Haryana,Unknown,2020,June,Thursday,11:09,Serious,2,Two-Wheeler,4,1,Rainy,National Highway,Wet,Daylight,No Control,70,47,Valid,No,Straight Road,1
Tamil Nadu,Madurai,2020,May,Monday,10:10,Minor,1,Car,2,0,Foggy,Village Road,Dry,Daylight,No Control,35,43,Valid,No,Curve,0
Uttarakhand,Dehradun,2020,February,Tuesday,16:51,Fatal,3,Two-Wheeler,2,1,Clear,State Highway,Damaged,Daylight,No Control,70,25,Unlicensed,Yes,Bridge,1
Bihar,Unknown,2020,July,Monday,12:25,Minor,3,Two-Wheeler,2,0,Clear,Village Road,Dry,Daylight,Signs,20,47,Valid,No,Curve,0
Uttarakhand,Unknown,2021,June,Saturday,12:24,Minor,3,Two-Wheeler,1,0,Clear,State Highway,Dry,Dawn,Signs,55,35,Valid,No,Curve,0
Haryana,Unknown,2023,December,Friday,14:14,Minor,1,Two-Wheeler,3,0,Foggy,Urban Road,Dry,Daylight,Signals,45,44,Valid,No,Bridge,0
Uttar Pradesh,Agra,2023,December,Saturday,10:21,Serious,2,Car,2,0,Foggy,Urban Road,Damaged,Daylight,Signs,40,18,Valid,Yes,Intersection,1
Rajasthan,Unknown,2020,August,Saturday,18:22,Fatal,2,Car,3,1,Rainy,National Highway,Wet,Dusk,Signs,60,23,Valid,No,Straight Road,1
Uttar Pradesh,Unknown,2019,November,Saturday,14:44,Minor,3,Two-Wheeler,3,0,Clear,Urban Road,Dry,Daylight,Signs,30,29,Valid,No,Bridge,0
Punjab,Ludhiana,2022,April,Sunday,14:49,Minor,1,Two-Wheeler,1,0,Clear,Urban Road,Dry,Daylight,Police Checkpost,45,41,Valid,No,Curve,0
Madhya Pradesh,Unknown,2018,December,Friday,08:28,Minor,1,Two-Wheeler,2,0,Clear,National Highway,Dry,Daylight,No Control,75,18,Valid,No,Straight Road,0
Tamil Nadu,Madurai,2021,December,Tuesday,01:20,Fatal,5,Two-Wheeler,2,1,Hazy,National Highway,Dry,Dark,Signs,80,64,Unlicensed,No,Straight Road,1
Jharkhand,Jamshedpur,2019,February,Monday,19:27,Serious,2,Two-Wheeler,3,0,Clear,Urban Road,Dry,Dusk,No Control,50,52,Unlicensed,No,Intersection,1
Maharashtra,Unknown,2022,September,Friday,20:10,Serious,1,Two-Wheeler,3,0,Rainy,Expressway,Dry,Dark,Signs,100,53,Expired,No,Curve,1
Madhya Pradesh,Bhopal,2018,June,Saturday,08:04,Fatal,3,Truck,4,3,Rainy,Expressway,Wet,Daylight,Signs,100,54,Valid,No,Curve,1
Kerala,Thiruvananthapuram,2023,April,Friday,10:13,Fatal,5,Bus,3,1,Clear,National Highway,Dry,Daylight,Signs,90,44,Valid,No,Curve,1
Maharashtra,Mumbai,2019,May,Wednesday,10:01,Minor,3,Two-Wheeler,2,0,Hazy,Urban Road,Dry,Daylight,Signs,35,23,Valid,No,Curve,0
Madhya Pradesh,Unknown,2021,November,Saturday,17:02,Serious,2,Two-Wheeler,3,0,Stormy,Urban Road,Wet,Daylight,No Control,35,43,Expired,No,Intersection,1
Punjab,Ludhiana,2022,December,Thursday,07:14,Minor,3,Auto-Rickshaw,1,0,Foggy,Village Road,Dry,Daylight,No Control,35,31,Valid,No,Bridge,0
Maharashtra,Unknown,2021,May,Wednesday,23:54,Serious,3,Tractor,2,0,Clear,National Highway,Dry,Dark,Signals,70,34,Valid,No,Straight Road,1
Rajasthan,Jodhpur,2021,June,Saturday,03:11,Serious,2,Car,2,0,Clear,Expressway,Dry,Dark,Signs,115,47,Valid,No,Straight Road,1
Tamil Nadu,Chennai,2019,July,Friday,23:41,Minor,1,Car,1,0,Rainy,Village Road,Dry,Dark,Signs,30,30,Valid,No,Bridge,0
Telangana,Hyderabad,2023,September,Wednesday,03:08,Minor,1,Tractor,3,0,Rainy,Urban Road,Damaged,Dark,Signs,30,30,Valid,No,Curve,0
Maharashtra,Unknown,2021,June,Wednesday,09:27,Serious,1,Two-Wheeler,2,0,Rainy,National Highway,Wet,Daylight,No Control,90,49,Valid,No,Bridge,1
Jharkhand,Unknown,2019,May,Friday,08:36,Serious,2,Two-Wheeler,4,0,Clear,National Highway,Dry,Daylight,Signals,75,27,Valid,No,Intersection,1
Odisha,Cuttack,2019,December,Thursday,08:33,Minor,1,Car,4,0,Foggy,State Highway,Wet,Daylight,Signs,55,33,Valid,No,Straight Road,0
Uttar Pradesh,Unknown,2021,May,Tuesday,23:47,Serious,3,Two-Wheeler,3,0,Foggy,Village Road,Dry,Dark,No Control,25,36,Unlicensed,No,Straight Road,1
Tamil Nadu,Chennai,2023,April,Friday,13:15,Minor,1,Cycle,2,0,Clear,Urban Road,Damaged,Daylight,Signals,55,44,Valid,No,Intersection,0
Madhya Pradesh,Gwalior,2024,April,Saturday,05:44,Serious,2,Car,5,0,Clear,Expressway,Dry,Dark,Signs,100,46,Valid,No,Straight Road,1
Andhra Pradesh,Vijayawada,2020,April,Monday,23:24,Serious,1,Auto-Rickshaw,3,0,Clear,State Highway,Dry,Dark,Signs,55,29,Valid,No,Bridge,1
Gujarat,Ahmedabad,2020,July,Friday,08:26,Minor,3,Two-Wheeler,2,0,Clear,Village Road,Dry,Daylight,No Control,30,18,Valid,No,Curve,0
Uttar Pradesh,Kanpur,2018,August,Friday,04:19,Minor,1,Two-Wheeler,4,0,Clear,Village Road,Dry,Dark,No Control,20,52,Valid,No,Straight Road,0
Maharashtra,Pune,2021,February,Wednesday,01:59,Fatal,2,Cycle,4,1,Clear,National Highway,Dry,Dark,Signs,75,18,Unlicensed,No,Curve,1
Goa,Panaji,2019,November,Wednesday,13:49,Serious,3,Car,2,0,Clear,National Highway,Dry,Daylight,Signs,85,42,Valid,No,Curve,1
Gujarat,Ahmedabad,2023,April,Wednesday,21:27,Minor,4,Bus,1,0,Hazy,Urban Road,Dry,Dark,No Control,60,36,Valid,No,Intersection,0
Delhi,New Delhi,2021,February,Thursday,00:44,Minor,2,Two-Wheeler,1,0,Clear,Urban Road,Dry,Dark,Signals,40,40,Valid,No,Curve,0
Gujarat,Vadodara,2019,September,Saturday,18:54,Fatal,1,Two-Wheeler,4,2,Rainy,National Highway,Damaged,Dark,No Control,95,41,Valid,No,Straight Road,1
Assam,Guwahati,2024,March,Thursday,08:17,Minor,2,Truck,1,0,Clear,Urban Road,Dry,Daylight,Signals,40,34,Unlicensed,No,Straight Road,0
Maharashtra,Nashik,2023,October,Sunday,08:19,Minor,3,Two-Wheeler,2,0,Clear,State Highway,Dry,Daylight,No Control,75,36,Valid,No,Straight Road,0
Maharashtra,Unknown,2020,December,Wednesday,17:45,Serious,3,Cycle,2,0,Clear,Urban Road,Wet,Daylight,No Control,30,41,Valid,Yes,Straight Road,1
Jharkhand,Jamshedpur,2018,September,Saturday,18:17,Minor,1,Two-Wheeler,3,0,Rainy,Village Road,Wet,Dark,No Control,20,40,Valid,No,Straight Road,0
Chhattisgarh,Bilaspur,2019,October,Friday,15:05,Serious,2,Two-Wheeler,3,0,Clear,National Highway,Dry,Daylight,Signs,80,18,Expired,No,Curve,1
Tamil Nadu,Coimbatore,2020,June,Saturday,07:35,Fatal,3,Truck,3,3,Rainy,National Highway,Wet,Daylight,No Control,90,36,Valid,No,Straight Road,1
Karnataka,Mysuru,2020,May,Sunday,00:12,Serious,2,Two-Wheeler,3,0,Clear,Urban Road,Damaged,Dark,No Control,40,47,Valid,No,Intersection,1
Gujarat,Unknown,2023,August,Thursday,18:35,Minor,4,Two-Wheeler,1,0,Rainy,Urban Road,Wet,Dark,Police Checkpost,35,28,Valid,No,Intersection,0
Karnataka,Bengaluru,2024,May,Thursday,16:06,Minor,1,Two-Wheeler,5,0,Hazy,State Highway,Dry,Daylight,Signs,55,43,Valid,No,Bridge,0
Uttar Pradesh,Agra,2023,November,Sunday,12:28,Minor,2,Truck,2,0,Clear,Urban Road,Dry,Daylight,No Control,40,49,Unlicensed,No,Intersection,0
Odisha,Unknown,2023,June,Sunday,08:14,Minor,2,Two-Wheeler,1,0,Rainy,Urban Road,Wet,Daylight,Signs,40,38,Valid,No,Intersection,0
Tamil Nadu,Chennai,2018,June,Sunday,18:31,Minor,5,Truck,2,0,Clear,Village Road,Dry,Dusk,No Control,30,38,Valid,No,Curve,0
Andhra Pradesh,Vijayawada,2019,September,Tuesday,03:13,Serious,3,Cycle,2,0,Rainy,Urban Road,Wet,Dark,Signals,55,21,Valid,No,Curve,1
Maharashtra,Nashik,2024,March,Monday,16:15,Minor,1,Two-Wheeler,1,0,Clear,State Highway,Dry,Daylight,Signs,55,36,Valid,No,Intersection,0
Maharashtra,Unknown,2022,July,Thursday,17:54,Fatal,2,Two-Wheeler,3,2,Rainy,State Highway,Wet,Daylight,No Control,70,43,Valid,No,Intersection,1
Telangana,Warangal,2019,October,Saturday,08:58,Fatal,1,Two-Wheeler,2,1,Clear,State Highway,Dry,Daylight,No Control,80,32,Valid,Yes,Intersection,1
Karnataka,Unknown,2023,October,Monday,13:19,Serious,3,Car,3,0,Clear,National Highway,Dry,Daylight,No Control,75,32,Valid,No,Bridge,1
Telangana,Warangal,2019,March,Wednesday,14:38,Minor,4,Truck,3,0,Clear,National Highway,Dry,Daylight,Police Checkpost,70,43,Valid,No,Straight Road,0
Maharashtra,Nashik,2023,January,Friday,15:21,Minor,4,Tractor,1,0,Clear,Village Road,Dry,Daylight,No Control,40,41,Valid,No,Straight Road,0
Chhattisgarh,Raipur,2024,March,Tuesday,21:10,Minor,1,Tractor,2,0,Clear,Village Road,Dry,Dark,No Control,40,43,Valid,No,Straight Road,0
Kerala,Unknown,2021,October,Saturday,15:05,Serious,2,Two-Wheeler,4,0,Clear,State Highway,Dry,Daylight,No Control,55,18,Expired,No,Intersection,1
Delhi,New Delhi,2022,April,Tuesday,03:53,Fatal,3,Two-Wheeler,3,2,Clear,Village Road,Dry,Dark,Signs,35,42,Unlicensed,Yes,Bridge,1
Uttar Pradesh,Unknown,2023,January,Saturday,10:03,Minor,4,Two-Wheeler,1,0,Foggy,Urban Road,Dry,Daylight,Signs,55,18,Valid,No,Intersection,0
Tamil Nadu,Chennai,2024,August,Wednesday,16:29,Minor,1,Car,2,0,Rainy,Urban Road,Damaged,Daylight,No Control,40,34,Valid,No,Straight Road,0
Karnataka,Mangaluru,2022,November,Friday,10:13,Minor,2,Two-Wheeler,2,0,Clear,Village Road,Under Construction,Dusk,No Control,40,60,Valid,No,Straight Road,0
Rajasthan,Jodhpur,2020,March,Friday,18:45,Serious,5,Bus,5,0,Clear,State Highway,Dry,Dusk,Signs,55,44,Expired,No,Intersection,1
Tamil Nadu,Madurai,2019,January,Wednesday,07:08,Minor,3,Car,1,0,Foggy,Urban Road,Under Construction,Daylight,Police Checkpost,45,41,Valid,No,Intersection,0
Maharashtra,Mumbai,2020,February,Thursday,06:34,Minor,2,Two-Wheeler,1,0,Clear,State Highway,Dry,Dawn,Signs,70,27,Valid,No,Curve,0
Karnataka,Mangaluru,2018,February,Sunday,08:20,Serious,2,Bus,2,0,Hazy,Village Road,Dry,Daylight,No Control,20,56,Valid,No,Curve,1
Tamil Nadu,Unknown,2022,March,Friday,20:31,Minor,1,Car,3,0,Clear,State Highway,Dry,Dark,Signs,75,41,Valid,No,Straight Road,0
Karnataka,Bengaluru,2020,March,Monday,17:11,Serious,4,Tractor,4,0,Clear,Urban Road,Dry,Dusk,No Control,55,18,Valid,No,Curve,1
Uttar Pradesh,Lucknow,2022,August,Saturday,14:07,Fatal,3,Bus,4,1,Rainy,National Highway,Dry,Daylight,Signs,75,29,Expired,No,Straight Road,1
Tamil Nadu,Chennai,2018,March,Tuesday,09:10,Minor,1,Car,1,0,Hazy,State Highway,Dry,Daylight,Police Checkpost,65,40,Valid,No,Curve,0
West Bengal,Durgapur,2020,July,Thursday,21:34,Fatal,2,Two-Wheeler,3,1,Rainy,State Highway,Damaged,Dark,No Control,60,34,Valid,No,Straight Road,1
Karnataka,Hubballi,2020,May,Thursday,20:38,Minor,4,Car,4,0,Clear,Urban Road,Dry,Dark,Signals,35,50,Valid,No,Intersection,0
Karnataka,Bengaluru,2018,August,Thursday,11:54,Serious,2,Car,3,0,Hazy,State Highway,Dry,Daylight,Signs,75,23,Valid,No,Straight Road,1
Rajasthan,Unknown,2023,August,Monday,18:56,Fatal,3,Auto-Rickshaw,1,1,Rainy,State Highway,Wet,Dusk,Signs,75,39,Valid,No,Curve,1
Bihar,Gaya,2022,August,Wednesday,21:45,Fatal,3,Bus,2,1,Hazy,National Highway,Dry,Dusk,No Control,80,29,Unlicensed,No,Straight Road,1
Karnataka,Bengaluru,2023,November,Monday,09:00,Minor,3,Cycle,1,0,Clear,State Highway,Dry,Daylight,Signs,60,39,Valid,No,Straight Road,0
Madhya Pradesh,Unknown,2023,March,Thursday,10:42,Serious,2,Truck,7,0,Clear,State Highway,Dry,Daylight,No Control,70,30,Valid,No,Bridge,1
Uttarakhand,Unknown,2018,July,Friday,15:42,Serious,5,Car,3,0,Rainy,Urban Road,Wet,Daylight,Signs,45,38,Valid,No,Intersection,1
Rajasthan,Udaipur,2024,May,Friday,11:42,Serious,2,Car,3,0,Clear,State Highway,Dry,Daylight,Signs,70,55,Valid,No,Curve,1
Assam,Guwahati,2018,July,Monday,18:39,Serious,1,Car,4,0,Rainy,Expressway,Wet,Dusk,Signs,100,18,Valid,No,Bridge,1
Bihar,Gaya,2024,February,Monday,14:41,Minor,2,Two-Wheeler,2,0,Clear,Urban Road,Dry,Daylight,Signs,35,62,Valid,No,Straight Road,0
Maharashtra,Nagpur,2022,April,Friday,08:35,Serious,1,Two-Wheeler,3,0,Clear,National Highway,Dry,Daylight,Signals,95,79,Valid,No,Curve,1
Gujarat,Unknown,2023,December,Friday,10:37,Minor,1,Two-Wheeler,2,0,Clear,Village Road,Dry,Daylight,No Control,30,31,Unlicensed,No,Straight Road,0
Andhra Pradesh,Vijayawada,2021,October,Saturday,17:41,Serious,5,Truck,3,0,Foggy,National Highway,Dry,Dusk,Signs,80,54,Valid,Yes,Straight Road,1
Jammu and Kashmir,Srinagar,2019,June,Tuesday,02:02,Serious,2,Two-Wheeler,3,0,Hazy,Village Road,Dry,Dark,Signs,35,48,Valid,Yes,Intersection,1
Gujarat,Ahmedabad,2019,February,Monday,10:30,Minor,2,Car,1,0,Clear,State Highway,Dry,Daylight,No Control,75,46,Valid,No,Curve,0
Maharashtra,Mumbai,2018,August,Wednesday,00:07,Serious,2,Two-Wheeler,3,0,Rainy,National Highway,Wet,Dark,Signals,75,28,Expired,No,Straight Road,1
Madhya Pradesh,Unknown,2023,April,Friday,19:55,Serious,2,Truck,5,0,Clear,Expressway,Dry,Dusk,Signs,85,26,Valid,No,Bridge,1
Maharashtra,Pune,2021,April,Thursday,05:59,Minor,1,Two-Wheeler,2,0,Clear,Urban Road,Under Construction,Dawn,No Control,35,31,Valid,No,Straight Road,0
Kerala,Unknown,2019,February,Monday,04:09,Serious,2,Car,2,0,Stormy,Village Road,Wet,Dark,No Control,30,32,Valid,Yes,Intersection,1
Rajasthan,Udaipur,2018,April,Monday,19:53,Fatal,1,Auto-Rickshaw,5,1,Hazy,State Highway,Wet,Dusk,No Control,60,22,Expired,No,Intersection,1
Kerala,Thiruvananthapuram,2018,March,Saturday,04:28,Minor,3,Car,2,0,Clear,Urban Road,Dry,Dark,Signals,45,28,Valid,Yes,Straight Road,0
Delhi,Unknown,2019,January,Wednesday,17:40,Minor,2,Two-Wheeler,1,0,Clear,State Highway,Dry,Daylight,No Control,75,49,Unlicensed,No,Straight Road,0
West Bengal,Durgapur,2023,August,Friday,11:39,Minor,1,Car,3,0,Rainy,State Highway,Wet,Daylight,Signs,60,56,Valid,No,Intersection,0
West Bengal,Kolkata,2024,December,Wednesday,19:07,Serious,2,Tractor,3,0,Rainy,Urban Road,Damaged,Daylight,Police Checkpost,50,26,Expired,No,Straight Road,1
Kerala,Kochi,2022,February,Wednesday,07:54,Serious,1,Car,3,0,Stormy,National Highway,Damaged,Daylight,Police Checkpost,70,66,Valid,No,Curve,1
Haryana,Faridabad,2024,January,Tuesday,04:38,Serious,2,Two-Wheeler,2,0,Foggy,Urban Road,Dry,Dark,Police Checkpost,50,20,Valid,No,Intersection,1
Delhi,New Delhi,2020,February,Sunday,08:29,Fatal,2,Bus,3,1,Clear,State Highway,Dry,Daylight,No Control,50,23,Valid,Yes,Straight Road,1
Maharashtra,Unknown,2020,July,Monday,21:36,Minor,3,Car,3,0,Hazy,Urban Road,Dry,Dark,Police Checkpost,35,18,Valid,No,Straight Road,0
Madhya Pradesh,Indore,2022,October,Monday,19:58,Minor,2,Tractor,1,0,Clear,National Highway,Dry,Daylight,Police Checkpost,70,18,Valid,No,Curve,0
Uttar Pradesh,Varanasi,2018,April,Saturday,09:38,Minor,1,Two-Wheeler,3,0,Clear,State Highway,Dry,Daylight,Signs,55,51,Valid,No,Bridge,0
Delhi,New Delhi,2024,February,Tuesday,07:39,Minor,3,Tractor,1,0,Clear,Urban Road,Dry,Dawn,Police Checkpost,50,31,Valid,No,Intersection,0
Telangana,Unknown,2023,February,Wednesday,06:52,Minor,3,Truck,1,0,Clear,Urban Road,Dry,Dawn,No Control,40,36,Unlicensed,No,Intersection,0
Karnataka,Hubballi,2018,August,Tuesday,08:41,Serious,1,Car,4,0,Stormy,Expressway,Wet,Daylight,Signs,90,33,Valid,No,Curve,1
Uttar Pradesh,Unknown,2019,May,Saturday,07:08,Fatal,2,Bus,1,1,Foggy,National Highway,Under Construction,Daylight,No Control,70,21,Valid,No,Bridge,1
Karnataka,Bengaluru,2022,May,Thursday,20:49,Minor,1,Two-Wheeler,1,0,Foggy,Urban Road,Dry,Dark,Signs,50,18,Valid,No,Intersection,0
Andhra Pradesh,Visakhapatnam,2023,March,Saturday,00:53,Fatal,2,Two-Wheeler,2,2,Clear,State Highway,Dry,Dark,No Control,65,18,Unlicensed,No,Straight Road,1
Uttar Pradesh,Kanpur,2019,November,Saturday,20:44,Serious,1,Two-Wheeler,4,0,Stormy,Urban Road,Damaged,Dark,No Control,55,33,Valid,No,Curve,1
Maharashtra,Nashik,2023,May,Friday,01:09,Minor,3,Car,2,0,Clear,State Highway,Dry,Dark,Signs,65,41,Valid,No,Straight Road,0
Odisha,Cuttack,2021,September,Tuesday,19:31,Minor,3,Car,2,0,Clear,National Highway,Dry,Dusk,Signs,85,24,Unlicensed,No,Straight Road,0
Bihar,Gaya,2022,September,Saturday,12:03,Minor,3,Auto-Rickshaw,1,0,Clear,Urban Road,Dry,Daylight,Signs,55,18,Valid,No,Bridge,0
Uttar Pradesh,Agra,2020,January,Sunday,04:46,Serious,1,Car,4,0,Hazy,National Highway,Dry,Dark,Signals,90,46,Valid,No,Intersection,1
Tamil Nadu,Madurai,2021,March,Saturday,19:57,Fatal,2,Truck,2,1,Rainy,National Highway,Wet,Dark,Signs,90,48,Valid,No,Straight Road,1
Himachal Pradesh,Shimla,2020,November,Monday,08:02,Minor,2,Car,2,0,Hazy,Village Road,Dry,Daylight,No Control,30,18,Valid,No,Bridge,0
Andhra Pradesh,Vijayawada,2019,November,Saturday,20:06,Serious,3,Bus,2,1,Rainy,Village Road,Damaged,Dark,No Control,35,21,Valid,No,Intersection,1
West Bengal,Durgapur,2019,May,Saturday,18:55,Serious,3,Two-Wheeler,4,0,Clear,Urban Road,Dry,Dusk,Signals,60,44,Valid,No,Bridge,1
Tamil Nadu,Unknown,2019,February,Sunday,23:47,Minor,2,Two-Wheeler,1,0,Hazy,National Highway,Dry,Dark,Signs,65,18,Expired,No,Straight Road,0
Tamil Nadu,Unknown,2023,April,Wednesday,19:49,Fatal,1,Two-Wheeler,5,1,Clear,State Highway,Dry,Dark,No Control,70,19,Valid,Yes,Curve,1
Maharashtra,Nashik,2020,December,Saturday,08:12,Serious,2,Tractor,3,0,Hazy,State Highway,Under Construction,Daylight,No Control,50,53,Expired,No,Straight Road,1
Kerala,Kochi,2020,September,Saturday,11:38,Serious,1,Car,3,0,Rainy,Urban Road,Damaged,Daylight,No Control,40,29,Valid,No,Intersection,1
Maharashtra,Nagpur,2023,January,Sunday,17:49,Serious,2,Truck,2,0,Foggy,Village Road,Dry,Dusk,No Control,35,36,Valid,Yes,Curve,1
Maharashtra,Pune,2024,September,Saturday,09:04,Serious,2,Two-Wheeler,3,0,Clear,State Highway,Dry,Daylight,No Control,70,21,Valid,No,Straight Road,1
Kerala,Kochi,2019,February,Sunday,15:17,Minor,3,Car,2,0,Clear,State Highway,Under Construction,Daylight,Police Checkpost,70,49,Valid,No,Straight Road,0
Chhattisgarh,Raipur,2020,April,Wednesday,08:17,Fatal,2,Cycle,6,4,Rainy,National Highway,Wet,Daylight,Signs,85,34,Valid,No,Straight Road,1
Kerala,Kochi,2020,June,Tuesday,17:32,Minor,3,Car,2,0,Rainy,Urban Road,Dry,Daylight,Signals,35,47,Valid,No,Intersection,0
Gujarat,Surat,2023,May,Wednesday,10:15,Serious,1,Two-Wheeler,5,0,Clear,State Highway,Dry,Daylight,No Control,70,29,Expired,No,Bridge,1
Rajasthan,Jodhpur,2022,September,Saturday,02:20,Minor,1,Auto-Rickshaw,2,0,Hazy,Urban Road,Dry,Dark,Signs,35,21,Valid,No,Straight Road,0
Gujarat,Ahmedabad,2021,February,Tuesday,22:15,Serious,2,Two-Wheeler,3,0,Clear,Urban Road,Dry,Dark,Signals,40,34,Valid,Yes,Straight Road,1
Tamil Nadu,Madurai,2019,November,Friday,19:03,Minor,3,Car,2,0,Clear,National Highway,Dry,Dusk,No Control,65,25,Expired,No,Curve,0
Rajasthan,Jaipur,2020,August,Sunday,09:40,Minor,2,Two-Wheeler,1,0,Rainy,Village Road,Wet,Daylight,Signs,30,29,Valid,No,Bridge,0
Gujarat,Surat,2018,April,Sunday,06:38,Serious,4,Auto-Rickshaw,2,0,Clear,Village Road,Dry,Dawn,No Control,35,25,Valid,No,Curve,1
West Bengal,Unknown,2022,December,Friday,18:52,Minor,1,Tractor,2,0,Foggy,Urban Road,Dry,Dusk,Signs,55,20,Valid,No,Straight Road,0
Odisha,Bhubaneswar,2024,June,Saturday,08:34,Minor,2,Two-Wheeler,2,0,Rainy,National Highway,Under Construction,Daylight,Signals,60,44,Valid,No,Straight Road,0
Goa,Unknown,2023,May,Monday,16:40,Fatal,2,Auto-Rickshaw,4,2,Clear,National Highway,Dry,Daylight,No Control,100,41,Valid,No,Bridge,1
Maharashtra,Nashik,2020,January,Thursday,18:21,Serious,2,Auto-Rickshaw,3,0,Clear,National Highway,Dry,Dusk,No Control,70,23,Valid,No,Straight Road,1
Karnataka,Mysuru,2021,December,Friday,09:23,Minor,2,Truck,1,0,Clear,Urban Road,Dry,Daylight,No Control,40,56,Valid,No,Straight Road,0
Uttar Pradesh,Kanpur,2024,November,Saturday,09:24,Minor,1,Bus,2,0,Rainy,State Highway,Dry,Daylight,No Control,60,26,Valid,No,Curve,0
Karnataka,Bengaluru,2020,March,Wednesday,03:58,Serious,3,Truck,4,0,Clear,Village Road,Damaged,Dark,No Control,30,45,Valid,No,Curve,1
Tamil Nadu,Chennai,2023,December,Monday,09:28,Serious,2,Two-Wheeler,2,0,Hazy,State Highway,Damaged,Daylight,Signs,50,18,Valid,No,Curve,1
Uttar Pradesh,Kanpur,2022,October,Saturday,16:51,Minor,2,Two-Wheeler,2,0,Clear,State Highway,Dry,Daylight,No Control,60,31,Valid,No,Straight Road,0
Bihar,Gaya,2021,June,Thursday,06:19,Minor,2,Two-Wheeler,1,0,Clear,Village Road,Dry,Dawn,No Control,25,18,Valid,No,Bridge,0
Rajasthan,Unknown,2022,December,Sunday,22:41,Minor,3,Two-Wheeler,1,0,Clear,Urban Road,Under Construction,Dark,Police Checkpost,50,24,Expired,No,Intersection,0
Assam,Guwahati,2019,July,Thursday,18:16,Serious,2,Car,2,0,Rainy,State Highway,Wet,Dark,Police Checkpost,75,40,Valid,No,Straight Road,1
Maharashtra,Nashik,2020,September,Sunday,07:23,Fatal,2,Two-Wheeler,3,1,Rainy,Expressway,Wet,Daylight,Signs,80,38,Valid,No,Bridge,1
Maharashtra,Nashik,2020,March,Thursday,14:51,Minor,1,Car,1,0,Clear,Urban Road,Dry,Daylight,Signals,40,26,Unlicensed,No,Intersection,0
Karnataka,Bengaluru,2023,February,Saturday,11:41,Serious,3,Car,2,0,Clear,Urban Road,Dry,Daylight,No Control,60,35,Valid,No,Intersection,1
Maharashtra,Nagpur,2022,July,Saturday,11:29,Serious,5,Two-Wheeler,2,0,Rainy,State Highway,Damaged,Daylight,No Control,75,39,Valid,No,Straight Road,1
Tamil Nadu,Unknown,2020,April,Wednesday,15:24,Minor,2,Two-Wheeler,1,0,Clear,Urban Road,Damaged,Daylight,Police Checkpost,45,27,Valid,No,Intersection,0
Jammu and Kashmir,Srinagar,2023,December,Wednesday,05:47,Minor,1,Car,1,0,Hazy,Urban Road,Dry,Dawn,No Control,50,43,Expired,No,Curve,0
Uttar Pradesh,Varanasi,2021,February,Sunday,08:09,Minor,3,Tractor,1,0,Clear,Urban Road,Dry,Daylight,No Control,40,37,Valid,No,Straight Road,0
Uttar Pradesh,Agra,2024,October,Tuesday,06:50,Serious,2,Car,2,0,Clear,National Highway,Under Construction,Daylight,Signals,90,28,Valid,No,Straight Road,1
Madhya Pradesh,Bhopal,2022,August,Saturday,07:37,Serious,3,Cycle,3,1,Clear,Expressway,Dry,Daylight,Signs,80,57,Valid,No,Straight Road,1
Rajasthan,Jaipur,2024,November,Tuesday,17:19,Minor,2,Tractor,1,0,Clear,Urban Road,Dry,Daylight,Signs,45,30,Valid,No,Straight Road,0
Madhya Pradesh,Bhopal,2024,December,Saturday,23:41,Minor,2,Truck,1,0,Hazy,Village Road,Under Construction,Dark,No Control,30,22,Valid,No,Intersection,0
Karnataka,Unknown,2020,November,Tuesday,17:59,Minor,2,Car,2,0,Clear,National Highway,Under Construction,Dusk,Signs,65,47,Valid,No,Straight Road,0
Haryana,Faridabad,2019,May,Friday,23:20,Serious,2,Car,2,0,Rainy,Urban Road,Wet,Dawn,No Control,45,42,Expired,No,Intersection,1
Uttar Pradesh,Kanpur,2023,September,Friday,15:23,Serious,2,Two-Wheeler,2,0,Rainy,Village Road,Wet,Daylight,Signs,40,18,Valid,No,Bridge,1
Gujarat,Unknown,2019,February,Tuesday,09:55,Minor,1,Two-Wheeler,2,0,Clear,Urban Road,Under Construction,Daylight,No Control,50,18,Unlicensed,No,Intersection,0
Andhra Pradesh,Vijayawada,2023,June,Thursday,20:20,Serious,2,Two-Wheeler,3,0,Rainy,National Highway,Dry,Dark,Signs,65,41,Valid,No,Bridge,1
Delhi,New Delhi,2019,April,Sunday,03:51,Fatal,3,Two-Wheeler,4,1,Rainy,Urban Road,Wet,Dark,No Control,45,26,Expired,Yes,Intersection,1
Karnataka,Unknown,2024,April,Saturday,05:53,Fatal,3,Two-Wheeler,2,1,Foggy,National Highway,Under Construction,Dawn,No Control,90,39,Valid,No,Straight Road,1
Madhya Pradesh,Unknown,2022,July,Sunday,22:34,Serious,2,Two-Wheeler,3,0,Clear,State Highway,Dry,Dawn,No Control,65,30,Valid,No,Straight Road,1
Maharashtra,Nashik,2021,February,Saturday,17:04,Serious,7,Truck,2,0,Clear,National Highway,Dry,Dark,No Control,65,41,Valid,No,Bridge,1
Uttar Pradesh,Agra,2021,July,Friday,21:03,Serious,4,Two-Wheeler,3,0,Hazy,National Highway,Dry,Dark,Police Checkpost,70,44,Expired,No,Straight Road,1
Maharashtra,Mumbai,2022,May,Friday,06:16,Fatal,3,Car,1,1,Clear,National Highway,Dry,Daylight,No Control,80,18,Valid,Yes,Bridge,1
Kerala,Kochi,2020,March,Sunday,18:01,Minor,7,Car,1,0,Clear,Urban Road,Dry,Dusk,Signs,35,23,Valid,No,Straight Road,0
Tamil Nadu,Unknown,2020,July,Friday,08:45,Minor,2,Car,1,0,Hazy,Urban Road,Dry,Daylight,Police Checkpost,40,54,Unlicensed,No,Intersection,0
Kerala,Kochi,2019,October,Thursday,10:38,Minor,2,Car,2,0,Clear,State Highway,Dry,Daylight,No Control,55,40,Valid,No,Straight Road,0
Maharashtra,Nashik,2019,August,Saturday,21:27,Serious,7,Car,3,0,Hazy,Urban Road,Dry,Dark,No Control,35,43,Valid,No,Curve,1
Delhi,New Delhi,2024,February,Sunday,12:48,Minor,4,Two-Wheeler,1,0,Clear,Urban Road,Dry,Daylight,No Control,40,63,Valid,No,Straight Road,0
Haryana,Gurugram,2023,July,Thursday,17:08,Fatal,2,Tractor,1,1,Rainy,Expressway,Wet,Dusk,Signs,80,49,Valid,No,Intersection,1
Maharashtra,Nashik,2021,August,Tuesday,20:30,Serious,3,Car,3,0,Rainy,Village Road,Wet,Dark,No Control,35,36,Valid,No,Curve,1
Maharashtra,Unknown,2023,September,Friday,20:20,Serious,2,Truck,4,0,Rainy,Expressway,Dry,Dark,Signs,80,21,Valid,No,Curve,1
Maharashtra,Nagpur,2022,June,Saturday,00:01,Serious,3,Two-Wheeler,4,0,Hazy,Village Road,Damaged,Dark,No Control,20,51,Valid,Yes,Curve,1
Delhi,Unknown,2022,February,Wednesday,07:28,Minor,1,Auto-Rickshaw,2,0,Clear,Urban Road,Dry,Daylight,No Control,40,52,Valid,No,Straight Road,0
Uttar Pradesh,Agra,2018,February,Saturday,21:08,Fatal,3,Two-Wheeler,2,1,Foggy,National Highway,Dry,Dark,No Control,85,39,Unlicensed,No,Bridge,1
Madhya Pradesh,Indore,2021,April,Friday,15:02,Minor,2,Auto-Rickshaw,1,0,Clear,Village Road,Dry,Daylight,No Control,30,59,Valid,No,Curve,0
Gujarat,Vadodara,2018,August,Wednesday,13:12,Minor,3,Two-Wheeler,2,0,Foggy,Urban Road,Dry,Daylight,No Control,30,40,Valid,No,Curve,0
Punjab,Amritsar,2022,September,Friday,03:11,Fatal,2,Auto-Rickshaw,3,1,Rainy,State Highway,Dry,Dark,Signs,60,38,Valid,Yes,Straight Road,1
Rajasthan,Udaipur,2018,September,Wednesday,01:37,Serious,5,Tractor,2,0,Clear,State Highway,Damaged,Dark,Signs,50,51,Valid,No,Intersection,1
Rajasthan,Udaipur,2021,April,Saturday,22:47,Serious,2,Two-Wheeler,3,0,Clear,Urban Road,Damaged,Dark,Signals,40,43,Valid,No,Straight Road,1
Jammu and Kashmir,Srinagar,2020,June,Monday,13:29,Minor,1,Two-Wheeler,3,0,Clear,State Highway,Dry,Daylight,No Control,60,46,Expired,No,Straight Road,0
Uttar Pradesh,Unknown,2018,January,Saturday,19:38,Fatal,3,Auto-Rickshaw,3,1,Clear,Expressway,Dry,Dusk,Signs,115,18,Valid,No,Curve,1
Haryana,Gurugram,2021,October,Wednesday,08:06,Fatal,3,Car,4,1,Rainy,National Highway,Wet,Daylight,Signals,75,41,Valid,No,Curve,1
Maharashtra,Nashik,2019,May,Sunday,08:47,Fatal,4,Two-Wheeler,3,3,Foggy,National Highway,Dry,Daylight,Police Checkpost,85,31,Valid,No,Bridge,1
Gujarat,Vadodara,2019,July,Saturday,15:30,Minor,3,Car,2,0,Clear,National Highway,Dry,Daylight,Signs,65,30,Valid,No,Curve,0
Odisha,Unknown,2024,June,Tuesday,20:25,Minor,5,Tractor,1,0,Clear,Urban Road,Dry,Dark,Signs,45,34,Valid,No,Intersection,0
Telangana,Hyderabad,2020,April,Sunday,09:52,Minor,4,Cycle,1,0,Clear,Urban Road,Dry,Daylight,Signals,55,29,Valid,No,Bridge,0
Andhra Pradesh,Visakhapatnam,2020,March,Thursday,10:18,Minor,4,Two-Wheeler,2,0,Hazy,Urban Road,Dry,Daylight,No Control,30,46,Valid,No,Intersection,0
Tamil Nadu,Unknown,2018,December,Thursday,15:26,Serious,1,Truck,4,0,Foggy,National Highway,Dry,Daylight,Signs,70,22,Expired,No,Curve,1
Karnataka,Hubballi,2020,February,Sunday,01:55,Minor,3,Car,2,0,Clear,Village Road,Damaged,Dark,No Control,25,18,Valid,No,Curve,0
Karnataka,Hubballi,2020,December,Sunday,11:08,Serious,1,Two-Wheeler,2,1,Foggy,State Highway,Dry,Daylight,Signs,65,35,Valid,No,Straight Road,1
Rajasthan,Unknown,2023,February,Saturday,15:31,Fatal,2,Two-Wheeler,5,2,Foggy,National Highway,Dry,Daylight,No Control,75,53,Valid,Yes,Straight Road,1
Gujarat,Surat,2018,February,Sunday,00:34,Fatal,1,Two-Wheeler,2,1,Clear,National Highway,Dry,Dark,Signals,100,31,Valid,No,Curve,1
Tamil Nadu,Madurai,2024,November,Wednesday,16:42,Minor,2,Two-Wheeler,2,0,Clear,State Highway,Dry,Daylight,No Control,55,34,Valid,No,Intersection,0
Tamil Nadu,Chennai,2018,December,Tuesday,02:55,Serious,3,Truck,2,0,Foggy,Urban Road,Under Construction,Dark,Signs,35,33,Expired,No,Curve,1
Tamil Nadu,Unknown,2022,November,Monday,18:20,Fatal,4,Two-Wheeler,5,1,Foggy,Urban Road,Dry,Dusk,Signals,45,67,Valid,No,Bridge,1
Karnataka,Hubballi,2018,October,Wednesday,19:06,Serious,3,Car,2,1,Clear,National Highway,Damaged,Dark,Signs,85,48,Valid,No,Straight Road,1
Uttar Pradesh,Unknown,2023,June,Friday,19:23,Minor,2,Truck,1,0,Stormy,Village Road,Under Construction,Dusk,No Control,20,30,Valid,No,Straight Road,0
Delhi,New Delhi,2022,February,Wednesday,17:09,Serious,1,Two-Wheeler,3,0,Rainy,State Highway,Damaged,Dusk,Signs,70,34,Valid,No,Straight Road,1
West Bengal,Durgapur,2023,August,Friday,15:43,Minor,3,Car,3,0,Clear,National Highway,Dry,Daylight,Signs,80,28,Valid,No,Bridge,0
Uttar Pradesh,Lucknow,2024,July,Monday,09:34,Serious,3,Two-Wheeler,3,0,Rainy,Urban Road,Wet,Daylight,No Control,40,59,Valid,No,Intersection,1
Andhra Pradesh,Vijayawada,2023,September,Wednesday,12:45,Minor,4,Car,1,0,Stormy,Urban Road,Wet,Daylight,Police Checkpost,40,19,Valid,No,Straight Road,0
Haryana,Gurugram,2022,January,Saturday,04:20,Serious,6,Two-Wheeler,4,0,Clear,Expressway,Dry,Dark,Police Checkpost,80,25,Valid,No,Bridge,1
Uttar Pradesh,Varanasi,2023,January,Monday,17:57,Fatal,2,Car,2,1,Foggy,State Highway,Under Construction,Dusk,No Control,70,48,Valid,No,Curve,1
Uttar Pradesh,Agra,2018,August,Saturday,01:53,Minor,2,Car,2,0,Clear,National Highway,Dry,Dark,Signs,90,57,Valid,No,Straight Road,0
Maharashtra,Nagpur,2022,November,Saturday,12:54,Fatal,2,Truck,3,1,Hazy,Expressway,Dry,Daylight,Signs,120,37,Valid,No,Straight Road,1
Maharashtra,Nashik,2024,December,Friday,14:42,Minor,4,Two-Wheeler,1,0,Clear,Urban Road,Dry,Daylight,Signs,40,34,Valid,No,Straight Road,0
Bihar,Patna,2020,July,Sunday,17:11,Minor,3,Tractor,2,0,Rainy,Urban Road,Wet,Daylight,Signals,40,37,Valid,No,Intersection,0
Jammu and Kashmir,Jammu,2024,May,Sunday,10:08,Minor,2,Car,1,0,Clear,National Highway,Wet,Daylight,Signs,70,38,Valid,No,Straight Road,0
Maharashtra,Nashik,2021,June,Monday,12:57,Minor,1,Car,1,0,Rainy,State Highway,Wet,Daylight,No Control,55,62,Valid,No,Straight Road,0
Kerala,Unknown,2021,July,Saturday,15:52,Serious,4,Truck,3,0,Clear,Expressway,Dry,Daylight,Signs,95,42,Valid,No,Bridge,1
Maharashtra,Nashik,2020,August,Tuesday,21:52,Fatal,2,Cycle,2,2,Clear,Expressway,Dry,Dark,Signs,85,33,Valid,Yes,Bridge,1
Madhya Pradesh,Unknown,2018,March,Thursday,17:38,Fatal,1,Truck,4,1,Rainy,Expressway,Wet,Dark,Signs,80,42,Expired,No,Curve,1
Kerala,Unknown,2024,May,Friday,08:51,Serious,2,Truck,2,0,Stormy,Village Road,Wet,Daylight,No Control,25,48,Valid,No,Curve,1
Karnataka,Mangaluru,2023,July,Saturday,20:29,Serious,5,Truck,2,0,Rainy,Urban Road,Wet,Dark,No Control,55,26,Valid,No,Intersection,1
Maharashtra,Nagpur,2020,November,Saturday,02:09,Minor,3,Truck,2,0,Clear,Urban Road,Dry,Dawn,Signals,60,40,Valid,No,Intersection,0
Madhya Pradesh,Indore,2024,October,Saturday,09:15,Fatal,3,Car,5,2,Hazy,National Highway,Dry,Daylight,No Control,95,37,Unlicensed,No,Bridge,1
Goa,Unknown,2019,October,Saturday,05:51,Serious,2,Car,2,0,Clear,Urban Road,Dry,Daylight,No Control,60,23,Valid,Yes,Straight Road,1
Tamil Nadu,Chennai,2023,March,Friday,12:38,Minor,1,Car,2,0,Clear,Urban Road,Dry,Daylight,Signals,55,32,Expired,No,Intersection,0
Uttar Pradesh,Varanasi,2021,May,Monday,16:59,Minor,1,Bus,2,0,Clear,Urban Road,Dry,Daylight,Police Checkpost,50,31,Valid,No,Straight Road,0
Maharashtra,Pune,2022,July,Monday,14:53,Minor,1,Car,3,0,Clear,State Highway,Dry,Daylight,No Control,55,31,Valid,No,Bridge,0
Madhya Pradesh,Gwalior,2018,December,Friday,19:45,Serious,2,Two-Wheeler,2,0,Clear,State Highway,Dry,Daylight,No Control,75,59,Valid,No,Straight Road,1
Madhya Pradesh,Gwalior,2022,May,Saturday,15:02,Minor,2,Car,2,0,Clear,Village Road,Dry,Daylight,No Control,40,37,Valid,No,Curve,0
Bihar,Patna,2022,December,Monday,08:11,Fatal,3,Truck,4,1,Clear,Expressway,Damaged,Daylight,Police Checkpost,100,41,Unlicensed,No,Bridge,1
Kerala,Thiruvananthapuram,2024,September,Thursday,14:22,Minor,2,Car,3,0,Rainy,State Highway,Wet,Daylight,No Control,70,45,Valid,No,Straight Road,0
Odisha,Cuttack,2020,August,Tuesday,18:02,Serious,2,Car,4,0,Rainy,National Highway,Wet,Dusk,Police Checkpost,75,36,Valid,No,Intersection,1
Punjab,Ludhiana,2018,September,Friday,14:56,Minor,2,Car,1,0,Rainy,Village Road,Dry,Daylight,No Control,30,32,Valid,No,Curve,0
Tamil Nadu,Coimbatore,2018,October,Wednesday,12:13,Minor,6,Two-Wheeler,3,0,Clear,Urban Road,Dry,Daylight,No Control,30,55,Valid,No,Straight Road,0
Madhya Pradesh,Gwalior,2019,September,Tuesday,14:22,Serious,5,Truck,2,0,Rainy,Urban Road,Wet,Daylight,Signs,50,55,Valid,No,Intersection,1
Tamil Nadu,Madurai,2020,September,Monday,15:40,Serious,1,Two-Wheeler,3,0,Clear,Expressway,Dry,Daylight,Signs,100,48,Expired,No,Straight Road,1
Tamil Nadu,Unknown,2023,May,Wednesday,09:02,Minor,1,Two-Wheeler,2,0,Clear,Urban Road,Damaged,Daylight,Police Checkpost,50,36,Valid,No,Straight Road,0
Jharkhand,Jamshedpur,2019,June,Thursday,20:38,Serious,1,Cycle,4,0,Rainy,Urban Road,Damaged,Dark,No Control,40,41,Unlicensed,No,Intersection,1
Telangana,Hyderabad,2019,August,Sunday,07:06,Minor,3,Two-Wheeler,2,0,Rainy,Urban Road,Wet,Daylight,Signs,40,27,Valid,No,Straight Road,0
Himachal Pradesh,Shimla,2018,November,Tuesday,01:54,Minor,3,Two-Wheeler,1,0,Clear,Urban Road,Dry,Dark,No Control,35,38,Valid,No,Intersection,0
Karnataka,Mangaluru,2020,August,Thursday,18:41,Serious,1,Two-Wheeler,3,0,Rainy,State Highway,Wet,Daylight,No Control,65,23,Valid,Yes,Intersection,1
Rajasthan,Udaipur,2022,December,Friday,19:20,Fatal,1,Two-Wheeler,2,1,Clear,National Highway,Dry,Dusk,Signs,95,47,Valid,No,Straight Road,1
Rajasthan,Jaipur,2019,September,Friday,16:42,Serious,2,Two-Wheeler,3,0,Clear,Urban Road,Dry,Daylight,Signs,45,57,Unlicensed,Yes,Straight Road,1
Maharashtra,Mumbai,2021,May,Wednesday,13:18,Fatal,2,Two-Wheeler,3,1,Clear,National Highway,Dry,Daylight,Signals,95,23,Valid,No,Straight Road,1
Uttar Pradesh,Kanpur,2019,July,Monday,23:06,Minor,1,Two-Wheeler,1,0,Rainy,Village Road,Dry,Dark,Signs,20,58,Valid,No,Intersection,0
Rajasthan,Udaipur,2023,August,Sunday,11:00,Serious,1,Cycle,3,0,Rainy,State Highway,Under Construction,Daylight,Signs,70,45,Unlicensed,No,Straight Road,1
Maharashtra,Nashik,2018,November,Sunday,11:13,Minor,3,Car,5,0,Clear,Urban Road,Dry,Daylight,Signals,30,28,Valid,No,Intersection,0
Jharkhand,Ranchi,2019,April,Thursday,15:42,Fatal,3,Two-Wheeler,2,1,Hazy,National Highway,Dry,Daylight,No Control,75,40,Valid,No,Straight Road,1
Maharashtra,Nagpur,2021,March,Friday,12:33,Serious,4,Cycle,3,0,Clear,State Highway,Dry,Daylight,Police Checkpost,65,55,Valid,No,Intersection,1
Uttar Pradesh,Unknown,2023,March,Monday,15:16,Serious,2,Bus,4,0,Clear,State Highway,Dry,Daylight,No Control,65,52,Valid,Yes,Straight Road,1
Bihar,Unknown,2020,January,Monday,22:41,Serious,2,Two-Wheeler,3,0,Foggy,Urban Road,Dry,Dark,Signs,45,51,Valid,No,Straight Road,1
Maharashtra,Pune,2018,September,Monday,08:23,Fatal,4,Two-Wheeler,1,1,Rainy,National Highway,Wet,Daylight,No Control,90,33,Expired,No,Straight Road,1
Odisha,Bhubaneswar,2021,December,Saturday,06:09,Minor,2,Two-Wheeler,1,0,Hazy,State Highway,Dry,Daylight,Signs,70,26,Valid,No,Bridge,0
Kerala,Thiruvananthapuram,2019,August,Tuesday,12:40,Minor,1,Truck,2,0,Clear,Village Road,Dry,Daylight,No Control,20,37,Valid,No,Straight Road,0
Maharashtra,Unknown,2020,January,Tuesday,14:27,Minor,2,Car,1,0,Clear,Urban Road,Dry,Daylight,No Control,50,38,Valid,No,Intersection,0
Andhra Pradesh,Unknown,2024,May,Monday,18:39,Minor,3,Bus,1,0,Clear,Urban Road,Dry,Dark,Signals,40,34,Valid,No,Straight Road,0
West Bengal,Siliguri,2024,November,Monday,22:33,Minor,3,Car,2,0,Stormy,Urban Road,Wet,Dark,Signals,45,30,Valid,No,Intersection,0
Bihar,Gaya,2019,January,Thursday,17:06,Minor,6,Two-Wheeler,2,0,Rainy,Urban Road,Damaged,Daylight,Signs,55,25,Valid,No,Straight Road,0
Haryana,Gurugram,2022,August,Friday,23:02,Serious,2,Two-Wheeler,2,0,Rainy,State Highway,Wet,Dark,No Control,60,46,Valid,No,Intersection,1
Andhra Pradesh,Vijayawada,2021,June,Friday,08:06,Fatal,2,Truck,4,2,Rainy,State Highway,Wet,Daylight,Signs,70,29,Expired,No,Intersection,1
Madhya Pradesh,Unknown,2024,December,Thursday,08:13,Fatal,2,Two-Wheeler,3,2,Clear,National Highway,Dry,Daylight,Signs,85,47,Unlicensed,No,Straight Road,1
Tamil Nadu,Madurai,2024,July,Thursday,09:13,Fatal,2,Car,2,1,Stormy,National Highway,Damaged,Daylight,No Control,80,33,Valid,No,Straight Road,1
Andhra Pradesh,Visakhapatnam,2020,July,Saturday,19:55,Minor,2,Two-Wheeler,2,0,Clear,Urban Road,Dry,Dusk,No Control,35,36,Valid,No,Intersection,0
Chhattisgarh,Unknown,2018,September,Wednesday,07:46,Minor,2,Bus,1,0,Clear,Village Road,Dry,Daylight,No Control,35,23,Valid,No,Straight Road,0
Madhya Pradesh,Indore,2018,October,Tuesday,07:52,Minor,2,Car,2,0,Hazy,Urban Road,Dry,Daylight,No Control,55,42,Unlicensed,No,Straight Road,0
Telangana,Hyderabad,2018,July,Sunday,12:28,Minor,1,Two-Wheeler,3,0,Clear,State Highway,Wet,Daylight,No Control,80,34,Valid,No,Curve,0
Gujarat,Surat,2023,September,Saturday,09:19,Minor,1,Car,2,0,Stormy,Village Road,Under Construction,Daylight,No Control,30,24,Valid,No,Intersection,0
Kerala,Kochi,2023,October,Thursday,16:24,Minor,3,Truck,1,0,Hazy,State Highway,Dry,Daylight,Police Checkpost,55,34,Valid,No,Curve,0
Goa,Panaji,2023,July,Wednesday,20:52,Fatal,4,Truck,2,2,Stormy,National Highway,Wet,Dark,Signals,95,27,Expired,No,Curve,1
Uttar Pradesh,Unknown,2018,September,Tuesday,06:21,Serious,5,Car,2,0,Rainy,National Highway,Wet,Dawn,Signals,85,18,Valid,No,Straight Road,1
Uttar Pradesh,Lucknow,2018,May,Monday,15:37,Minor,3,Truck,1,0,Clear,Village Road,Dry,Daylight,No Control,20,46,Valid,No,Straight Road,0
Rajasthan,Jodhpur,2019,May,Sunday,04:08,Serious,2,Truck,2,0,Clear,Urban Road,Dry,Dark,Signals,55,23,Valid,No,Intersection,1
Gujarat,Vadodara,2022,January,Friday,08:58,Serious,2,Two-Wheeler,3,0,Hazy,Urban Road,Under Construction,Daylight,Signs,50,42,Unlicensed,No,Intersection,1
Madhya Pradesh,Indore,2018,September,Monday,09:38,Minor,3,Car,3,0,Rainy,Urban Road,Wet,Daylight,No Control,55,64,Valid,No,Intersection,0
Maharashtra,Nagpur,2022,April,Tuesday,15:57,Serious,1,Two-Wheeler,5,0,Rainy,Urban Road,Wet,Daylight,Signs,40,26,Unlicensed,No,Curve,1
Karnataka,Unknown,2024,October,Wednesday,15:17,Fatal,5,Bus,4,2,Stormy,State Highway,Damaged,Daylight,No Control,65,43,Valid,No,Intersection,1
Madhya Pradesh,Bhopal,2019,December,Tuesday,16:37,Minor,1,Auto-Rickshaw,1,0,Foggy,Urban Road,Dry,Daylight,Signs,35,32,Expired,No,Intersection,0
Madhya Pradesh,Indore,2023,November,Friday,19:16,Minor,2,Two-Wheeler,1,0,Rainy,National Highway,Wet,Dusk,Signals,75,40,Valid,No,Straight Road,0
Telangana,Hyderabad,2021,April,Thursday,07:28,Minor,2,Two-Wheeler,4,0,Clear,State Highway,Dry,Daylight,Signs,65,18,Valid,No,Intersection,0
Kerala,Unknown,2024,August,Sunday,18:19,Fatal,2,Bus,2,2,Hazy,Urban Road,Dry,Daylight,No Control,55,42,Unlicensed,Yes,Straight Road,1
West Bengal,Unknown,2019,October,Saturday,17:08,Minor,2,Truck,1,0,Rainy,National Highway,Wet,Dusk,Police Checkpost,70,38,Valid,No,Straight Road,0
Bihar,Unknown,2019,July,Sunday,04:26,Minor,3,Car,1,0,Clear,Village Road,Dry,Dark,Signs,20,66,Valid,No,Intersection,0
West Bengal,Kolkata,2018,July,Sunday,10:31,Fatal,2,Two-Wheeler,3,1,Rainy,National Highway,Damaged,Daylight,Signs,70,18,Valid,No,Curve,1
Rajasthan,Jodhpur,2022,June,Sunday,01:09,Serious,3,Two-Wheeler,3,0,Rainy,State Highway,Damaged,Dark,Signs,55,31,Valid,No,Straight Road,1
West Bengal,Durgapur,2024,April,Sunday,04:23,Fatal,1,Two-Wheeler,5,3,Hazy,State Highway,Dry,Dark,Police Checkpost,65,42,Valid,No,Curve,1
Maharashtra,Pune,2018,July,Wednesday,09:05,Serious,2,Tractor,3,0,Clear,Urban Road,Damaged,Daylight,No Control,50,48,Expired,No,Curve,1
Tamil Nadu,Madurai,2021,December,Tuesday,08:38,Fatal,2,Truck,1,1,Foggy,National Highway,Dry,Daylight,Signs,75,36,Valid,No,Curve,1
Rajasthan,Udaipur,2023,March,Tuesday,21:18,Minor,3,Car,1,0,Clear,Village Road,Dry,Dark,Signs,25,52,Expired,No,Curve,0
Delhi,New Delhi,2023,January,Friday,20:05,Minor,2,Tractor,2,0,Clear,State Highway,Dry,Dark,Police Checkpost,60,38,Unlicensed,No,Straight Road,0
Telangana,Warangal,2024,January,Saturday,15:30,Fatal,5,Two-Wheeler,4,1,Stormy,National Highway,Wet,Dark,Signs,100,39,Valid,Yes,Straight Road,1
Maharashtra,Nashik,2023,July,Monday,18:50,Serious,2,Auto-Rickshaw,4,0,Rainy,National Highway,Wet,Dusk,Signals,75,18,Valid,No,Curve,1
Madhya Pradesh,Gwalior,2024,April,Saturday,23:59,Minor,2,Auto-Rickshaw,2,0,Clear,Village Road,Dry,Dark,No Control,35,44,Valid,No,Curve,0
Uttar Pradesh,Varanasi,2024,June,Saturday,12:58,Minor,3,Two-Wheeler,1,0,Stormy,State Highway,Dry,Daylight,Signs,50,55,Valid,No,Straight Road,0
Kerala,Thiruvananthapuram,2024,December,Friday,14:10,Fatal,5,Tractor,1,1,Clear,State Highway,Dry,Daylight,Signs,55,25,Unlicensed,No,Curve,1
Haryana,Gurugram,2021,January,Thursday,17:12,Minor,3,Truck,1,0,Clear,National Highway,Dry,Daylight,No Control,75,32,Valid,No,Curve,0
Madhya Pradesh,Indore,2020,March,Tuesday,21:53,Serious,3,Two-Wheeler,2,0,Clear,Urban Road,Dry,Dark,No Control,45,20,Valid,No,Straight Road,1
Madhya Pradesh,Bhopal,2020,March,Thursday,19:37,Minor,2,Car,2,0,Rainy,State Highway,Under Construction,Dusk,Signs,60,43,Valid,No,Intersection,0
Karnataka,Mangaluru,2024,June,Tuesday,03:32,Fatal,2,Two-Wheeler,4,3,Stormy,National Highway,Wet,Dark,No Control,70,35,Valid,No,Curve,1
Gujarat,Ahmedabad,2019,September,Friday,18:48,Fatal,3,Bus,2,1,Rainy,Urban Road,Wet,Dark,Signs,45,47,Valid,No,Bridge,1
Delhi,New Delhi,2023,March,Wednesday,08:03,Minor,1,Two-Wheeler,2,0,Clear,Village Road,Under Construction,Daylight,Signs,25,36,Unlicensed,No,Curve,0
Kerala,Kozhikode,2022,February,Tuesday,08:33,Serious,2,Two-Wheeler,2,1,Clear,State Highway,Dry,Daylight,Signs,65,36,Valid,No,Straight Road,1
Rajasthan,Jaipur,2018,February,Thursday,15:34,Minor,3,Car,5,0,Clear,State Highway,Damaged,Daylight,Signs,55,36,Valid,No,Straight Road,0
Karnataka,Mangaluru,2021,October,Friday,17:56,Serious,1,Car,3,0,Clear,State Highway,Dry,Dusk,Signs,55,39,Valid,Yes,Straight Road,1
Maharashtra,Nagpur,2019,January,Wednesday,07:28,Minor,3,Two-Wheeler,2,0,Clear,Village Road,Under Construction,Daylight,Police Checkpost,40,37,Valid,No,Straight Road,0
Uttar Pradesh,Lucknow,2023,August,Sunday,09:30,Minor,2,Two-Wheeler,2,0,Clear,Urban Road,Damaged,Daylight,Signs,45,42,Valid,Yes,Intersection,0
Uttar Pradesh,Unknown,2021,July,Monday,18:48,Fatal,4,Truck,4,2,Hazy,National Highway,Dry,Dusk,No Control,70,54,Expired,No,Straight Road,1
Karnataka,Mangaluru,2020,February,Sunday,06:16,Minor,2,Car,2,0,Clear,Urban Road,Dry,Dawn,Police Checkpost,30,49,Valid,Yes,Bridge,0
Chhattisgarh,Raipur,2018,July,Monday,20:04,Minor,2,Truck,1,0,Clear,State Highway,Dry,Dark,Signs,75,58,Valid,No,Intersection,0
Rajasthan,Jaipur,2018,April,Tuesday,12:28,Serious,2,Car,3,0,Stormy,National Highway,Wet,Daylight,Signals,75,23,Valid,No,Bridge,1
Uttar Pradesh,Kanpur,2023,July,Sunday,15:36,Fatal,3,Two-Wheeler,4,1,Rainy,Expressway,Wet,Daylight,Signs,100,28,Unlicensed,No,Straight Road,1
Maharashtra,Pune,2024,February,Saturday,04:29,Minor,1,Auto-Rickshaw,3,0,Hazy,National Highway,Dry,Dark,Signals,85,50,Valid,No,Straight Road,0
Karnataka,Bengaluru,2020,September,Friday,22:42,Minor,1,Two-Wheeler,2,0,Clear,State Highway,Dry,Dark,Signs,50,25,Valid,Yes,Straight Road,0
Punjab,Amritsar,2023,October,Saturday,21:15,Fatal,3,Car,5,1,Rainy,Urban Road,Damaged,Dark,Signs,50,56,Valid,Yes,Straight Road,1
Karnataka,Unknown,2021,January,Thursday,07:00,Minor,1,Two-Wheeler,5,0,Clear,Urban Road,Dry,Daylight,No Control,60,31,Valid,No,Intersection,0
Bihar,Gaya,2020,July,Saturday,17:47,Serious,4,Two-Wheeler,3,0,Hazy,National Highway,Dry,Dusk,Police Checkpost,65,35,Valid,No,Straight Road,1
Punjab,Amritsar,2021,August,Tuesday,19:51,Serious,2,Two-Wheeler,3,0,Rainy,Urban Road,Wet,Dusk,Signs,60,33,Valid,No,Intersection,1
Maharashtra,Mumbai,2022,January,Saturday,06:37,Minor,1,Cycle,2,0,Clear,Urban Road,Dry,Dawn,No Control,40,37,Valid,No,Straight Road,0
West Bengal,Unknown,2024,September,Sunday,15:18,Minor,2,Two-Wheeler,3,0,Clear,Village Road,Dry,Daylight,No Control,20,57,Unlicensed,No,Bridge,0
Chhattisgarh,Unknown,2021,July,Sunday,20:22,Fatal,3,Truck,2,1,Stormy,National Highway,Wet,Dark,Signs,80,53,Expired,No,Straight Road,1
Karnataka,Unknown,2020,April,Saturday,14:28,Minor,4,Two-Wheeler,2,0,Clear,National Highway,Dry,Daylight,Signs,70,60,Valid,No,Straight Road,0
Maharashtra,Pune,2023,June,Friday,21:25,Fatal,3,Two-Wheeler,4,2,Clear,Expressway,Damaged,Dark,Signs,95,64,Unlicensed,Yes,Straight Road,1
Assam,Unknown,2021,September,Thursday,02:13,Minor,5,Truck,1,0,Rainy,Urban Road,Wet,Dark,Signals,35,32,Valid,Yes,Straight Road,0
Odisha,Cuttack,2020,August,Thursday,21:22,Serious,3,Truck,3,0,Clear,State Highway,Dry,Dark,No Control,70,25,Valid,No,Straight Road,1
Rajasthan,Jaipur,2021,October,Sunday,23:17,Fatal,5,Two-Wheeler,4,1,Clear,Urban Road,Under Construction,Dark,Signs,40,39,Valid,No,Intersection,1
Madhya Pradesh,Indore,2021,January,Friday,06:26,Fatal,4,Two-Wheeler,4,2,Foggy,National Highway,Dry,Dawn,Signs,90,41,Valid,No,Straight Road,1
Uttar Pradesh,Kanpur,2018,October,Thursday,12:22,Serious,1,Car,2,1,Clear,Expressway,Damaged,Daylight,Signs,90,19,Valid,No,Straight Road,1
Punjab,Unknown,2018,January,Saturday,16:31,Minor,3,Auto-Rickshaw,1,0,Clear,Urban Road,Dry,Daylight,Police Checkpost,30,47,Valid,No,Intersection,0
Rajasthan,Unknown,2022,August,Monday,20:48,Minor,2,Truck,2,0,Clear,Village Road,Dry,Dark,No Control,25,25,Valid,No,Curve,0
Maharashtra,Unknown,2019,May,Saturday,07:19,Minor,1,Auto-Rickshaw,2,0,Foggy,Urban Road,Under Construction,Daylight,No Control,50,32,Expired,No,Straight Road,0
Andhra Pradesh,Visakhapatnam,2021,January,Saturday,10:03,Minor,3,Two-Wheeler,1,0,Clear,Village Road,Dry,Daylight,No Control,40,46,Valid,No,Bridge,0
Chhattisgarh,Raipur,2023,September,Tuesday,19:49,Fatal,3,Car,4,2,Rainy,State Highway,Damaged,Dusk,Signs,75,43,Unlicensed,No,Straight Road,1
Haryana,Unknown,2019,July,Monday,11:11,Serious,3,Truck,3,0,Rainy,National Highway,Wet,Daylight,No Control,60,38,Valid,No,Intersection,1
Tamil Nadu,Chennai,2020,August,Saturday,16:55,Fatal,2,Auto-Rickshaw,1,1,Rainy,State Highway,Wet,Daylight,Signs,75,40,Expired,No,Curve,1
Maharashtra,Unknown,2024,May,Tuesday,15:31,Minor,1,Car,2,0,Clear,Village Road,Dry,Daylight,No Control,25,45,Unlicensed,No,Straight Road,0
Jharkhand,Ranchi,2018,April,Sunday,23:31,Serious,3,Two-Wheeler,4,0,Clear,Urban Road,Dry,Dark,Signs,30,30,Valid,Yes,Intersection,1
Jharkhand,Jamshedpur,2023,August,Monday,06:24,Serious,1,Car,2,0,Rainy,State Highway,Wet,Dawn,No Control,55,41,Valid,No,Straight Road,1
Rajasthan,Jodhpur,2019,March,Tuesday,22:42,Serious,1,Auto-Rickshaw,2,0,Clear,National Highway,Dry,Dark,No Control,95,37,Valid,No,Intersection,1
West Bengal,Durgapur,2024,October,Monday,15:39,Serious,3,Bus,2,0,Hazy,Urban Road,Dry,Daylight,No Control,45,39,Valid,No,Curve,1
Gujarat,Ahmedabad,2020,September,Saturday,21:55,Minor,1,Tractor,2,0,Clear,Urban Road,Dry,Dark,No Control,35,51,Valid,No,Straight Road,0
Karnataka,Unknown,2018,December,Friday,05:00,Serious,4,Truck,4,0,Hazy,Urban Road,Dry,Dark,No Control,55,40,Unlicensed,No,Straight Road,1
Maharashtra,Mumbai,2023,January,Sunday,16:11,Minor,1,Two-Wheeler,2,0,Clear,Urban Road,Dry,Daylight,Signs,40,54,Valid,Yes,Intersection,0
Maharashtra,Nagpur,2019,August,Sunday,19:16,Fatal,1,Two-Wheeler,3,1,Rainy,National Highway,Wet,Dusk,No Control,65,31,Valid,No,Curve,1
Uttar Pradesh,Agra,2020,July,Friday,19:11,Minor,1,Two-Wheeler,3,0,Rainy,Urban Road,Wet,Dusk,No Control,40,36,Valid,No,Intersection,0
Haryana,Gurugram,2021,November,Tuesday,00:56,Serious,2,Two-Wheeler,2,0,Clear,State Highway,Dry,Dark,Signs,75,19,Expired,No,Straight Road,1
Uttar Pradesh,Agra,2023,June,Monday,12:04,Serious,1,Truck,3,0,Hazy,National Highway,Dry,Daylight,Signs,70,25,Valid,No,Curve,1
Uttar Pradesh,Varanasi,2020,December,Sunday,05:07,Fatal,5,Two-Wheeler,2,1,Foggy,State Highway,Dry,Dawn,Signs,55,33,Valid,No,Straight Road,1
Madhya Pradesh,Bhopal,2024,March,Tuesday,06:26,Minor,2,Two-Wheeler,2,0,Clear,Village Road,Dry,Dawn,No Control,25,43,Expired,No,Straight Road,0
Uttar Pradesh,Agra,2021,November,Sunday,17:15,Serious,4,Two-Wheeler,2,1,Clear,National Highway,Dry,Daylight,Signals,90,31,Valid,No,Bridge,1
Uttar Pradesh,Agra,2020,July,Sunday,22:19,Fatal,3,Cycle,1,1,Rainy,State Highway,Wet,Dark,No Control,55,24,Expired,No,Straight Road,1
Madhya Pradesh,Indore,2020,December,Friday,16:36,Minor,2,Bus,1,0,Hazy,Urban Road,Dry,Daylight,Signals,45,41,Valid,No,Intersection,0
Karnataka,Mangaluru,2023,March,Friday,05:33,Serious,5,Two-Wheeler,2,0,Clear,State Highway,Dry,Dawn,Signs,70,18,Valid,No,Straight Road,1
West Bengal,Durgapur,2022,April,Sunday,08:51,Minor,1,Bus,1,0,Clear,Village Road,Dry,Daylight,Signs,20,18,Valid,No,Curve,0
Assam,Guwahati,2018,July,Saturday,11:27,Minor,2,Cycle,3,0,Rainy,Urban Road,Wet,Daylight,No Control,45,27,Valid,No,Intersection,0
Uttar Pradesh,Agra,2023,July,Saturday,06:56,Serious,3,Bus,4,0,Rainy,Urban Road,Damaged,Dawn,Signals,55,42,Unlicensed,No,Curve,1
Assam,Unknown,2020,February,Thursday,20:11,Minor,1,Car,2,0,Clear,State Highway,Dry,Dark,Signs,70,27,Valid,No,Straight Road,0
Odisha,Cuttack,2020,August,Thursday,07:11,Serious,1,Two-Wheeler,4,0,Rainy,National Highway,Dry,Daylight,No Control,65,38,Valid,No,Straight Road,1
Haryana,Unknown,2018,May,Wednesday,06:23,Minor,3,Bus,2,0,Clear,State Highway,Dry,Dark,Signs,65,46,Valid,No,Straight Road,0
West Bengal,Unknown,2024,February,Sunday,18:07,Fatal,2,Two-Wheeler,4,1,Clear,Urban Road,Under Construction,Dark,No Control,55,43,Unlicensed,Yes,Intersection,1
West Bengal,Kolkata,2018,July,Friday,06:01,Fatal,2,Two-Wheeler,2,2,Rainy,National Highway,Damaged,Dark,No Control,70,58,Valid,No,Straight Road,1
West Bengal,Kolkata,2024,September,Saturday,12:22,Minor,1,Two-Wheeler,1,0,Clear,Village Road,Dry,Daylight,No Control,25,39,Valid,No,Straight Road,0
Andhra Pradesh,Vijayawada,2018,January,Monday,14:32,Serious,2,Two-Wheeler,4,0,Clear,Expressway,Dry,Daylight,Signs,105,54,Valid,No,Curve,1
Maharashtra,Pune,2021,December,Sunday,04:16,Minor,3,Two-Wheeler,2,0,Rainy,Urban Road,Damaged,Dark,Signs,40,44,Valid,No,Straight Road,0
Chhattisgarh,Bilaspur,2018,August,Thursday,15:16,Minor,1,Two-Wheeler,1,0,Clear,State Highway,Dry,Daylight,No Control,70,32,Valid,No,Intersection,0
Madhya Pradesh,Bhopal,2021,April,Saturday,13:05,Minor,2,Two-Wheeler,4,0,Clear,Urban Road,Dry,Daylight,Signs,50,25,Valid,Yes,Straight Road,0
Bihar,Patna,2023,October,Monday,17:06,Serious,1,Car,3,0,Rainy,State Highway,Dry,Dark,No Control,50,39,Valid,No,Straight Road,1
Karnataka,Hubballi,2022,November,Sunday,08:52,Fatal,2,Tractor,2,1,Foggy,Expressway,Dry,Daylight,Signs,110,21,Valid,No,Straight Road,1
Maharashtra,Pune,2021,December,Friday,10:03,Serious,1,Two-Wheeler,2,0,Hazy,State Highway,Damaged,Daylight,Signs,80,34,Valid,No,Straight Road,1
Rajasthan,Unknown,2018,October,Thursday,17:42,Minor,3,Truck,3,0,Clear,Urban Road,Dry,Dusk,No Control,35,35,Valid,No,Straight Road,0
Rajasthan,Udaipur,2024,March,Wednesday,01:42,Serious,3,Two-Wheeler,3,1,Clear,National Highway,Damaged,Dark,Signals,85,51,Unlicensed,No,Curve,1
Gujarat,Ahmedabad,2020,February,Wednesday,05:12,Minor,2,Truck,4,0,Clear,Urban Road,Dry,Dark,Police Checkpost,40,28,Unlicensed,No,Straight Road,0
Karnataka,Mangaluru,2021,March,Wednesday,09:14,Minor,1,Two-Wheeler,2,0,Hazy,State Highway,Dry,Daylight,Signs,70,42,Valid,No,Intersection,0
Tamil Nadu,Madurai,2024,November,Monday,05:22,Serious,2,Auto-Rickshaw,2,0,Clear,National Highway,Under Construction,Dawn,Signs,85,25,Valid,No,Straight Road,1
Rajasthan,Udaipur,2022,April,Thursday,01:39,Minor,2,Two-Wheeler,2,0,Clear,State Highway,Dry,Dark,No Control,65,47,Valid,No,Straight Road,0
Karnataka,Hubballi,2023,April,Thursday,23:02,Minor,1,Two-Wheeler,2,0,Clear,National Highway,Dry,Dark,No Control,65,55,Valid,No,Bridge,0
Uttarakhand,Dehradun,2019,November,Thursday,12:48,Minor,4,Truck,1,0,Clear,National Highway,Dry,Daylight,Signs,85,27,Valid,No,Straight Road,0
Uttar Pradesh,Unknown,2021,March,Saturday,14:20,Minor,4,Truck,2,0,Clear,Village Road,Dry,Daylight,Police Checkpost,35,39,Valid,No,Bridge,0
Tamil Nadu,Coimbatore,2021,May,Thursday,08:29,Serious,3,Car,2,0,Clear,National Highway,Dry,Daylight,Signs,85,68,Valid,No,Straight Road,1
Tamil Nadu,Unknown,2019,April,Monday,00:54,Minor,1,Two-Wheeler,2,0,Clear,Urban Road,Dry,Dark,Signals,35,28,Valid,No,Intersection,0
Madhya Pradesh,Unknown,2020,April,Sunday,18:07,Fatal,2,Truck,3,1,Rainy,National Highway,Under Construction,Daylight,Signals,90,20,Valid,Yes,Straight Road,1
Rajasthan,Udaipur,2023,August,Thursday,18:56,Minor,3,Tractor,2,0,Hazy,Urban Road,Damaged,Dusk,Signs,35,40,Unlicensed,No,Intersection,0
West Bengal,Kolkata,2024,September,Friday,23:36,Fatal,5,Truck,1,1,Rainy,Expressway,Wet,Dark,Signs,85,24,Valid,No,Bridge,1
Chhattisgarh,Bilaspur,2023,April,Sunday,00:25,Fatal,2,Two-Wheeler,2,1,Clear,State Highway,Damaged,Dark,No Control,60,41,Valid,No,Straight Road,1
Tamil Nadu,Unknown,2024,January,Saturday,06:04,Fatal,3,Cycle,2,1,Hazy,Expressway,Under Construction,Dark,Signs,85,47,Valid,No,Straight Road,1
Andhra Pradesh,Visakhapatnam,2024,August,Friday,17:04,Minor,1,Truck,1,0,Clear,Urban Road,Under Construction,Dusk,Signs,40,25,Valid,No,Intersection,0
Maharashtra,Nashik,2019,July,Friday,10:49,Serious,2,Car,2,0,Clear,Urban Road,Under Construction,Daylight,No Control,35,19,Unlicensed,No,Intersection,1
Tamil Nadu,Chennai,2023,August,Sunday,03:24,Fatal,3,Two-Wheeler,3,1,Rainy,National Highway,Wet,Dark,Signals,65,49,Valid,No,Curve,1
Gujarat,Unknown,2022,June,Saturday,09:45,Fatal,3,Two-Wheeler,3,1,Rainy,Expressway,Damaged,Daylight,Signs,120,58,Valid,No,Straight Road,1
Maharashtra,Mumbai,2024,October,Tuesday,04:49,Minor,2,Car,2,0,Clear,Village Road,Dry,Dark,Police Checkpost,35,33,Expired,No,Curve,0
West Bengal,Durgapur,2022,August,Friday,19:24,Serious,2,Car,2,0,Clear,National Highway,Dry,Dusk,No Control,75,54,Valid,No,Straight Road,1
Telangana,Hyderabad,2018,October,Sunday,20:18,Serious,5,Two-Wheeler,5,0,Clear,National Highway,Damaged,Dark,Signals,75,58,Valid,No,Intersection,1
Kerala,Kozhikode,2021,September,Saturday,16:16,Minor,5,Truck,2,0,Rainy,State Highway,Wet,Daylight,Signs,60,46,Valid,No,Curve,0
Rajasthan,Jodhpur,2023,June,Monday,11:38,Fatal,1,Two-Wheeler,4,1,Rainy,National Highway,Wet,Daylight,No Control,90,39,Valid,No,Bridge,1
West Bengal,Kolkata,2018,April,Thursday,18:42,Serious,4,Auto-Rickshaw,2,1,Clear,State Highway,Dry,Daylight,No Control,55,45,Valid,No,Straight Road,1
Karnataka,Mangaluru,2021,July,Thursday,16:20,Serious,2,Two-Wheeler,3,0,Rainy,Expressway,Wet,Daylight,Signs,85,47,Valid,No,Curve,1
Maharashtra,Unknown,2022,August,Tuesday,19:34,Serious,4,Tractor,2,1,Stormy,Village Road,Damaged,Dark,No Control,30,18,Valid,No,Curve,1
Maharashtra,Unknown,2021,July,Saturday,14:32,Minor,3,Truck,2,0,Rainy,State Highway,Wet,Daylight,Signs,55,36,Valid,No,Straight Road,0
Telangana,Hyderabad,2023,July,Thursday,22:08,Fatal,3,Bus,2,1,Rainy,State Highway,Wet,Dark,Signs,75,21,Valid,No,Straight Road,1
Goa,Panaji,2018,May,Wednesday,09:31,Minor,2,Two-Wheeler,2,0,Clear,Urban Road,Dry,Dawn,Signals,40,26,Valid,No,Straight Road,0
Maharashtra,Unknown,2020,February,Wednesday,16:45,Minor,1,Two-Wheeler,1,0,Clear,Village Road,Dry,Daylight,No Control,35,41,Unlicensed,No,Straight Road,0
Madhya Pradesh,Indore,2024,June,Sunday,19:57,Serious,2,Bus,2,0,Rainy,Urban Road,Wet,Dark,Police Checkpost,40,36,Valid,Yes,Intersection,1
Kerala,Thiruvananthapuram,2021,November,Sunday,20:20,Minor,3,Auto-Rickshaw,1,0,Clear,Village Road,Dry,Dark,No Control,25,37,Valid,Yes,Curve,0
Haryana,Faridabad,2019,September,Saturday,22:14,Serious,2,Car,2,0,Stormy,Urban Road,Wet,Dark,No Control,40,35,Valid,No,Intersection,1
Madhya Pradesh,Bhopal,2018,October,Sunday,11:53,Minor,1,Car,1,0,Clear,Urban Road,Under Construction,Daylight,Signals,55,35,Valid,No,Intersection,0
West Bengal,Kolkata,2022,September,Sunday,17:55,Serious,1,Car,3,0,Hazy,National Highway,Dry,Dusk,Signals,65,37,Valid,Yes,Straight Road,1
Andhra Pradesh,Vijayawada,2024,December,Thursday,09:49,Minor,3,Truck,1,0,Foggy,Village Road,Under Construction,Daylight,Signs,40,56,Valid,No,Straight Road,0
Delhi,New Delhi,2018,March,Monday,17:20,Minor,3,Bus,1,0,Clear,Urban Road,Dry,Dusk,Signs,30,45,Valid,Yes,Curve,0
Maharashtra,Nashik,2018,September,Saturday,07:16,Minor,2,Car,2,0,Clear,Urban Road,Dry,Daylight,Police Checkpost,50,26,Unlicensed,No,Curve,0
Jharkhand,Unknown,2020,January,Friday,12:37,Serious,4,Bus,2,0,Foggy,Urban Road,Under Construction,Daylight,Signs,50,32,Valid,No,Intersection,1
Maharashtra,Unknown,2019,March,Wednesday,21:15,Serious,3,Truck,3,0,Clear,National Highway,Dry,Dark,Police Checkpost,85,45,Valid,No,Straight Road,1
Haryana,Faridabad,2018,January,Sunday,19:46,Minor,3,Auto-Rickshaw,1,0,Hazy,State Highway,Dry,Dark,No Control,50,34,Valid,No,Intersection,0
Maharashtra,Nagpur,2020,June,Wednesday,13:23,Serious,5,Bus,2,0,Stormy,Village Road,Wet,Daylight,No Control,35,43,Valid,No,Curve,1
Uttar Pradesh,Kanpur,2022,February,Sunday,06:19,Serious,3,Car,3,0,Clear,State Highway,Dry,Dawn,Signs,50,37,Valid,Yes,Straight Road,1
Maharashtra,Mumbai,2023,May,Friday,11:48,Fatal,3,Bus,5,2,Rainy,National Highway,Wet,Daylight,Signs,90,40,Unlicensed,No,Bridge,1
Gujarat,Unknown,2020,February,Monday,06:21,Minor,1,Car,1,0,Hazy,Urban Road,Dry,Daylight,Signals,55,52,Valid,No,Curve,0
Tamil Nadu,Coimbatore,2022,January,Sunday,03:07,Fatal,2,Truck,2,1,Rainy,State Highway,Wet,Dark,No Control,75,42,Valid,No,Straight Road,1
Uttar Pradesh,Lucknow,2023,June,Saturday,21:47,Serious,1,Two-Wheeler,3,0,Rainy,Urban Road,Wet,Dark,Signals,40,60,Valid,Yes,Curve,1
Gujarat,Unknown,2018,May,Friday,13:18,Minor,1,Bus,3,0,Clear,Urban Road,Dry,Daylight,Signals,50,29,Valid,No,Straight Road,0
Karnataka,Bengaluru,2023,June,Friday,04:39,Minor,2,Two-Wheeler,2,0,Hazy,Urban Road,Damaged,Dark,No Control,35,26,Valid,No,Curve,0
Bihar,Patna,2019,May,Tuesday,18:39,Fatal,4,Two-Wheeler,1,1,Clear,Expressway,Dry,Dark,Signs,100,42,Valid,No,Straight Road,1
Odisha,Bhubaneswar,2022,May,Tuesday,04:04,Minor,2,Two-Wheeler,1,0,Clear,State Highway,Dry,Dark,Police Checkpost,70,34,Unlicensed,No,Straight Road,0
Telangana,Unknown,2023,January,Monday,11:02,Serious,1,Bus,2,0,Foggy,Expressway,Dry,Daylight,No Control,85,39,Valid,No,Straight Road,1
Maharashtra,Pune,2023,June,Tuesday,08:49,Minor,5,Car,1,0,Clear,Urban Road,Wet,Daylight,Signs,55,41,Valid,No,Intersection,0
Tamil Nadu,Madurai,2020,November,Wednesday,07:03,Minor,2,Car,1,0,Clear,Village Road,Dry,Daylight,No Control,25,22,Valid,No,Curve,0
Assam,Guwahati,2022,February,Friday,14:19,Serious,1,Cycle,5,0,Clear,Village Road,Dry,Daylight,No Control,40,18,Valid,No,Curve,1
Maharashtra,Nagpur,2018,February,Monday,18:45,Serious,2,Truck,4,0,Clear,National Highway,Under Construction,Dusk,No Control,65,46,Valid,No,Straight Road,1
Karnataka,Mysuru,2021,October,Friday,13:10,Minor,2,Auto-Rickshaw,3,0,Clear,Urban Road,Dry,Daylight,No Control,35,20,Valid,No,Curve,0
Jharkhand,Jamshedpur,2024,July,Wednesday,19:31,Minor,2,Two-Wheeler,5,0,Rainy,National Highway,Wet,Dusk,No Control,90,31,Valid,No,Straight Road,0
Chhattisgarh,Bilaspur,2019,April,Tuesday,21:06,Minor,2,Two-Wheeler,3,0,Clear,Urban Road,Dry,Dark,Signals,35,35,Valid,No,Curve,0
Karnataka,Mangaluru,2019,October,Sunday,19:33,Fatal,5,Two-Wheeler,2,1,Clear,National Highway,Dry,Daylight,No Control,100,36,Valid,No,Straight Road,1
Telangana,Hyderabad,2022,April,Sunday,22:42,Serious,1,Auto-Rickshaw,4,0,Clear,National Highway,Dry,Dusk,No Control,95,46,Valid,No,Straight Road,1
Gujarat,Vadodara,2021,August,Saturday,21:14,Minor,1,Truck,1,0,Clear,Village Road,Dry,Dark,Signs,20,45,Valid,No,Intersection,0
Kerala,Kozhikode,2021,July,Monday,19:16,Minor,1,Car,2,0,Stormy,Village Road,Under Construction,Dusk,Signs,35,40,Valid,No,Curve,0
Maharashtra,Nashik,2019,March,Saturday,09:31,Minor,1,Cycle,2,0,Clear,Urban Road,Under Construction,Daylight,Signs,45,44,Valid,No,Intersection,0
Uttar Pradesh,Agra,2019,October,Tuesday,07:47,Serious,2,Truck,2,0,Clear,State Highway,Dry,Daylight,No Control,75,25,Valid,No,Straight Road,1
West Bengal,Durgapur,2023,August,Friday,18:32,Serious,3,Bus,4,0,Rainy,Village Road,Wet,Dark,No Control,35,28,Valid,No,Curve,1
Uttar Pradesh,Kanpur,2020,March,Sunday,20:42,Fatal,1,Two-Wheeler,2,1,Clear,Expressway,Dry,Dark,Signs,90,80,Valid,No,Intersection,1
Telangana,Unknown,2023,October,Wednesday,19:24,Minor,2,Auto-Rickshaw,2,0,Clear,National Highway,Under Construction,Dusk,Signals,60,39,Valid,No,Straight Road,0
Karnataka,Mysuru,2021,August,Sunday,16:07,Minor,2,Car,2,0,Rainy,National Highway,Wet,Daylight,Signs,70,48,Valid,No,Straight Road,0
Odisha,Bhubaneswar,2020,November,Saturday,19:57,Minor,4,Two-Wheeler,2,0,Clear,Village Road,Dry,Dusk,No Control,30,23,Valid,No,Bridge,0
Punjab,Amritsar,2019,October,Wednesday,17:47,Serious,2,Two-Wheeler,3,0,Clear,National Highway,Under Construction,Dusk,Police Checkpost,80,46,Valid,No,Curve,1
Rajasthan,Unknown,2022,April,Monday,17:02,Minor,2,Car,1,0,Clear,Urban Road,Under Construction,Dark,Signals,55,34,Valid,No,Straight Road,0
Bihar,Unknown,2019,December,Saturday,02:16,Fatal,2,Car,3,2,Foggy,Urban Road,Dry,Dark,No Control,55,31,Valid,No,Straight Road,1
Tamil Nadu,Coimbatore,2024,January,Thursday,13:24,Minor,2,Two-Wheeler,1,0,Foggy,Urban Road,Dry,Daylight,Signals,40,58,Valid,No,Intersection,0
Rajasthan,Udaipur,2020,May,Monday,01:04,Serious,2,Two-Wheeler,2,0,Hazy,National Highway,Damaged,Dark,Signals,65,55,Valid,No,Curve,1
Uttar Pradesh,Varanasi,2023,August,Monday,05:51,Serious,3,Car,3,0,Rainy,Urban Road,Wet,Dark,Signs,50,37,Valid,No,Intersection,1
Delhi,New Delhi,2021,July,Sunday,14:10,Minor,3,Two-Wheeler,1,0,Clear,Urban Road,Under Construction,Daylight,Signs,50,40,Valid,No,Intersection,0
Haryana,Gurugram,2020,March,Tuesday,02:12,Serious,2,Tractor,2,0,Clear,Village Road,Dry,Dark,No Control,30,32,Valid,Yes,Straight Road,1
Odisha,Bhubaneswar,2021,March,Sunday,21:19,Minor,3,Auto-Rickshaw,1,0,Clear,Urban Road,Dry,Dark,Signals,50,23,Valid,No,Curve,0
Delhi,New Delhi,2021,October,Saturday,12:56,Serious,4,Two-Wheeler,4,0,Clear,Village Road,Under Construction,Daylight,No Control,35,38,Valid,Yes,Intersection,1
Chhattisgarh,Raipur,2021,November,Wednesday,17:13,Serious,3,Auto-Rickshaw,2,0,Clear,National Highway,Under Construction,Dusk,Signals,75,40,Valid,No,Straight Road,1
Uttar Pradesh,Unknown,2024,September,Wednesday,06:25,Minor,1,Car,2,0,Rainy,National Highway,Wet,Daylight,Signals,70,50,Valid,No,Straight Road,0
Jharkhand,Ranchi,2022,July,Saturday,20:40,Fatal,1,Two-Wheeler,3,1,Rainy,Expressway,Damaged,Dark,Signs,110,44,Unlicensed,No,Straight Road,1
Madhya Pradesh,Bhopal,2018,October,Thursday,13:09,Serious,2,Bus,2,0,Clear,National Highway,Dry,Daylight,No Control,65,25,Valid,No,Straight Road,1
Gujarat,Vadodara,2018,March,Monday,15:05,Serious,3,Two-Wheeler,3,0,Rainy,National Highway,Damaged,Daylight,Signs,60,18,Valid,No,Curve,1
Madhya Pradesh,Indore,2018,December,Tuesday,17:05,Minor,2,Car,1,0,Hazy,National Highway,Dry,Dusk,Signs,60,33,Valid,No,Curve,0
Karnataka,Mysuru,2022,February,Sunday,14:11,Minor,4,Truck,2,0,Clear,Urban Road,Wet,Daylight,No Control,40,22,Valid,No,Intersection,0
Tamil Nadu,Madurai,2019,August,Saturday,15:19,Minor,2,Auto-Rickshaw,1,0,Clear,Urban Road,Dry,Daylight,Signs,45,36,Valid,No,Straight Road,0
Uttar Pradesh,Kanpur,2020,May,Thursday,18:56,Serious,3,Two-Wheeler,4,0,Clear,Village Road,Dry,Dark,No Control,30,42,Valid,No,Curve,1
Maharashtra,Nashik,2023,November,Tuesday,19:55,Serious,4,Car,3,0,Clear,National Highway,Dry,Dusk,No Control,65,41,Valid,No,Straight Road,1
Rajasthan,Jodhpur,2018,March,Thursday,09:34,Serious,2,Auto-Rickshaw,5,0,Clear,State Highway,Dry,Daylight,Signs,60,32,Valid,Yes,Curve,1
Odisha,Bhubaneswar,2019,August,Saturday,21:56,Serious,3,Auto-Rickshaw,4,0,Clear,State Highway,Dry,Dark,No Control,70,42,Valid,No,Curve,1
West Bengal,Durgapur,2018,February,Monday,10:01,Fatal,3,Two-Wheeler,2,1,Clear,Expressway,Dry,Daylight,Signs,90,54,Expired,No,Curve,1
Rajasthan,Jaipur,2019,March,Sunday,09:33,Minor,6,Two-Wheeler,2,0,Clear,Urban Road,Under Construction,Daylight,Police Checkpost,45,42,Valid,No,Straight Road,0
Gujarat,Unknown,2018,May,Sunday,09:26,Fatal,3,Two-Wheeler,5,3,Clear,State Highway,Dry,Daylight,No Control,60,42,Valid,Yes,Intersection,1
Gujarat,Surat,2022,October,Wednesday,10:07,Serious,4,Two-Wheeler,2,0,Clear,State Highway,Dry,Daylight,Signs,75,31,Valid,No,Curve,1
Uttar Pradesh,Kanpur,2023,April,Sunday,09:33,Minor,1,Auto-Rickshaw,1,0,Hazy,State Highway,Dry,Daylight,No Control,65,39,Valid,No,Intersection,0
Haryana,Faridabad,2019,September,Saturday,19:27,Minor,4,Two-Wheeler,3,0,Rainy,Urban Road,Dry,Dusk,No Control,55,56,Valid,No,Straight Road,0
Uttar Pradesh,Kanpur,2021,July,Friday,15:45,Fatal,3,Cycle,6,3,Hazy,Urban Road,Dry,Daylight,Signs,40,37,Unlicensed,No,Intersection,1
Andhra Pradesh,Visakhapatnam,2020,December,Tuesday,22:25,Serious,1,Two-Wheeler,3,0,Hazy,Urban Road,Damaged,Dark,No Control,40,33,Unlicensed,No,Intersection,1
Bihar,Gaya,2018,April,Sunday,04:25,Serious,2,Two-Wheeler,2,0,Rainy,Urban Road,Wet,Dark,Signals,50,52,Valid,No,Straight Road,1
Madhya Pradesh,Indore,2021,March,Thursday,16:13,Minor,2,Two-Wheeler,1,0,Clear,National Highway,Dry,Daylight,Signals,70,35,Expired,No,Curve,0
Delhi,New Delhi,2022,November,Saturday,05:28,Minor,2,Truck,2,0,Hazy,Urban Road,Dry,Dawn,Signals,50,45,Valid,No,Straight Road,0
Tamil Nadu,Chennai,2019,April,Wednesday,13:04,Minor,5,Two-Wheeler,1,0,Clear,Urban Road,Dry,Daylight,Signs,30,40,Valid,No,Intersection,0
Odisha,Cuttack,2023,March,Wednesday,11:33,Serious,2,Tractor,2,0,Clear,National Highway,Dry,Daylight,Signs,95,44,Valid,Yes,Straight Road,1
Kerala,Kochi,2024,October,Sunday,17:22,Minor,1,Two-Wheeler,1,0,Clear,Urban Road,Dry,Dusk,Signs,50,48,Valid,No,Intersection,0
Punjab,Unknown,2018,October,Thursday,18:16,Minor,2,Auto-Rickshaw,1,0,Clear,Village Road,Dry,Daylight,No Control,30,53,Valid,No,Straight Road,0
Telangana,Hyderabad,2019,January,Monday,08:22,Minor,2,Two-Wheeler,2,0,Rainy,Urban Road,Damaged,Daylight,Signals,45,50,Valid,No,Straight Road,0
Haryana,Gurugram,2020,November,Saturday,07:53,Minor,1,Truck,2,0,Clear,Urban Road,Under Construction,Daylight,No Control,40,55,Valid,No,Intersection,0
Goa,Panaji,2023,August,Tuesday,12:42,Minor,3,Car,1,0,Clear,Urban Road,Dry,Daylight,No Control,40,35,Valid,No,Intersection,0
Karnataka,Hubballi,2018,April,Sunday,08:51,Serious,1,Bus,4,0,Clear,State Highway,Dry,Daylight,Signs,60,23,Valid,No,Curve,1
Punjab,Unknown,2021,July,Sunday,17:23,Fatal,4,Truck,1,1,Rainy,National Highway,Wet,Dusk,Signs,90,36,Valid,No,Bridge,1
Kerala,Kochi,2021,March,Monday,14:23,Minor,4,Two-Wheeler,1,0,Hazy,Urban Road,Dry,Daylight,Signals,35,72,Valid,No,Curve,0
Gujarat,Unknown,2018,March,Friday,19:00,Minor,3,Two-Wheeler,3,0,Rainy,National Highway,Wet,Dusk,Signals,70,36,Valid,No,Straight Road,0
Jharkhand,Ranchi,2018,February,Sunday,23:40,Minor,3,Car,4,0,Clear,Urban Road,Dry,Dark,Signs,40,18,Valid,No,Intersection,0
Karnataka,Mangaluru,2018,February,Sunday,11:01,Minor,3,Car,1,0,Clear,Urban Road,Dry,Daylight,Signals,45,70,Unlicensed,No,Curve,0
Madhya Pradesh,Indore,2018,July,Thursday,21:58,Serious,2,Auto-Rickshaw,3,0,Clear,National Highway,Dry,Dark,Signals,70,40,Valid,No,Intersection,1
Maharashtra,Mumbai,2021,October,Saturday,18:41,Fatal,1,Two-Wheeler,5,1,Clear,Expressway,Dry,Dark,Signs,95,28,Valid,Yes,Curve,1
Uttar Pradesh,Varanasi,2024,June,Friday,06:27,Minor,2,Two-Wheeler,1,0,Rainy,Village Road,Wet,Daylight,Police Checkpost,35,24,Valid,No,Curve,0
Haryana,Gurugram,2020,January,Tuesday,19:39,Fatal,1,Two-Wheeler,1,1,Hazy,National Highway,Damaged,Dusk,Signs,70,39,Valid,Yes,Curve,1
Karnataka,Bengaluru,2019,June,Friday,13:59,Minor,2,Truck,1,0,Rainy,Urban Road,Wet,Daylight,No Control,35,47,Valid,No,Straight Road,0
Karnataka,Unknown,2019,September,Wednesday,17:09,Minor,1,Two-Wheeler,1,0,Clear,National Highway,Dry,Daylight,Signals,90,46,Valid,No,Intersection,0
Tamil Nadu,Chennai,2024,November,Wednesday,17:44,Serious,2,Car,2,0,Clear,Expressway,Dry,Dusk,Signs,90,49,Valid,No,Curve,1
Rajasthan,Jaipur,2024,September,Thursday,20:51,Minor,1,Car,2,0,Rainy,Urban Road,Wet,Dark,Signals,50,20,Valid,No,Straight Road,0
Punjab,Ludhiana,2022,May,Sunday,18:35,Minor,1,Car,2,0,Clear,Urban Road,Dry,Dusk,Signs,60,24,Expired,No,Curve,0
Odisha,Bhubaneswar,2021,August,Tuesday,19:39,Fatal,2,Car,1,1,Rainy,Expressway,Wet,Dusk,Signs,100,38,Valid,No,Bridge,1
Maharashtra,Mumbai,2019,January,Tuesday,10:30,Minor,2,Car,1,0,Rainy,Urban Road,Wet,Daylight,Signals,45,51,Valid,No,Intersection,0
Madhya Pradesh,Bhopal,2024,May,Monday,23:09,Minor,5,Tractor,1,0,Clear,Village Road,Dry,Dark,No Control,35,33,Valid,No,Bridge,0
Gujarat,Unknown,2018,July,Tuesday,17:58,Minor,2,Car,3,0,Hazy,National Highway,Dry,Dusk,No Control,65,18,Unlicensed,No,Straight Road,0
West Bengal,Unknown,2019,January,Sunday,18:17,Serious,3,Auto-Rickshaw,3,0,Clear,National Highway,Dry,Dark,Signals,65,48,Valid,Yes,Straight Road,1
Gujarat,Ahmedabad,2022,January,Thursday,20:23,Fatal,5,Car,3,2,Clear,State Highway,Under Construction,Dawn,No Control,55,18,Unlicensed,No,Straight Road,1
Karnataka,Mysuru,2019,October,Tuesday,06:58,Minor,2,Car,1,0,Clear,Village Road,Dry,Dark,Signs,30,32,Valid,No,Straight Road,0
Gujarat,Ahmedabad,2018,March,Sunday,10:03,Serious,4,Bus,2,0,Clear,National Highway,Dry,Daylight,Signals,95,47,Valid,No,Straight Road,1
Madhya Pradesh,Bhopal,2022,February,Monday,19:24,Serious,3,Tractor,4,0,Clear,State Highway,Dry,Dark,No Control,70,47,Expired,No,Bridge,1
Rajasthan,Jodhpur,2018,August,Thursday,21:33,Serious,3,Two-Wheeler,3,0,Clear,Village Road,Under Construction,Dark,No Control,35,18,Unlicensed,No,Straight Road,1
Gujarat,Surat,2019,April,Saturday,18:14,Fatal,1,Car,2,2,Clear,National Highway,Dry,Dusk,No Control,75,49,Unlicensed,No,Bridge,1
Punjab,Unknown,2022,December,Saturday,13:40,Minor,1,Two-Wheeler,1,0,Hazy,Urban Road,Dry,Daylight,Signals,55,54,Valid,No,Intersection,0
Kerala,Unknown,2019,December,Tuesday,08:31,Fatal,2,Two-Wheeler,1,1,Hazy,National Highway,Dry,Daylight,Signs,90,46,Unlicensed,No,Straight Road,1
Karnataka,Mysuru,2023,October,Saturday,14:15,Serious,2,Auto-Rickshaw,2,0,Hazy,National Highway,Under Construction,Daylight,Signs,65,35,Valid,No,Straight Road,1
Punjab,Ludhiana,2018,April,Friday,11:12,Serious,3,Tractor,4,0,Hazy,State Highway,Dry,Daylight,Signs,65,43,Valid,No,Curve,1
Delhi,New Delhi,2022,November,Friday,20:17,Minor,2,Truck,2,0,Foggy,Village Road,Dry,Dark,No Control,30,29,Valid,No,Bridge,0
Uttar Pradesh,Kanpur,2018,April,Wednesday,15:47,Serious,3,Car,3,0,Clear,National Highway,Dry,Daylight,Signals,75,51,Valid,No,Straight Road,1
Madhya Pradesh,Unknown,2023,March,Saturday,11:31,Minor,2,Truck,1,0,Stormy,State Highway,Dry,Daylight,Signs,75,56,Valid,No,Straight Road,0
Tamil Nadu,Chennai,2023,December,Friday,13:47,Minor,4,Tractor,2,0,Foggy,Urban Road,Dry,Daylight,Signals,40,33,Expired,No,Curve,0
Kerala,Unknown,2023,September,Saturday,21:43,Fatal,4,Cycle,2,1,Rainy,State Highway,Wet,Dark,Signs,70,47,Valid,No,Curve,1
Uttar Pradesh,Kanpur,2019,February,Sunday,16:48,Minor,1,Auto-Rickshaw,1,0,Clear,Urban Road,Dry,Daylight,Police Checkpost,50,50,Valid,No,Intersection,0
Telangana,Hyderabad,2019,November,Sunday,08:51,Minor,4,Car,2,0,Clear,Urban Road,Dry,Daylight,No Control,35,35,Valid,No,Intersection,0
Tamil Nadu,Madurai,2024,February,Saturday,14:37,Minor,3,Two-Wheeler,1,0,Clear,Village Road,Dry,Daylight,Signs,20,18,Valid,No,Curve,0
Rajasthan,Udaipur,2023,September,Wednesday,13:21,Minor,3,Two-Wheeler,4,0,Rainy,Village Road,Damaged,Daylight,No Control,35,40,Valid,No,Straight Road,0
Chhattisgarh,Bilaspur,2019,June,Monday,09:41,Fatal,2,Two-Wheeler,2,1,Rainy,National Highway,Wet,Daylight,Police Checkpost,95,18,Valid,No,Curve,1
Karnataka,Mysuru,2018,January,Friday,18:56,Serious,2,Two-Wheeler,2,0,Hazy,Urban Road,Dry,Dark,Signals,60,57,Valid,No,Straight Road,1
Delhi,New Delhi,2020,October,Monday,09:19,Minor,4,Two-Wheeler,2,0,Clear,Urban Road,Dry,Daylight,Police Checkpost,30,45,Valid,No,Intersection,0
Jammu and Kashmir,Unknown,2022,September,Saturday,13:29,Serious,3,Truck,3,0,Clear,State Highway,Dry,Daylight,Signs,70,35,Valid,No,Curve,1
Delhi,New Delhi,2020,November,Saturday,12:52,Minor,4,Auto-Rickshaw,4,0,Clear,Urban Road,Dry,Daylight,Signals,35,49,Valid,No,Curve,0
Uttar Pradesh,Varanasi,2023,August,Friday,13:35,Minor,3,Bus,2,0,Rainy,Village Road,Wet,Dawn,Signs,30,24,Valid,No,Straight Road,0
Punjab,Amritsar,2021,October,Tuesday,15:08,Serious,6,Two-Wheeler,3,0,Clear,Urban Road,Dry,Daylight,Signals,55,51,Valid,No,Intersection,1
Maharashtra,Pune,2024,November,Sunday,17:21,Minor,1,Two-Wheeler,2,0,Clear,Urban Road,Wet,Daylight,Signals,35,40,Unlicensed,No,Straight Road,0
Karnataka,Unknown,2024,December,Friday,06:15,Fatal,2,Tractor,4,2,Foggy,National Highway,Dry,Dawn,No Control,75,41,Valid,No,Curve,1
Delhi,New Delhi,2021,July,Thursday,09:28,Minor,3,Tractor,1,0,Clear,Urban Road,Dry,Daylight,Signs,45,33,Valid,No,Straight Road,0
Andhra Pradesh,Visakhapatnam,2023,January,Friday,18:59,Minor,2,Tractor,1,0,Clear,Urban Road,Damaged,Dusk,No Control,45,34,Valid,No,Curve,0
Rajasthan,Jaipur,2021,May,Monday,21:50,Minor,2,Cycle,2,0,Clear,State Highway,Dry,Dark,Signs,50,44,Valid,No,Straight Road,0
Karnataka,Mangaluru,2018,August,Saturday,02:57,Fatal,3,Two-Wheeler,3,1,Rainy,Expressway,Dry,Dusk,Signs,95,26,Expired,No,Straight Road,1
Punjab,Ludhiana,2020,February,Monday,04:44,Fatal,3,Bus,4,2,Clear,Expressway,Dry,Dark,Signs,115,22,Unlicensed,No,Straight Road,1
Andhra Pradesh,Vijayawada,2020,February,Friday,21:30,Serious,1,Two-Wheeler,2,0,Clear,Expressway,Dry,Dark,Signs,85,50,Valid,No,Intersection,1
Gujarat,Ahmedabad,2024,May,Tuesday,06:39,Minor,3,Two-Wheeler,1,0,Rainy,Urban Road,Wet,Dark,Signs,40,43,Valid,No,Intersection,0
Odisha,Bhubaneswar,2023,November,Tuesday,23:29,Minor,3,Car,1,0,Clear,Urban Road,Dry,Dark,No Control,50,26,Valid,No,Straight Road,0
Uttar Pradesh,Varanasi,2019,April,Tuesday,19:02,Serious,6,Bus,5,1,Clear,State Highway,Dry,Dusk,No Control,60,38,Valid,No,Bridge,1
Uttar Pradesh,Kanpur,2018,December,Monday,06:07,Minor,3,Car,1,0,Clear,Expressway,Dry,Dawn,Signs,105,38,Valid,No,Straight Road,0
West Bengal,Siliguri,2021,October,Sunday,05:33,Serious,3,Two-Wheeler,3,0,Stormy,State Highway,Wet,Dawn,Signs,60,28,Valid,No,Straight Road,1
Himachal Pradesh,Shimla,2021,April,Saturday,23:39,Fatal,1,Auto-Rickshaw,3,2,Clear,National Highway,Dry,Dark,Signs,65,40,Valid,No,Intersection,1
Tamil Nadu,Coimbatore,2023,March,Monday,08:15,Serious,2,Two-Wheeler,3,0,Hazy,National Highway,Dry,Daylight,Police Checkpost,95,37,Valid,No,Straight Road,1
Tamil Nadu,Chennai,2019,October,Monday,14:01,Minor,1,Bus,4,0,Hazy,Village Road,Dry,Daylight,No Control,35,48,Valid,No,Straight Road,0
Uttar Pradesh,Kanpur,2023,October,Saturday,08:04,Fatal,4,Bus,2,1,Stormy,State Highway,Damaged,Daylight,Signs,60,42,Valid,No,Curve,1
Delhi,New Delhi,2020,August,Monday,16:18,Minor,2,Two-Wheeler,1,0,Stormy,Urban Road,Under Construction,Daylight,Signs,30,31,Expired,No,Straight Road,0
Uttar Pradesh,Lucknow,2020,December,Thursday,19:51,Minor,1,Car,2,0,Clear,Urban Road,Dry,Dusk,No Control,45,30,Valid,No,Intersection,0
Rajasthan,Udaipur,2020,February,Monday,17:25,Serious,1,Two-Wheeler,3,0,Clear,State Highway,Wet,Dusk,Signs,75,42,Expired,No,Intersection,1
Goa,Panaji,2024,May,Friday,02:58,Fatal,2,Truck,1,1,Foggy,Village Road,Wet,Dark,Signs,30,18,Expired,No,Intersection,1
Maharashtra,Mumbai,2020,August,Sunday,16:53,Minor,3,Truck,1,0,Rainy,Village Road,Wet,Daylight,No Control,35,23,Valid,No,Straight Road,0
Madhya Pradesh,Gwalior,2021,January,Tuesday,17:51,Fatal,1,Two-Wheeler,2,1,Hazy,National Highway,Under Construction,Daylight,No Control,80,35,Valid,Yes,Straight Road,1
Rajasthan,Unknown,2024,December,Sunday,07:58,Fatal,1,Truck,1,1,Hazy,National Highway,Damaged,Daylight,Signals,95,35,Unlicensed,No,Curve,1
Punjab,Ludhiana,2018,July,Sunday,18:14,Minor,2,Car,3,0,Rainy,Urban Road,Damaged,Daylight,Signals,35,49,Valid,No,Straight Road,0
Karnataka,Mysuru,2021,April,Sunday,16:58,Minor,2,Car,3,0,Clear,National Highway,Dry,Daylight,Signs,90,20,Valid,No,Straight Road,0
Karnataka,Hubballi,2022,March,Saturday,00:55,Serious,3,Truck,3,0,Clear,State Highway,Damaged,Dark,Police Checkpost,80,32,Valid,No,Straight Road,1
Uttar Pradesh,Unknown,2024,January,Sunday,22:47,Minor,2,Auto-Rickshaw,2,0,Clear,Village Road,Dry,Dawn,No Control,35,37,Valid,No,Curve,0
Kerala,Unknown,2018,August,Friday,12:11,Fatal,4,Car,1,1,Clear,National Highway,Dry,Daylight,No Control,70,33,Valid,Yes,Straight Road,1
Bihar,Patna,2023,December,Sunday,08:17,Serious,3,Truck,3,0,Foggy,Urban Road,Dry,Daylight,No Control,60,28,Valid,No,Intersection,1
Uttar Pradesh,Lucknow,2023,January,Monday,04:39,Fatal,2,Two-Wheeler,4,3,Stormy,State Highway,Damaged,Dark,Signs,80,29,Expired,No,Curve,1
Karnataka,Bengaluru,2020,May,Saturday,11:02,Serious,2,Car,3,0,Rainy,State Highway,Damaged,Daylight,Signs,75,40,Valid,No,Bridge,1
Odisha,Cuttack,2023,August,Friday,09:49,Minor,3,Two-Wheeler,1,0,Clear,State Highway,Dry,Daylight,Signs,60,34,Valid,No,Straight Road,0
Maharashtra,Nashik,2021,June,Monday,09:25,Fatal,1,Car,3,1,Stormy,National Highway,Wet,Daylight,No Control,90,32,Unlicensed,No,Curve,1
Tamil Nadu,Madurai,2022,August,Wednesday,19:01,Serious,3,Two-Wheeler,3,0,Clear,Urban Road,Dry,Dark,No Control,55,23,Valid,No,Intersection,1
Madhya Pradesh,Gwalior,2020,September,Tuesday,16:17,Minor,1,Cycle,3,0,Rainy,Village Road,Wet,Daylight,No Control,25,64,Valid,No,Straight Road,0
Tamil Nadu,Coimbatore,2019,December,Thursday,06:23,Serious,3,Two-Wheeler,3,0,Rainy,Urban Road,Under Construction,Dark,Signs,35,39,Unlicensed,No,Intersection,1
Tamil Nadu,Coimbatore,2023,August,Tuesday,17:39,Minor,1,Tractor,1,0,Hazy,Village Road,Dry,Dusk,No Control,35,56,Expired,No,Intersection,0
Gujarat,Ahmedabad,2019,September,Wednesday,18:36,Serious,1,Two-Wheeler,2,0,Rainy,National Highway,Dry,Dark,Police Checkpost,90,34,Expired,No,Straight Road,1
Uttar Pradesh,Varanasi,2019,April,Wednesday,14:22,Minor,2,Car,3,0,Clear,Urban Road,Damaged,Daylight,Signs,50,38,Unlicensed,No,Curve,0
Rajasthan,Udaipur,2024,February,Friday,23:37,Minor,1,Two-Wheeler,2,0,Clear,Village Road,Dry,Dark,Signs,30,43,Valid,No,Straight Road,0
Andhra Pradesh,Vijayawada,2024,February,Tuesday,09:53,Minor,1,Auto-Rickshaw,1,0,Hazy,Urban Road,Dry,Daylight,Signals,60,36,Unlicensed,No,Straight Road,0
Madhya Pradesh,Unknown,2022,February,Tuesday,03:21,Serious,2,Car,2,0,Clear,Expressway,Dry,Dark,Signs,95,38,Valid,No,Straight Road,1
Maharashtra,Nagpur,2022,October,Wednesday,01:22,Serious,4,Two-Wheeler,3,0,Clear,Urban Road,Dry,Dark,Signals,50,40,Valid,No,Straight Road,1
Haryana,Faridabad,2020,January,Thursday,10:06,Fatal,1,Two-Wheeler,2,2,Hazy,Expressway,Damaged,Daylight,Signs,120,34,Expired,No,Bridge,1
Uttar Pradesh,Varanasi,2022,June,Monday,13:22,Serious,2,Truck,2,0,Clear,National Highway,Damaged,Daylight,Signs,70,36,Valid,No,Bridge,1
Bihar,Patna,2022,August,Sunday,04:17,Serious,3,Auto-Rickshaw,3,1,Rainy,National Highway,Wet,Dark,Police Checkpost,60,49,Valid,No,Intersection,1
Karnataka,Hubballi,2021,September,Wednesday,15:45,Serious,3,Bus,3,0,Rainy,State Highway,Wet,Daylight,Signs,55,25,Valid,Yes,Straight Road,1
Bihar,Patna,2022,January,Wednesday,21:06,Minor,3,Car,1,0,Clear,Village Road,Dry,Dark,No Control,35,58,Valid,No,Intersection,0
Uttar Pradesh,Kanpur,2021,November,Friday,19:35,Serious,1,Cycle,3,0,Clear,National Highway,Dry,Dusk,No Control,70,44,Valid,No,Bridge,1
Uttar Pradesh,Lucknow,2024,June,Sunday,17:46,Minor,3,Car,2,0,Clear,National Highway,Dry,Dusk,Signals,90,34,Valid,No,Straight Road,0
Rajasthan,Jaipur,2022,January,Thursday,17:15,Minor,1,Two-Wheeler,1,0,Clear,Expressway,Dry,Dusk,Signs,100,48,Expired,No,Straight Road,0
Maharashtra,Nashik,2020,February,Tuesday,18:04,Minor,1,Two-Wheeler,2,0,Clear,Urban Road,Dry,Dusk,Signals,55,47,Expired,No,Straight Road,0
Uttar Pradesh,Kanpur,2022,November,Friday,13:40,Serious,3,Truck,4,0,Clear,State Highway,Dry,Daylight,No Control,70,41,Valid,No,Curve,1
Kerala,Kozhikode,2019,December,Thursday,11:35,Serious,1,Bus,3,0,Foggy,National Highway,Dry,Daylight,Signals,85,36,Valid,No,Straight Road,1
Haryana,Gurugram,2019,October,Thursday,09:33,Serious,5,Truck,4,0,Hazy,Urban Road,Dry,Daylight,No Control,35,18,Unlicensed,No,Intersection,1
Maharashtra,Unknown,2023,May,Sunday,05:52,Minor,3,Two-Wheeler,1,0,Hazy,Village Road,Dry,Dawn,Police Checkpost,25,29,Valid,No,Straight Road,0
Odisha,Cuttack,2022,December,Sunday,15:06,Minor,2,Car,1,0,Foggy,Urban Road,Damaged,Daylight,Signals,35,38,Valid,No,Straight Road,0
Punjab,Ludhiana,2018,April,Friday,13:11,Minor,2,Two-Wheeler,2,0,Clear,National Highway,Under Construction,Daylight,Signals,60,43,Valid,No,Straight Road,0
Delhi,Unknown,2020,March,Monday,05:28,Minor,2,Cycle,1,0,Clear,Urban Road,Dry,Dark,No Control,40,38,Valid,No,Curve,0
Andhra Pradesh,Visakhapatnam,2024,October,Friday,09:33,Serious,3,Two-Wheeler,4,0,Clear,State Highway,Dry,Daylight,No Control,80,42,Valid,No,Curve,1
Telangana,Warangal,2022,April,Sunday,19:55,Serious,4,Cycle,2,0,Clear,Village Road,Under Construction,Dusk,No Control,35,34,Expired,No,Straight Road,1
Rajasthan,Jodhpur,2024,July,Sunday,08:37,Minor,2,Two-Wheeler,1,0,Clear,Urban Road,Dry,Daylight,Signals,35,45,Valid,No,Straight Road,0
Telangana,Hyderabad,2021,August,Tuesday,12:12,Minor,3,Car,4,0,Rainy,Village Road,Wet,Daylight,No Control,25,63,Valid,No,Straight Road,0
Assam,Unknown,2018,February,Tuesday,07:51,Serious,4,Truck,2,0,Clear,State Highway,Dry,Daylight,Signs,70,39,Valid,No,Intersection,1
Maharashtra,Pune,2019,December,Tuesday,07:24,Fatal,3,Auto-Rickshaw,1,1,Rainy,National Highway,Wet,Daylight,No Control,65,36,Valid,No,Bridge,1
Tamil Nadu,Coimbatore,2018,February,Saturday,18:52,Serious,4,Truck,2,0,Clear,Urban Road,Damaged,Dark,Police Checkpost,50,37,Valid,No,Straight Road,1
Maharashtra,Unknown,2023,December,Thursday,03:16,Minor,1,Car,2,0,Clear,Urban Road,Dry,Dark,Police Checkpost,45,47,Valid,No,Intersection,0
Chhattisgarh,Raipur,2023,April,Wednesday,09:47,Fatal,3,Two-Wheeler,3,1,Clear,National Highway,Damaged,Daylight,No Control,90,37,Valid,No,Straight Road,1
Gujarat,Vadodara,2021,June,Wednesday,23:32,Minor,4,Two-Wheeler,1,0,Stormy,Urban Road,Dry,Dark,Police Checkpost,30,47,Valid,No,Straight Road,0
Telangana,Hyderabad,2023,April,Wednesday,13:33,Minor,3,Truck,2,0,Clear,National Highway,Dry,Daylight,No Control,95,48,Valid,No,Straight Road,0
Haryana,Faridabad,2021,July,Sunday,16:58,Minor,3,Car,1,0,Rainy,Urban Road,Wet,Daylight,Signals,50,59,Unlicensed,No,Straight Road,0
Goa,Unknown,2023,January,Thursday,16:09,Serious,3,Truck,2,0,Foggy,Urban Road,Dry,Daylight,Signals,35,43,Unlicensed,No,Intersection,1
Uttar Pradesh,Unknown,2022,March,Tuesday,07:18,Fatal,2,Bus,4,2,Clear,National Highway,Under Construction,Daylight,No Control,95,39,Valid,No,Intersection,1
Punjab,Unknown,2021,July,Saturday,11:10,Minor,2,Two-Wheeler,1,0,Rainy,Urban Road,Wet,Daylight,Signs,30,42,Valid,No,Intersection,0
Odisha,Cuttack,2022,September,Friday,11:49,Fatal,6,Two-Wheeler,4,2,Stormy,State Highway,Wet,Daylight,Signs,55,37,Unlicensed,No,Curve,1
Maharashtra,Nagpur,2020,December,Saturday,08:51,Minor,3,Car,1,0,Foggy,Urban Road,Dry,Daylight,Signals,55,40,Valid,No,Intersection,0
Kerala,Thiruvananthapuram,2023,November,Saturday,08:50,Serious,2,Two-Wheeler,2,0,Clear,Expressway,Dry,Daylight,Signs,115,54,Valid,No,Straight Road,1
Karnataka,Mysuru,2024,December,Monday,16:14,Minor,1,Two-Wheeler,4,0,Hazy,Village Road,Dry,Dusk,No Control,20,32,Valid,No,Straight Road,0
Telangana,Hyderabad,2019,October,Monday,05:15,Minor,3,Car,1,0,Clear,State Highway,Dry,Dark,Signs,70,22,Valid,No,Curve,0
Rajasthan,Jodhpur,2022,October,Monday,06:24,Serious,3,Car,2,0,Rainy,Urban Road,Wet,Dark,No Control,55,39,Valid,No,Bridge,1
Tamil Nadu,Madurai,2018,May,Saturday,15:46,Minor,3,Two-Wheeler,1,0,Clear,Urban Road,Dry,Daylight,Signs,30,40,Valid,No,Intersection,0
Uttar Pradesh,Lucknow,2020,November,Sunday,12:45,Fatal,2,Two-Wheeler,2,2,Rainy,Village Road,Wet,Daylight,Signs,20,49,Unlicensed,Yes,Bridge,1
Maharashtra,Mumbai,2022,December,Wednesday,16:59,Minor,3,Two-Wheeler,2,0,Hazy,State Highway,Wet,Daylight,Signs,55,36,Valid,No,Straight Road,0
Maharashtra,Nagpur,2019,July,Saturday,01:47,Serious,4,Tractor,2,0,Clear,Urban Road,Damaged,Dark,Signs,35,32,Valid,Yes,Bridge,1
West Bengal,Kolkata,2019,February,Saturday,17:57,Serious,4,Truck,3,0,Clear,National Highway,Dry,Dusk,No Control,70,30,Valid,No,Straight Road,1
Karnataka,Unknown,2020,January,Sunday,20:15,Serious,4,Two-Wheeler,3,0,Clear,Village Road,Dry,Dark,No Control,35,30,Valid,No,Curve,1
Uttar Pradesh,Unknown,2018,June,Thursday,14:36,Minor,3,Car,1,0,Clear,Village Road,Dry,Daylight,No Control,25,27,Valid,No,Intersection,0
Andhra Pradesh,Unknown,2022,August,Tuesday,19:31,Serious,4,Truck,2,0,Rainy,State Highway,Wet,Dusk,Police Checkpost,65,23,Valid,No,Straight Road,1
Andhra Pradesh,Vijayawada,2018,July,Saturday,11:09,Minor,5,Car,2,0,Clear,Urban Road,Damaged,Daylight,Signs,40,18,Valid,No,Bridge,0
Rajasthan,Unknown,2020,November,Saturday,04:56,Serious,3,Car,2,0,Clear,State Highway,Dry,Dark,Signs,60,47,Valid,No,Bridge,1
Jharkhand,Unknown,2020,July,Saturday,11:07,Serious,1,Auto-Rickshaw,2,0,Rainy,National Highway,Wet,Daylight,Signs,95,40,Valid,No,Straight Road,1
Karnataka,Mangaluru,2024,August,Sunday,12:51,Minor,2,Auto-Rickshaw,2,0,Hazy,National Highway,Dry,Daylight,Signs,70,62,Valid,No,Straight Road,0
Haryana,Faridabad,2024,October,Wednesday,20:16,Serious,3,Two-Wheeler,2,0,Clear,Village Road,Dry,Dark,No Control,25,20,Valid,No,Straight Road,1
Maharashtra,Nagpur,2018,November,Saturday,10:13,Serious,5,Car,4,0,Clear,State Highway,Dry,Daylight,Signs,55,61,Valid,No,Straight Road,1
Kerala,Kozhikode,2019,August,Wednesday,09:36,Minor,4,Car,1,0,Clear,Urban Road,Damaged,Daylight,Police Checkpost,55,35,Valid,Yes,Straight Road,0
Jammu and Kashmir,Jammu,2023,July,Thursday,20:28,Minor,2,Two-Wheeler,2,0,Clear,Village Road,Dry,Dark,Signs,35,18,Valid,No,Straight Road,0
Haryana,Faridabad,2020,January,Tuesday,08:23,Fatal,2,Auto-Rickshaw,5,1,Rainy,National Highway,Wet,Daylight,Signs,80,18,Expired,No,Straight Road,1
Madhya Pradesh,Unknown,2022,August,Tuesday,16:54,Minor,2,Tractor,2,0,Rainy,Urban Road,Dry,Daylight,No Control,45,31,Valid,No,Intersection,0
West Bengal,Unknown,2024,March,Monday,10:41,Fatal,2,Truck,2,1,Clear,Expressway,Dry,Daylight,No Control,100,48,Valid,Yes,Intersection,1
Karnataka,Mangaluru,2019,May,Friday,22:36,Minor,1,Two-Wheeler,2,0,Clear,Village Road,Dry,Dark,Signs,30,40,Valid,No,Straight Road,0
Telangana,Warangal,2024,July,Sunday,07:47,Serious,2,Two-Wheeler,2,0,Foggy,National Highway,Dry,Daylight,Signs,85,33,Valid,No,Curve,1
Bihar,Unknown,2018,January,Wednesday,18:48,Serious,3,Two-Wheeler,2,0,Foggy,National Highway,Dry,Dusk,Signs,60,51,Valid,No,Curve,1
Goa,Panaji,2019,September,Thursday,15:10,Minor,2,Car,3,0,Hazy,Urban Road,Damaged,Daylight,No Control,55,38,Valid,No,Intersection,0
Rajasthan,Jodhpur,2021,April,Monday,23:26,Fatal,4,Two-Wheeler,3,1,Clear,National Highway,Dry,Dark,Signals,90,18,Expired,No,Curve,1
Maharashtra,Mumbai,2024,July,Thursday,23:54,Serious,3,Truck,2,1,Hazy,Urban Road,Dry,Dark,Signs,60,53,Valid,No,Intersection,1
Madhya Pradesh,Indore,2021,May,Wednesday,19:48,Serious,5,Tractor,3,0,Clear,National Highway,Dry,Daylight,No Control,75,25,Valid,No,Curve,1
Maharashtra,Mumbai,2018,May,Friday,05:03,Serious,2,Two-Wheeler,2,0,Rainy,Village Road,Dry,Daylight,No Control,20,24,Unlicensed,No,Straight Road,1
Tamil Nadu,Madurai,2019,May,Sunday,13:14,Serious,1,Tractor,4,0,Clear,State Highway,Under Construction,Daylight,No Control,60,34,Unlicensed,No,Straight Road,1
Tamil Nadu,Chennai,2023,January,Thursday,20:15,Serious,4,Car,2,0,Foggy,State Highway,Dry,Dark,Signs,60,41,Valid,No,Bridge,1
Kerala,Thiruvananthapuram,2021,March,Friday,16:30,Minor,1,Car,3,0,Clear,Urban Road,Dry,Daylight,Signals,50,29,Valid,No,Intersection,0
Uttar Pradesh,Lucknow,2018,October,Saturday,20:48,Minor,2,Two-Wheeler,1,0,Clear,National Highway,Dry,Dark,Signals,65,18,Valid,No,Straight Road,0
Uttar Pradesh,Kanpur,2021,February,Tuesday,19:28,Minor,2,Two-Wheeler,3,0,Clear,Urban Road,Dry,Dusk,Signs,30,30,Valid,No,Intersection,0
Maharashtra,Nashik,2020,June,Wednesday,09:11,Fatal,1,Truck,1,1,Clear,Expressway,Damaged,Dawn,Signs,85,49,Valid,No,Curve,1
Delhi,Unknown,2018,February,Monday,07:33,Serious,3,Truck,2,0,Rainy,Urban Road,Damaged,Daylight,No Control,50,37,Valid,No,Straight Road,1
Andhra Pradesh,Vijayawada,2019,July,Thursday,10:13,Fatal,3,Bus,3,2,Rainy,National Highway,Dry,Daylight,Police Checkpost,65,50,Valid,No,Straight Road,1
Maharashtra,Unknown,2024,August,Sunday,17:40,Minor,2,Two-Wheeler,1,0,Clear,Village Road,Dry,Dusk,No Control,30,43,Valid,No,Curve,0
Maharashtra,Nashik,2022,June,Thursday,13:58,Fatal,2,Truck,3,1,Rainy,National Highway,Wet,Daylight,Signs,90,30,Valid,No,Intersection,1
Madhya Pradesh,Bhopal,2018,October,Thursday,02:37,Serious,2,Truck,2,0,Hazy,State Highway,Under Construction,Dark,No Control,65,28,Valid,No,Intersection,1
Tamil Nadu,Chennai,2018,April,Tuesday,18:54,Serious,3,Car,2,0,Clear,National Highway,Dry,Daylight,No Control,60,39,Unlicensed,No,Intersection,1
Madhya Pradesh,Indore,2020,July,Wednesday,02:32,Serious,4,Two-Wheeler,3,0,Rainy,Urban Road,Wet,Dark,Signals,35,39,Valid,Yes,Intersection,1
Gujarat,Unknown,2021,April,Sunday,11:48,Minor,2,Truck,2,0,Clear,State Highway,Dry,Daylight,Signs,75,38,Valid,No,Straight Road,0
Assam,Unknown,2021,July,Wednesday,13:56,Serious,1,Auto-Rickshaw,3,1,Stormy,State Highway,Wet,Daylight,Signs,70,39,Unlicensed,No,Curve,1
Tamil Nadu,Chennai,2022,January,Saturday,14:10,Minor,2,Bus,1,0,Clear,State Highway,Dry,Daylight,Signs,70,35,Valid,No,Curve,0
Telangana,Warangal,2019,April,Monday,06:39,Fatal,3,Tractor,3,2,Clear,State Highway,Dry,Dawn,No Control,80,36,Unlicensed,No,Intersection,1
Maharashtra,Mumbai,2018,September,Monday,18:15,Fatal,4,Two-Wheeler,4,1,Rainy,Urban Road,Under Construction,Dusk,No Control,40,27,Expired,No,Curve,1
Chhattisgarh,Unknown,2022,October,Wednesday,20:05,Minor,4,Truck,2,0,Clear,Urban Road,Dry,Dark,Police Checkpost,55,24,Valid,No,Straight Road,0
Himachal Pradesh,Shimla,2024,April,Sunday,17:14,Minor,2,Two-Wheeler,2,0,Rainy,Urban Road,Wet,Dusk,No Control,40,46,Valid,No,Straight Road,0
Kerala,Thiruvananthapuram,2019,April,Tuesday,22:08,Fatal,2,Two-Wheeler,1,1,Hazy,National Highway,Damaged,Dark,No Control,95,25,Valid,No,Curve,1
Gujarat,Surat,2020,April,Saturday,08:11,Minor,1,Two-Wheeler,1,0,Rainy,Village Road,Damaged,Daylight,No Control,35,18,Valid,No,Straight Road,0
Uttar Pradesh,Kanpur,2022,April,Tuesday,07:00,Minor,4,Truck,2,0,Clear,State Highway,Dry,Daylight,Signs,55,33,Valid,No,Curve,0
Punjab,Ludhiana,2019,December,Friday,03:58,Minor,3,Bus,1,0,Clear,State Highway,Dry,Dawn,Signs,50,40,Valid,No,Straight Road,0
Kerala,Kochi,2024,August,Friday,18:26,Fatal,1,Car,1,1,Rainy,National Highway,Wet,Dusk,No Control,95,35,Valid,No,Curve,1
Uttar Pradesh,Agra,2019,May,Friday,07:09,Fatal,3,Truck,3,1,Clear,Expressway,Dry,Daylight,Signs,95,23,Valid,Yes,Curve,1
Gujarat,Surat,2021,June,Wednesday,22:20,Minor,2,Two-Wheeler,2,0,Clear,Urban Road,Dry,Dusk,Signals,55,50,Valid,No,Bridge,0
Gujarat,Ahmedabad,2020,July,Tuesday,16:44,Minor,2,Car,2,0,Rainy,National Highway,Wet,Daylight,Signals,65,40,Valid,No,Straight Road,0
Haryana,Unknown,2022,July,Sunday,19:37,Fatal,3,Two-Wheeler,2,1,Rainy,National Highway,Wet,Dusk,No Control,80,51,Valid,No,Straight Road,1
Andhra Pradesh,Vijayawada,2019,May,Friday,12:03,Minor,2,Two-Wheeler,2,0,Clear,Urban Road,Damaged,Daylight,Signals,35,36,Valid,Yes,Intersection,0
West Bengal,Kolkata,2018,December,Tuesday,18:08,Minor,1,Car,1,0,Clear,National Highway,Damaged,Dusk,Signs,65,43,Valid,No,Bridge,0
Telangana,Hyderabad,2021,April,Thursday,12:32,Serious,2,Tractor,2,0,Clear,Urban Road,Dry,Daylight,No Control,45,23,Unlicensed,No,Intersection,1
Tamil Nadu,Madurai,2024,June,Monday,14:58,Serious,3,Cycle,2,1,Rainy,State Highway,Dry,Daylight,Signs,65,18,Unlicensed,No,Straight Road,1
Karnataka,Bengaluru,2022,January,Thursday,18:04,Serious,1,Auto-Rickshaw,4,0,Clear,State Highway,Dry,Daylight,Signs,55,37,Valid,No,Straight Road,1
Maharashtra,Pune,2023,June,Thursday,08:51,Minor,3,Two-Wheeler,2,0,Rainy,Urban Road,Wet,Daylight,Signs,40,21,Expired,No,Straight Road,0
Bihar,Patna,2021,November,Tuesday,20:03,Serious,4,Truck,2,0,Hazy,Urban Road,Dry,Dark,No Control,40,47,Valid,No,Intersection,1
Gujarat,Surat,2018,December,Thursday,18:29,Fatal,3,Cycle,2,1,Foggy,National Highway,Dry,Dusk,No Control,70,48,Valid,No,Straight Road,1
Gujarat,Ahmedabad,2020,June,Friday,18:13,Fatal,1,Two-Wheeler,3,1,Hazy,State Highway,Damaged,Dark,Signs,70,41,Valid,Yes,Curve,1
Tamil Nadu,Madurai,2024,February,Sunday,08:25,Minor,4,Car,1,0,Foggy,Village Road,Dry,Daylight,Signs,25,27,Valid,Yes,Curve,0
Uttar Pradesh,Lucknow,2023,September,Saturday,04:55,Minor,3,Two-Wheeler,2,0,Clear,Village Road,Dry,Dark,No Control,30,37,Valid,No,Curve,0
Madhya Pradesh,Bhopal,2022,August,Thursday,04:12,Serious,2,Auto-Rickshaw,2,0,Rainy,Urban Road,Wet,Dark,No Control,50,44,Valid,No,Intersection,1
Uttar Pradesh,Varanasi,2020,December,Saturday,17:38,Minor,1,Car,1,0,Hazy,Village Road,Wet,Dark,Police Checkpost,25,42,Valid,No,Straight Road,0
Maharashtra,Mumbai,2022,July,Wednesday,06:19,Serious,2,Tractor,3,0,Rainy,National Highway,Wet,Dawn,Signals,60,26,Expired,No,Straight Road,1
Bihar,Gaya,2022,January,Friday,23:39,Serious,2,Two-Wheeler,3,0,Clear,National Highway,Dry,Dark,Signals,60,18,Unlicensed,No,Bridge,1
Karnataka,Bengaluru,2022,November,Monday,22:03,Fatal,2,Two-Wheeler,1,1,Foggy,National Highway,Damaged,Dark,No Control,85,42,Valid,No,Straight Road,1
Karnataka,Unknown,2024,September,Monday,01:17,Serious,2,Car,3,0,Stormy,National Highway,Wet,Dark,Signals,60,37,Valid,No,Straight Road,1
Gujarat,Vadodara,2022,October,Friday,18:57,Serious,2,Two-Wheeler,5,0,Rainy,Village Road,Wet,Dusk,No Control,20,44,Expired,No,Straight Road,1
Punjab,Unknown,2019,February,Tuesday,08:43,Minor,3,Tractor,2,0,Clear,National Highway,Dry,Daylight,Signs,80,37,Valid,No,Straight Road,0
Tamil Nadu,Coimbatore,2019,June,Saturday,10:56,Minor,2,Truck,4,0,Rainy,Urban Road,Wet,Daylight,Signs,40,35,Valid,No,Intersection,0
Bihar,Patna,2022,June,Friday,08:40,Serious,3,Car,4,0,Rainy,National Highway,Wet,Daylight,Signals,75,35,Valid,No,Intersection,1
Jharkhand,Jamshedpur,2024,April,Monday,19:11,Serious,2,Two-Wheeler,4,0,Clear,Village Road,Damaged,Dusk,No Control,35,33,Valid,No,Intersection,1
Telangana,Warangal,2024,November,Wednesday,20:27,Serious,3,Bus,2,0,Clear,Village Road,Dry,Dark,Signs,35,66,Valid,Yes,Curve,1
Gujarat,Surat,2022,March,Friday,01:52,Serious,3,Tractor,3,0,Clear,Urban Road,Under Construction,Dark,Signals,40,34,Valid,No,Straight Road,1
Kerala,Kozhikode,2021,January,Saturday,09:40,Minor,4,Bus,1,0,Hazy,State Highway,Dry,Daylight,Signs,50,33,Expired,No,Straight Road,0
Gujarat,Surat,2023,March,Saturday,12:31,Minor,4,Car,1,0,Clear,Village Road,Dry,Daylight,No Control,25,46,Unlicensed,No,Straight Road,0
Karnataka,Mangaluru,2024,December,Wednesday,14:52,Minor,4,Truck,1,0,Foggy,Village Road,Dry,Daylight,No Control,35,42,Valid,No,Straight Road,0
Rajasthan,Jodhpur,2018,February,Saturday,04:06,Minor,1,Car,1,0,Clear,Urban Road,Dry,Dark,No Control,30,38,Valid,No,Intersection,0
Tamil Nadu,Unknown,2020,July,Wednesday,19:57,Minor,3,Two-Wheeler,1,0,Hazy,Urban Road,Dry,Dark,Signs,35,27,Valid,No,Intersection,0
Maharashtra,Pune,2020,March,Monday,21:07,Fatal,1,Auto-Rickshaw,3,1,Rainy,State Highway,Damaged,Dark,No Control,80,21,Valid,No,Curve,1
Karnataka,Mysuru,2021,May,Friday,11:59,Minor,1,Two-Wheeler,1,0,Clear,Urban Road,Dry,Daylight,Signs,40,36,Valid,No,Straight Road,0
Maharashtra,Mumbai,2020,July,Tuesday,20:48,Minor,2,Two-Wheeler,3,0,Rainy,Village Road,Under Construction,Dark,Signs,20,35,Valid,No,Bridge,0
Karnataka,Mysuru,2020,January,Monday,17:29,Minor,2,Cycle,2,0,Clear,State Highway,Damaged,Daylight,Signs,75,31,Valid,No,Straight Road,0
Madhya Pradesh,Bhopal,2018,March,Tuesday,15:28,Serious,4,Truck,5,0,Clear,State Highway,Dry,Daylight,Signs,70,47,Valid,No,Curve,1
Jharkhand,Unknown,2018,August,Saturday,19:01,Minor,1,Car,3,0,Stormy,State Highway,Wet,Daylight,Signs,75,48,Valid,No,Intersection,0
Maharashtra,Nagpur,2021,January,Sunday,13:19,Serious,1,Two-Wheeler,3,0,Rainy,Expressway,Dry,Daylight,Signs,105,51,Valid,No,Straight Road,1
West Bengal,Durgapur,2024,June,Sunday,15:13,Minor,2,Auto-Rickshaw,1,0,Clear,Urban Road,Dry,Daylight,Signals,45,25,Valid,No,Straight Road,0
Gujarat,Surat,2020,August,Wednesday,09:42,Fatal,2,Car,2,1,Rainy,Expressway,Wet,Daylight,Signs,110,49,Expired,Yes,Curve,1
Maharashtra,Nagpur,2019,March,Thursday,17:11,Minor,2,Car,1,0,Clear,Urban Road,Dry,Dark,Signs,30,18,Valid,Yes,Intersection,0
Tamil Nadu,Unknown,2019,February,Saturday,07:48,Serious,2,Two-Wheeler,2,0,Clear,State Highway,Damaged,Daylight,No Control,55,36,Valid,No,Curve,1
Maharashtra,Unknown,2024,June,Wednesday,08:18,Minor,3,Car,2,0,Rainy,Urban Road,Wet,Daylight,Signals,45,47,Unlicensed,No,Straight Road,0
Uttar Pradesh,Agra,2022,September,Wednesday,13:51,Serious,3,Two-Wheeler,2,0,Rainy,National Highway,Wet,Dawn,Signs,80,25,Valid,No,Straight Road,1
Tamil Nadu,Coimbatore,2022,January,Tuesday,11:21,Fatal,2,Two-Wheeler,1,1,Hazy,State Highway,Wet,Daylight,Signs,70,21,Valid,Yes,Bridge,1
Karnataka,Unknown,2019,May,Friday,08:45,Minor,3,Car,2,0,Clear,State Highway,Dry,Daylight,Signs,80,36,Valid,No,Straight Road,0
Rajasthan,Jodhpur,2024,December,Friday,07:40,Minor,2,Auto-Rickshaw,2,0,Clear,Urban Road,Dry,Daylight,Signals,35,57,Valid,No,Bridge,0
Maharashtra,Pune,2019,May,Wednesday,20:59,Minor,2,Two-Wheeler,1,0,Clear,State Highway,Damaged,Dark,Signs,60,57,Valid,No,Curve,0
Uttar Pradesh,Lucknow,2024,April,Monday,15:31,Serious,2,Two-Wheeler,3,0,Hazy,State Highway,Wet,Daylight,Signs,55,51,Expired,No,Straight Road,1
Maharashtra,Pune,2024,September,Saturday,11:21,Serious,3,Auto-Rickshaw,3,0,Stormy,Village Road,Damaged,Daylight,No Control,35,25,Unlicensed,No,Straight Road,1
Madhya Pradesh,Gwalior,2021,June,Friday,20:38,Fatal,2,Bus,1,1,Stormy,National Highway,Damaged,Dark,Signs,80,37,Expired,No,Curve,1
Tamil Nadu,Coimbatore,2024,May,Tuesday,19:01,Minor,3,Car,1,0,Clear,Village Road,Dry,Dusk,No Control,25,64,Expired,No,Straight Road,0
Madhya Pradesh,Indore,2024,October,Wednesday,05:58,Minor,2,Truck,1,0,Clear,Urban Road,Damaged,Dawn,Police Checkpost,50,48,Valid,No,Intersection,0
Uttar Pradesh,Lucknow,2022,January,Sunday,15:40,Serious,2,Two-Wheeler,4,0,Hazy,Urban Road,Damaged,Daylight,No Control,45,18,Valid,No,Straight Road,1
Maharashtra,Nagpur,2023,September,Friday,09:02,Serious,4,Truck,2,0,Hazy,National Highway,Dry,Daylight,Signs,80,47,Valid,No,Bridge,1
Jharkhand,Unknown,2022,May,Friday,14:10,Minor,1,Auto-Rickshaw,1,0,Clear,National Highway,Dry,Daylight,Signals,95,28,Valid,No,Straight Road,0
Maharashtra,Nagpur,2021,November,Friday,18:00,Minor,4,Car,2,0,Clear,Urban Road,Dry,Daylight,No Control,35,34,Valid,No,Intersection,0
Maharashtra,Pune,2020,September,Sunday,00:40,Minor,1,Auto-Rickshaw,1,0,Clear,Village Road,Dry,Dusk,No Control,35,46,Valid,No,Intersection,0
Uttar Pradesh,Varanasi,2022,December,Wednesday,14:39,Minor,3,Car,1,0,Foggy,Urban Road,Dry,Daylight,Signals,55,33,Valid,No,Straight Road,0
Himachal Pradesh,Shimla,2019,February,Wednesday,09:09,Serious,5,Two-Wheeler,2,0,Clear,National Highway,Dry,Daylight,Signals,95,31,Valid,No,Straight Road,1
West Bengal,Kolkata,2019,March,Wednesday,14:32,Minor,2,Two-Wheeler,1,0,Clear,Urban Road,Dry,Daylight,No Control,55,50,Unlicensed,No,Straight Road,0
West Bengal,Kolkata,2019,November,Saturday,05:29,Minor,4,Two-Wheeler,3,0,Clear,Village Road,Dry,Dawn,No Control,25,46,Valid,No,Curve,0
Jammu and Kashmir,Jammu,2018,May,Monday,19:28,Minor,3,Tractor,1,0,Clear,Urban Road,Under Construction,Dusk,Signs,50,41,Valid,No,Intersection,0
Maharashtra,Mumbai,2024,October,Tuesday,14:37,Fatal,4,Tractor,4,1,Clear,National Highway,Dry,Daylight,No Control,80,62,Valid,No,Straight Road,1
Himachal Pradesh,Shimla,2019,September,Tuesday,08:51,Serious,1,Two-Wheeler,3,0,Clear,State Highway,Under Construction,Daylight,No Control,50,40,Expired,No,Curve,1
Uttar Pradesh,Lucknow,2023,June,Friday,18:54,Fatal,4,Two-Wheeler,5,3,Rainy,Village Road,Wet,Dark,No Control,30,41,Valid,No,Straight Road,1
West Bengal,Unknown,2021,January,Friday,01:09,Minor,1,Cycle,1,0,Clear,National Highway,Under Construction,Dark,Police Checkpost,70,33,Valid,No,Curve,0
Karnataka,Mysuru,2020,January,Wednesday,16:56,Minor,2,Car,1,0,Clear,National Highway,Dry,Daylight,Signs,80,25,Valid,No,Straight Road,0
Karnataka,Hubballi,2019,September,Wednesday,14:34,Minor,2,Bus,1,0,Clear,Urban Road,Dry,Daylight,Signs,50,20,Valid,No,Intersection,0
Jharkhand,Unknown,2023,February,Saturday,01:10,Minor,2,Two-Wheeler,1,0,Clear,Urban Road,Dry,Dark,No Control,50,47,Valid,No,Bridge,0
Uttar Pradesh,Lucknow,2021,January,Monday,08:55,Minor,2,Two-Wheeler,1,0,Clear,National Highway,Dry,Daylight,No Control,90,32,Valid,No,Intersection,0
Goa,Panaji,2021,March,Saturday,04:22,Minor,2,Two-Wheeler,1,0,Clear,Urban Road,Dry,Dark,Signs,45,68,Valid,No,Straight Road,0
Karnataka,Mysuru,2022,November,Tuesday,18:26,Minor,2,Truck,2,0,Clear,Village Road,Dry,Dusk,Signs,30,26,Valid,No,Curve,0
Telangana,Unknown,2023,August,Sunday,17:58,Minor,1,Cycle,3,0,Rainy,Village Road,Wet,Daylight,Signs,40,28,Valid,No,Curve,0
Uttarakhand,Dehradun,2022,September,Thursday,04:34,Fatal,4,Bus,1,1,Stormy,National Highway,Damaged,Dark,No Control,70,41,Valid,Yes,Straight Road,1
Maharashtra,Nashik,2021,August,Friday,05:08,Minor,6,Car,2,0,Clear,Village Road,Dry,Dawn,No Control,25,25,Valid,No,Curve,0
Assam,Guwahati,2024,July,Monday,20:04,Fatal,3,Two-Wheeler,1,1,Rainy,Urban Road,Wet,Dark,Police Checkpost,55,19,Valid,Yes,Intersection,1
Madhya Pradesh,Indore,2024,April,Tuesday,07:49,Serious,1,Auto-Rickshaw,3,0,Clear,State Highway,Damaged,Daylight,No Control,80,45,Valid,No,Bridge,1
Andhra Pradesh,Unknown,2024,June,Saturday,09:20,Fatal,1,Car,2,2,Stormy,National Highway,Wet,Daylight,Signs,75,18,Unlicensed,No,Straight Road,1
Uttar Pradesh,Agra,2018,July,Friday,17:05,Serious,2,Car,2,0,Clear,Expressway,Dry,Dark,Signs,115,39,Valid,No,Curve,1
Rajasthan,Udaipur,2024,December,Saturday,03:02,Fatal,2,Two-Wheeler,5,3,Clear,National Highway,Dry,Dark,Signs,95,40,Valid,Yes,Straight Road,1
Telangana,Unknown,2019,November,Friday,22:56,Fatal,3,Truck,2,2,Clear,National Highway,Dry,Dark,Signs,95,48,Valid,No,Straight Road,1
Gujarat,Ahmedabad,2022,September,Friday,00:34,Fatal,3,Two-Wheeler,1,1,Clear,Urban Road,Dry,Dark,Signs,45,43,Valid,Yes,Intersection,1
Uttar Pradesh,Unknown,2022,October,Sunday,20:31,Serious,4,Car,2,1,Clear,Urban Road,Dry,Dark,Signs,50,70,Valid,Yes,Intersection,1
Tamil Nadu,Coimbatore,2019,October,Thursday,10:35,Serious,2,Truck,3,0,Clear,State Highway,Dry,Daylight,No Control,70,33,Valid,No,Curve,1
Delhi,New Delhi,2018,September,Sunday,06:25,Serious,2,Truck,2,0,Rainy,Urban Road,Wet,Dawn,No Control,30,21,Valid,No,Straight Road,1
Maharashtra,Mumbai,2024,October,Wednesday,11:57,Minor,3,Two-Wheeler,1,0,Clear,Urban Road,Dry,Daylight,Signs,35,70,Valid,No,Intersection,0
Andhra Pradesh,Unknown,2024,January,Wednesday,23:36,Serious,2,Two-Wheeler,3,0,Clear,Village Road,Damaged,Dark,No Control,40,38,Valid,Yes,Straight Road,1
Goa,Unknown,2019,January,Saturday,14:38,Serious,1,Car,3,0,Hazy,Urban Road,Damaged,Daylight,No Control,40,27,Valid,No,Straight Road,1
Maharashtra,Pune,2022,June,Monday,03:53,Serious,4,Two-Wheeler,4,0,Clear,National Highway,Dry,Dark,Signs,65,18,Expired,No,Straight Road,1
Uttar Pradesh,Unknown,2019,January,Tuesday,22:00,Minor,4,Two-Wheeler,1,0,Clear,Village Road,Dry,Dark,No Control,40,33,Valid,No,Intersection,0
Telangana,Warangal,2021,May,Monday,06:19,Minor,2,Car,1,0,Clear,Urban Road,Dry,Daylight,No Control,40,28,Valid,No,Straight Road,0
Maharashtra,Nashik,2020,March,Thursday,02:49,Serious,2,Two-Wheeler,2,0,Clear,State Highway,Dry,Dark,Signs,70,28,Valid,No,Intersection,1
Madhya Pradesh,Indore,2023,December,Friday,02:05,Serious,2,Car,2,0,Hazy,National Highway,Dry,Dusk,No Control,90,18,Valid,No,Bridge,1
Andhra Pradesh,Visakhapatnam,2022,August,Monday,19:19,Minor,1,Truck,3,0,Clear,Urban Road,Dry,Daylight,Signals,45,33,Valid,No,Intersection,0
Madhya Pradesh,Gwalior,2021,January,Tuesday,06:09,Serious,3,Tractor,2,0,Clear,National Highway,Dry,Dawn,Signals,85,42,Valid,No,Straight Road,1
Karnataka,Bengaluru,2022,August,Wednesday,07:42,Serious,2,Car,4,0,Stormy,Urban Road,Damaged,Daylight,No Control,45,25,Unlicensed,No,Straight Road,1
Andhra Pradesh,Vijayawada,2021,September,Wednesday,22:50,Fatal,2,Auto-Rickshaw,1,1,Stormy,National Highway,Damaged,Dark,No Control,80,32,Valid,No,Curve,1
Madhya Pradesh,Bhopal,2018,April,Monday,16:15,Minor,1,Cycle,2,0,Hazy,Urban Road,Dry,Daylight,No Control,30,31,Valid,No,Straight Road,0
Uttar Pradesh,Lucknow,2022,November,Tuesday,09:41,Minor,1,Car,2,0,Clear,National Highway,Damaged,Daylight,Signals,65,38,Valid,No,Bridge,0
Madhya Pradesh,Gwalior,2023,December,Sunday,15:45,Serious,4,Two-Wheeler,2,0,Foggy,Urban Road,Dry,Daylight,Signals,55,57,Expired,No,Straight Road,1
Odisha,Unknown,2021,December,Saturday,08:54,Minor,1,Two-Wheeler,2,0,Rainy,Urban Road,Wet,Daylight,Signs,55,40,Valid,No,Curve,0
Telangana,Unknown,2019,February,Wednesday,13:55,Serious,2,Truck,2,0,Clear,State Highway,Dry,Daylight,Signs,50,23,Valid,No,Curve,1
Gujarat,Ahmedabad,2018,June,Wednesday,10:27,Minor,3,Two-Wheeler,1,0,Hazy,Village Road,Dry,Daylight,Signs,25,36,Expired,No,Intersection,0
Tamil Nadu,Coimbatore,2020,October,Monday,16:04,Minor,2,Two-Wheeler,1,0,Clear,Urban Road,Dry,Daylight,Signs,40,41,Valid,No,Intersection,0
Maharashtra,Unknown,2023,June,Wednesday,18:44,Minor,2,Two-Wheeler,3,0,Stormy,Urban Road,Wet,Dusk,Signals,30,22,Valid,No,Intersection,0
Tamil Nadu,Chennai,2020,June,Thursday,10:32,Serious,1,Two-Wheeler,3,0,Clear,State Highway,Dry,Daylight,Signs,60,26,Unlicensed,No,Bridge,1
Maharashtra,Unknown,2024,April,Sunday,06:27,Minor,3,Two-Wheeler,1,0,Rainy,Urban Road,Wet,Daylight,Signs,60,26,Valid,No,Straight Road,0
Jammu and Kashmir,Jammu,2020,June,Saturday,10:32,Serious,2,Cycle,3,0,Stormy,Village Road,Wet,Daylight,Signs,30,35,Valid,Yes,Curve,1
Uttar Pradesh,Lucknow,2020,September,Thursday,18:38,Fatal,2,Two-Wheeler,2,1,Rainy,State Highway,Damaged,Dark,Signs,75,32,Valid,No,Curve,1
Punjab,Amritsar,2023,January,Tuesday,19:17,Fatal,1,Two-Wheeler,3,2,Rainy,Expressway,Wet,Dusk,Signs,95,18,Valid,No,Straight Road,1
Uttar Pradesh,Unknown,2022,October,Friday,19:19,Fatal,2,Cycle,2,1,Hazy,National Highway,Dry,Dusk,Signs,90,30,Expired,Yes,Straight Road,1
Tamil Nadu,Coimbatore,2018,September,Sunday,23:20,Minor,2,Bus,1,0,Rainy,Village Road,Wet,Dark,No Control,40,37,Valid,No,Straight Road,0
Karnataka,Bengaluru,2018,February,Monday,19:29,Minor,1,Cycle,2,0,Clear,Urban Road,Dry,Dusk,No Control,45,50,Valid,No,Curve,0
Tamil Nadu,Unknown,2019,October,Sunday,22:40,Fatal,1,Auto-Rickshaw,6,2,Hazy,National Highway,Damaged,Dark,Signs,90,21,Valid,No,Straight Road,1
Punjab,Ludhiana,2024,July,Tuesday,16:02,Minor,2,Car,2,0,Rainy,Urban Road,Damaged,Daylight,Signs,35,26,Unlicensed,No,Intersection,0
Chhattisgarh,Bilaspur,2018,April,Saturday,08:17,Fatal,4,Two-Wheeler,3,1,Clear,National Highway,Dry,Daylight,No Control,100,23,Valid,No,Curve,1
Delhi,New Delhi,2018,June,Tuesday,16:43,Fatal,5,Auto-Rickshaw,3,2,Rainy,Village Road,Wet,Daylight,No Control,40,18,Valid,Yes,Curve,1
Uttar Pradesh,Unknown,2023,July,Friday,07:01,Fatal,3,Two-Wheeler,2,1,Stormy,Village Road,Damaged,Daylight,No Control,30,18,Valid,No,Intersection,1
Bihar,Gaya,2022,March,Tuesday,04:47,Minor,2,Two-Wheeler,2,0,Clear,Urban Road,Dry,Dark,Signals,35,42,Valid,No,Intersection,0
Uttar Pradesh,Kanpur,2024,August,Friday,09:46,Serious,4,Bus,3,0,Rainy,National Highway,Damaged,Daylight,Police Checkpost,70,38,Valid,No,Straight Road,1
Assam,Guwahati,2019,August,Friday,10:19,Fatal,2,Two-Wheeler,5,2,Rainy,Expressway,Wet,Daylight,Signs,90,42,Valid,Yes,Straight Road,1
Rajasthan,Udaipur,2022,May,Friday,17:37,Serious,2,Two-Wheeler,2,0,Hazy,Village Road,Dry,Dusk,No Control,40,40,Unlicensed,No,Curve,1
Tamil Nadu,Coimbatore,2018,June,Saturday,10:29,Minor,3,Truck,1,0,Clear,Urban Road,Dry,Daylight,Signs,30,32,Valid,No,Bridge,0
Uttar Pradesh,Lucknow,2022,August,Monday,00:15,Serious,2,Two-Wheeler,3,0,Rainy,State Highway,Wet,Dark,Signs,50,29,Valid,No,Curve,1
Maharashtra,Mumbai,2018,July,Saturday,21:08,Serious,3,Two-Wheeler,3,1,Clear,Urban Road,Damaged,Dark,Signals,55,50,Valid,Yes,Straight Road,1
Tamil Nadu,Coimbatore,2024,June,Tuesday,15:57,Serious,2,Truck,2,0,Rainy,State Highway,Dry,Daylight,Signs,75,45,Valid,No,Bridge,1
Assam,Guwahati,2020,December,Friday,08:51,Minor,3,Two-Wheeler,2,0,Hazy,Village Road,Dry,Daylight,No Control,25,35,Valid,No,Straight Road,0
Punjab,Amritsar,2019,November,Monday,08:53,Minor,1,Cycle,1,0,Clear,State Highway,Dry,Daylight,Police Checkpost,50,25,Valid,No,Straight Road,0
Uttarakhand,Dehradun,2024,May,Thursday,06:08,Serious,1,Two-Wheeler,4,0,Clear,National Highway,Dry,Daylight,No Control,95,38,Valid,No,Straight Road,1
Maharashtra,Unknown,2018,September,Wednesday,21:57,Fatal,3,Two-Wheeler,5,2,Rainy,National Highway,Under Construction,Dark,Signals,90,39,Valid,No,Bridge,1
Madhya Pradesh,Bhopal,2023,October,Sunday,08:37,Fatal,4,Auto-Rickshaw,4,3,Clear,State Highway,Dry,Daylight,Signs,70,29,Expired,Yes,Straight Road,1
Tamil Nadu,Unknown,2021,February,Friday,22:30,Fatal,1,Two-Wheeler,2,1,Rainy,Urban Road,Wet,Dark,Signs,55,40,Unlicensed,Yes,Straight Road,1
Madhya Pradesh,Gwalior,2022,August,Monday,08:20,Minor,3,Auto-Rickshaw,1,0,Rainy,Village Road,Wet,Daylight,Signs,40,44,Valid,No,Curve,0
Tamil Nadu,Unknown,2019,October,Saturday,19:14,Minor,2,Auto-Rickshaw,1,0,Clear,Village Road,Dry,Dusk,Police Checkpost,35,42,Valid,No,Intersection,0
Tamil Nadu,Coimbatore,2024,January,Tuesday,00:19,Fatal,2,Two-Wheeler,2,2,Foggy,National Highway,Dry,Dark,Signals,65,48,Valid,No,Straight Road,1
Madhya Pradesh,Unknown,2021,May,Wednesday,13:10,Serious,1,Car,2,0,Hazy,National Highway,Dry,Daylight,No Control,90,47,Valid,No,Straight Road,1
Uttar Pradesh,Unknown,2020,October,Wednesday,11:47,Serious,2,Two-Wheeler,2,0,Clear,State Highway,Dry,Daylight,No Control,50,49,Valid,No,Straight Road,1
Gujarat,Vadodara,2021,December,Saturday,10:56,Minor,2,Cycle,1,0,Foggy,Village Road,Dry,Dawn,No Control,20,31,Valid,No,Curve,0
Telangana,Hyderabad,2020,December,Sunday,23:58,Serious,2,Tractor,2,0,Hazy,Village Road,Dry,Dark,No Control,30,46,Unlicensed,No,Straight Road,1
Maharashtra,Mumbai,2020,August,Sunday,18:53,Serious,1,Two-Wheeler,2,0,Stormy,National Highway,Wet,Dusk,Signs,75,43,Valid,No,Straight Road,1
Jharkhand,Ranchi,2018,January,Tuesday,08:07,Serious,2,Tractor,2,0,Clear,State Highway,Dry,Daylight,No Control,65,47,Expired,No,Straight Road,1
Rajasthan,Jodhpur,2021,January,Monday,18:44,Minor,2,Two-Wheeler,1,0,Foggy,Village Road,Dry,Daylight,No Control,25,38,Valid,No,Straight Road,0
Punjab,Amritsar,2021,October,Saturday,06:51,Minor,3,Car,2,0,Clear,Urban Road,Dry,Dawn,No Control,55,43,Valid,No,Curve,0
Telangana,Hyderabad,2020,September,Wednesday,21:30,Fatal,2,Two-Wheeler,3,1,Stormy,State Highway,Wet,Dark,Signs,80,25,Valid,No,Straight Road,1
Andhra Pradesh,Visakhapatnam,2024,March,Friday,12:33,Fatal,2,Two-Wheeler,3,1,Clear,National Highway,Damaged,Daylight,Signs,100,43,Unlicensed,No,Straight Road,1
Andhra Pradesh,Vijayawada,2018,February,Sunday,07:23,Serious,2,Two-Wheeler,2,0,Clear,National Highway,Under Construction,Daylight,Signs,80,52,Expired,No,Straight Road,1
Delhi,New Delhi,2024,February,Tuesday,09:49,Minor,1,Car,2,0,Clear,National Highway,Dry,Daylight,Signs,80,57,Valid,No,Straight Road,0
West Bengal,Unknown,2024,November,Wednesday,06:42,Minor,3,Two-Wheeler,1,0,Clear,Urban Road,Dry,Daylight,Signs,30,36,Valid,No,Straight Road,0
Tamil Nadu,Madurai,2018,October,Sunday,21:37,Minor,1,Car,1,0,Clear,Urban Road,Dry,Dark,No Control,55,58,Valid,No,Curve,0
Maharashtra,Mumbai,2022,December,Friday,09:00,Minor,1,Cycle,2,0,Rainy,State Highway,Wet,Daylight,No Control,55,35,Valid,No,Straight Road,0
West Bengal,Siliguri,2019,February,Sunday,06:57,Minor,2,Bus,1,0,Clear,Urban Road,Dry,Daylight,No Control,35,45,Expired,No,Straight Road,0
Maharashtra,Pune,2018,September,Friday,19:31,Minor,2,Car,3,0,Clear,National Highway,Dry,Daylight,No Control,95,38,Valid,No,Curve,0
Uttar Pradesh,Agra,2024,December,Wednesday,08:57,Fatal,3,Car,2,1,Clear,National Highway,Dry,Daylight,Signs,100,52,Valid,No,Curve,1
Maharashtra,Mumbai,2018,July,Saturday,05:40,Fatal,2,Auto-Rickshaw,1,1,Clear,National Highway,Dry,Dark,Signs,95,39,Valid,No,Intersection,1
Madhya Pradesh,Indore,2020,October,Saturday,17:31,Minor,3,Car,3,0,Clear,National Highway,Dry,Dark,Signs,60,30,Valid,No,Straight Road,0
Uttar Pradesh,Agra,2018,August,Sunday,00:45,Fatal,1,Car,4,1,Rainy,Expressway,Wet,Dark,Signs,115,49,Unlicensed,No,Straight Road,1
West Bengal,Durgapur,2018,January,Thursday,19:14,Minor,1,Two-Wheeler,1,0,Clear,National Highway,Dry,Daylight,Signals,75,31,Valid,No,Straight Road,0
Bihar,Gaya,2018,June,Thursday,15:27,Serious,1,Cycle,3,0,Rainy,National Highway,Wet,Daylight,Signals,65,41,Valid,No,Straight Road,1
Punjab,Amritsar,2023,April,Wednesday,08:01,Minor,3,Car,1,0,Clear,Urban Road,Dry,Daylight,Signs,35,18,Valid,No,Intersection,0
Tamil Nadu,Chennai,2018,February,Wednesday,13:44,Serious,1,Two-Wheeler,2,0,Clear,State Highway,Dry,Daylight,Signs,70,47,Unlicensed,No,Bridge,1
Madhya Pradesh,Gwalior,2023,August,Sunday,08:19,Fatal,2,Auto-Rickshaw,2,1,Foggy,National Highway,Dry,Daylight,Police Checkpost,90,18,Valid,No,Straight Road,1
Madhya Pradesh,Indore,2019,December,Sunday,14:05,Serious,4,Truck,4,0,Stormy,National Highway,Wet,Daylight,Signs,75,31,Unlicensed,No,Bridge,1
Gujarat,Ahmedabad,2024,January,Friday,15:47,Minor,1,Auto-Rickshaw,2,0,Foggy,National Highway,Dry,Daylight,Police Checkpost,85,21,Valid,No,Straight Road,0
Telangana,Warangal,2023,April,Sunday,18:13,Fatal,5,Two-Wheeler,3,3,Clear,National Highway,Dry,Dusk,Signs,90,24,Valid,No,Intersection,1
Uttar Pradesh,Lucknow,2022,September,Wednesday,13:13,Minor,2,Tractor,2,0,Rainy,Urban Road,Wet,Daylight,No Control,40,37,Expired,No,Intersection,0
Himachal Pradesh,Shimla,2023,April,Sunday,19:08,Serious,3,Auto-Rickshaw,3,0,Clear,State Highway,Dry,Dusk,Police Checkpost,75,29,Valid,No,Curve,1
Maharashtra,Pune,2020,February,Friday,03:36,Fatal,4,Truck,1,1,Hazy,National Highway,Damaged,Dark,Signs,70,46,Valid,Yes,Curve,1
Haryana,Gurugram,2023,March,Saturday,21:20,Minor,3,Tractor,1,0,Clear,Urban Road,Dry,Dark,Signs,35,34,Valid,No,Straight Road,0
Madhya Pradesh,Bhopal,2019,January,Saturday,07:34,Minor,1,Car,3,0,Clear,National Highway,Dry,Daylight,Signs,80,39,Valid,No,Intersection,0
Tamil Nadu,Unknown,2022,December,Friday,19:20,Fatal,3,Car,4,1,Foggy,State Highway,Damaged,Dark,Signs,65,27,Valid,Yes,Curve,1
Kerala,Kozhikode,2024,June,Sunday,13:45,Serious,2,Car,3,0,Stormy,National Highway,Wet,Daylight,Signs,70,46,Valid,No,Straight Road,1
Maharashtra,Nashik,2023,December,Wednesday,05:22,Serious,1,Bus,3,1,Foggy,National Highway,Dry,Dark,Signs,75,39,Valid,No,Curve,1
Bihar,Gaya,2019,September,Sunday,10:47,Serious,2,Truck,3,0,Rainy,Urban Road,Dry,Daylight,No Control,40,43,Valid,Yes,Straight Road,1
Madhya Pradesh,Indore,2023,May,Tuesday,21:27,Fatal,3,Cycle,3,2,Clear,National Highway,Dry,Dark,No Control,80,46,Valid,Yes,Curve,1
Maharashtra,Unknown,2024,December,Tuesday,19:00,Fatal,2,Car,3,3,Foggy,National Highway,Dry,Dark,No Control,85,47,Valid,No,Straight Road,1
Maharashtra,Mumbai,2024,April,Saturday,18:26,Minor,5,Car,2,0,Clear,Urban Road,Dry,Dusk,Signs,40,42,Valid,No,Straight Road,0
Kerala,Thiruvananthapuram,2023,March,Saturday,11:14,Minor,5,Car,4,0,Clear,Village Road,Dry,Daylight,No Control,35,39,Valid,No,Curve,0
Tamil Nadu,Unknown,2023,October,Sunday,15:29,Minor,3,Bus,2,0,Clear,Urban Road,Dry,Daylight,No Control,40,50,Expired,No,Bridge,0
Odisha,Bhubaneswar,2023,July,Wednesday,08:07,Serious,1,Truck,3,0,Rainy,National Highway,Wet,Daylight,No Control,65,39,Valid,No,Straight Road,1
Bihar,Unknown,2023,June,Monday,17:45,Minor,4,Tractor,2,0,Clear,State Highway,Under Construction,Dark,Police Checkpost,60,32,Valid,No,Straight Road,0
Andhra Pradesh,Vijayawada,2018,August,Thursday,08:37,Fatal,3,Tractor,4,1,Hazy,State Highway,Dry,Daylight,No Control,75,48,Expired,Yes,Curve,1
Tamil Nadu,Unknown,2023,December,Sunday,19:08,Serious,2,Car,3,0,Hazy,State Highway,Dry,Daylight,No Control,60,50,Valid,No,Curve,1
Andhra Pradesh,Unknown,2019,April,Sunday,17:58,Fatal,2,Two-Wheeler,5,1,Clear,State Highway,Dry,Dark,Signs,70,36,Valid,No,Curve,1
Chhattisgarh,Raipur,2021,November,Sunday,11:21,Minor,2,Car,1,0,Hazy,Urban Road,Dry,Daylight,Signs,45,44,Valid,No,Curve,0
Maharashtra,Nagpur,2020,November,Thursday,17:12,Serious,2,Truck,3,0,Hazy,Expressway,Dry,Dusk,Signs,105,42,Valid,No,Bridge,1
Tamil Nadu,Chennai,2019,October,Sunday,10:00,Minor,3,Two-Wheeler,3,0,Hazy,Village Road,Dry,Daylight,Signs,30,38,Valid,No,Bridge,0
Uttar Pradesh,Lucknow,2019,February,Tuesday,06:14,Fatal,3,Two-Wheeler,3,1,Clear,National Highway,Wet,Dawn,No Control,100,19,Valid,No,Straight Road,1
Karnataka,Bengaluru,2018,February,Sunday,08:01,Minor,2,Auto-Rickshaw,1,0,Clear,Urban Road,Dry,Daylight,Signs,55,24,Expired,No,Intersection,0
Kerala,Thiruvananthapuram,2021,February,Friday,09:28,Minor,2,Car,1,0,Clear,State Highway,Wet,Daylight,No Control,60,33,Valid,No,Straight Road,0
Gujarat,Ahmedabad,2020,September,Wednesday,08:36,Minor,3,Cycle,2,0,Rainy,Village Road,Wet,Daylight,No Control,25,37,Expired,No,Bridge,0
Madhya Pradesh,Indore,2020,May,Friday,17:22,Minor,1,Two-Wheeler,3,0,Clear,Urban Road,Dry,Dusk,Signs,40,23,Valid,No,Straight Road,0
Tamil Nadu,Madurai,2018,December,Saturday,18:52,Minor,5,Tractor,1,0,Clear,Urban Road,Under Construction,Dusk,Signals,50,18,Valid,No,Intersection,0
Uttar Pradesh,Lucknow,2022,January,Tuesday,13:57,Minor,3,Truck,2,0,Hazy,State Highway,Damaged,Daylight,No Control,65,36,Expired,No,Straight Road,0
Tamil Nadu,Unknown,2019,May,Monday,23:18,Fatal,2,Truck,2,1,Foggy,Urban Road,Dry,Dark,No Control,60,37,Valid,Yes,Curve,1
Delhi,New Delhi,2023,April,Saturday,20:38,Minor,2,Car,1,0,Clear,Urban Road,Dry,Dark,Signs,50,47,Valid,No,Intersection,0
West Bengal,Siliguri,2018,November,Sunday,04:24,Minor,1,Car,3,0,Clear,Urban Road,Dry,Dark,Signs,45,60,Valid,No,Straight Road,0
Karnataka,Bengaluru,2018,February,Friday,13:16,Minor,2,Truck,2,0,Clear,Urban Road,Dry,Daylight,No Control,40,21,Valid,No,Straight Road,0
Bihar,Patna,2020,May,Tuesday,21:12,Fatal,1,Two-Wheeler,6,2,Rainy,National Highway,Damaged,Dark,Signals,90,41,Unlicensed,No,Straight Road,1
Maharashtra,Pune,2020,November,Friday,08:31,Minor,2,Car,3,0,Clear,Urban Road,Dry,Daylight,No Control,55,66,Valid,No,Intersection,0
Tamil Nadu,Chennai,2024,December,Monday,11:08,Serious,2,Tractor,4,1,Hazy,National Highway,Dry,Daylight,Signals,100,21,Valid,No,Bridge,1
Uttar Pradesh,Kanpur,2021,November,Wednesday,22:40,Serious,1,Auto-Rickshaw,2,0,Hazy,National Highway,Dry,Dark,Signs,80,25,Valid,No,Straight Road,1
Jammu and Kashmir,Srinagar,2020,August,Monday,18:53,Serious,4,Cycle,5,0,Rainy,Urban Road,Wet,Dusk,Signs,55,49,Valid,No,Straight Road,1
Andhra Pradesh,Vijayawada,2023,February,Thursday,19:22,Serious,2,Bus,4,0,Hazy,State Highway,Dry,Dusk,Signs,75,39,Valid,No,Intersection,1
West Bengal,Unknown,2019,February,Wednesday,20:34,Fatal,3,Bus,1,1,Clear,National Highway,Dry,Dawn,No Control,65,40,Valid,Yes,Straight Road,1
Maharashtra,Mumbai,2024,May,Monday,07:58,Serious,3,Cycle,3,0,Clear,National Highway,Dry,Daylight,Signs,65,44,Valid,No,Straight Road,1
Uttar Pradesh,Lucknow,2020,June,Wednesday,17:42,Serious,3,Bus,2,1,Stormy,Urban Road,Wet,Dusk,No Control,35,46,Valid,No,Straight Road,1
West Bengal,Kolkata,2020,July,Friday,19:24,Minor,1,Two-Wheeler,1,0,Rainy,Expressway,Wet,Daylight,Signs,90,42,Valid,No,Straight Road,0
Karnataka,Unknown,2020,January,Wednesday,08:52,Minor,1,Car,1,0,Clear,Urban Road,Dry,Daylight,Police Checkpost,40,44,Valid,No,Intersection,0
Assam,Guwahati,2018,September,Tuesday,02:02,Serious,5,Two-Wheeler,3,0,Rainy,Urban Road,Wet,Dark,No Control,30,23,Valid,No,Intersection,1
Bihar,Patna,2022,May,Friday,07:35,Serious,4,Two-Wheeler,2,1,Clear,State Highway,Dry,Daylight,Signs,70,49,Valid,No,Bridge,1
Gujarat,Ahmedabad,2022,February,Saturday,18:15,Fatal,4,Truck,5,2,Clear,National Highway,Dry,Daylight,Signs,85,56,Valid,No,Curve,1
Kerala,Thiruvananthapuram,2022,November,Saturday,17:10,Serious,3,Cycle,3,0,Clear,National Highway,Under Construction,Dark,Signals,85,50,Valid,No,Straight Road,1
Himachal Pradesh,Shimla,2022,May,Thursday,20:31,Serious,3,Two-Wheeler,4,1,Clear,State Highway,Dry,Dark,Signs,75,43,Valid,No,Straight Road,1
Gujarat,Vadodara,2018,March,Saturday,09:42,Minor,5,Truck,1,0,Clear,Village Road,Dry,Daylight,No Control,20,60,Valid,No,Intersection,0
West Bengal,Kolkata,2024,June,Saturday,16:44,Serious,3,Car,4,0,Rainy,State Highway,Wet,Daylight,Police Checkpost,60,39,Valid,No,Intersection,1
Assam,Guwahati,2021,December,Friday,01:44,Minor,1,Auto-Rickshaw,2,0,Clear,State Highway,Dry,Dark,No Control,65,49,Valid,Yes,Straight Road,0
Tamil Nadu,Chennai,2022,October,Friday,21:17,Minor,3,Truck,1,0,Clear,Urban Road,Dry,Dark,Signs,35,57,Valid,No,Straight Road,0
Odisha,Unknown,2018,February,Monday,15:24,Minor,2,Car,3,0,Hazy,Urban Road,Dry,Daylight,Signals,40,33,Valid,No,Intersection,0
Maharashtra,Unknown,2023,September,Wednesday,18:06,Minor,1,Car,1,0,Clear,Urban Road,Wet,Dusk,No Control,45,53,Valid,No,Intersection,0
Telangana,Hyderabad,2022,August,Wednesday,09:37,Serious,2,Two-Wheeler,4,0,Clear,State Highway,Dry,Daylight,Signs,70,23,Valid,No,Bridge,1
Bihar,Gaya,2020,November,Thursday,04:48,Fatal,3,Car,2,1,Hazy,Expressway,Dry,Dark,Signs,90,27,Unlicensed,No,Straight Road,1
West Bengal,Durgapur,2024,December,Sunday,03:29,Minor,2,Truck,2,0,Clear,State Highway,Dry,Dusk,Signs,55,25,Valid,Yes,Straight Road,0
Rajasthan,Jodhpur,2022,September,Tuesday,19:18,Serious,4,Two-Wheeler,5,0,Rainy,State Highway,Wet,Dusk,Signs,60,18,Valid,No,Curve,1
West Bengal,Kolkata,2024,August,Friday,06:19,Minor,3,Car,2,0,Rainy,Village Road,Wet,Dawn,No Control,25,28,Valid,No,Curve,0
Uttar Pradesh,Unknown,2023,May,Sunday,19:39,Minor,3,Car,1,0,Clear,Village Road,Damaged,Dark,No Control,35,38,Valid,No,Bridge,0
Uttar Pradesh,Lucknow,2019,November,Friday,08:40,Serious,1,Two-Wheeler,4,0,Clear,Expressway,Under Construction,Daylight,Police Checkpost,105,33,Valid,No,Straight Road,1
Tamil Nadu,Madurai,2024,December,Tuesday,14:28,Serious,2,Two-Wheeler,3,0,Hazy,Urban Road,Dry,Daylight,Police Checkpost,55,22,Expired,No,Straight Road,1
Madhya Pradesh,Indore,2023,December,Sunday,08:14,Serious,1,Two-Wheeler,2,0,Clear,Village Road,Wet,Daylight,No Control,20,18,Valid,Yes,Intersection,1
Gujarat,Vadodara,2019,December,Wednesday,02:24,Minor,1,Auto-Rickshaw,2,0,Hazy,National Highway,Dry,Dark,Signs,90,28,Valid,No,Curve,0
Tamil Nadu,Chennai,2023,August,Monday,14:19,Minor,3,Auto-Rickshaw,2,0,Rainy,Village Road,Damaged,Daylight,No Control,35,27,Valid,No,Intersection,0
Odisha,Bhubaneswar,2021,December,Thursday,11:05,Minor,3,Two-Wheeler,4,0,Clear,Urban Road,Wet,Daylight,Signs,55,60,Valid,No,Straight Road,0
Karnataka,Mangaluru,2024,October,Tuesday,12:24,Fatal,5,Truck,2,1,Hazy,State Highway,Under Construction,Daylight,No Control,65,37,Valid,No,Straight Road,1
Gujarat,Surat,2019,March,Saturday,16:50,Serious,1,Car,3,0,Clear,National Highway,Dry,Daylight,No Control,90,58,Valid,No,Straight Road,1
Karnataka,Mysuru,2019,January,Tuesday,09:36,Serious,2,Car,2,0,Stormy,Urban Road,Wet,Dawn,No Control,45,28,Valid,No,Bridge,1
Uttar Pradesh,Lucknow,2020,December,Saturday,15:08,Minor,3,Car,2,0,Foggy,State Highway,Dry,Daylight,Police Checkpost,75,50,Unlicensed,No,Straight Road,0
Kerala,Thiruvananthapuram,2021,June,Monday,17:51,Fatal,2,Car,3,3,Rainy,Expressway,Wet,Dusk,Signs,110,40,Valid,No,Straight Road,1
Gujarat,Unknown,2022,November,Sunday,04:12,Minor,3,Truck,3,0,Clear,Village Road,Dry,Dark,No Control,35,27,Valid,No,Straight Road,0
Maharashtra,Mumbai,2019,April,Monday,10:36,Serious,4,Two-Wheeler,4,0,Clear,Urban Road,Damaged,Dusk,Signals,35,40,Valid,No,Intersection,1
Uttarakhand,Dehradun,2022,May,Sunday,04:34,Fatal,2,Two-Wheeler,4,2,Hazy,State Highway,Dry,Dark,No Control,70,35,Valid,Yes,Straight Road,1
Punjab,Amritsar,2018,October,Monday,00:43,Serious,5,Car,2,0,Clear,Urban Road,Dry,Dark,No Control,35,33,Valid,No,Intersection,1
Kerala,Kozhikode,2020,July,Sunday,02:45,Fatal,2,Two-Wheeler,2,2,Stormy,Urban Road,Wet,Dark,Signs,45,18,Unlicensed,No,Intersection,1
Delhi,New Delhi,2022,September,Saturday,16:17,Serious,1,Tractor,4,1,Clear,State Highway,Dry,Daylight,Signs,75,61,Valid,Yes,Curve,1
Assam,Guwahati,2019,April,Friday,04:46,Fatal,2,Two-Wheeler,4,2,Foggy,National Highway,Dry,Dark,Signals,65,44,Unlicensed,No,Bridge,1
Karnataka,Bengaluru,2021,August,Monday,20:35,Serious,2,Two-Wheeler,2,1,Rainy,Urban Road,Damaged,Dark,Signs,50,24,Valid,No,Straight Road,1
West Bengal,Durgapur,2022,June,Friday,18:20,Minor,1,Car,1,0,Clear,State Highway,Damaged,Dusk,Police Checkpost,60,42,Valid,No,Bridge,0
West Bengal,Siliguri,2019,December,Friday,00:06,Serious,2,Two-Wheeler,2,0,Clear,National Highway,Dry,Dark,Signs,70,33,Valid,No,Straight Road,1
Tamil Nadu,Chennai,2024,June,Friday,15:34,Serious,2,Truck,6,0,Hazy,National Highway,Dry,Daylight,Signals,60,54,Unlicensed,No,Straight Road,1
Uttar Pradesh,Agra,2023,February,Friday,00:27,Serious,2,Truck,4,0,Hazy,State Highway,Dry,Dark,Signs,70,34,Valid,No,Straight Road,1
Maharashtra,Unknown,2024,September,Sunday,05:28,Fatal,6,Truck,5,3,Rainy,Urban Road,Wet,Dark,Signs,55,36,Unlicensed,No,Straight Road,1
Telangana,Warangal,2021,December,Sunday,23:41,Serious,1,Car,3,0,Hazy,National Highway,Dry,Dark,Signs,80,29,Valid,No,Bridge,1
Bihar,Patna,2020,November,Thursday,13:42,Minor,3,Auto-Rickshaw,1,0,Clear,Urban Road,Dry,Daylight,No Control,35,43,Expired,No,Intersection,0
Bihar,Gaya,2024,February,Monday,01:10,Fatal,3,Two-Wheeler,3,1,Clear,Village Road,Dry,Dark,No Control,30,37,Valid,Yes,Curve,1
Tamil Nadu,Chennai,2023,December,Tuesday,20:17,Serious,3,Car,2,0,Clear,Urban Road,Dry,Dark,No Control,60,52,Valid,No,Straight Road,1
Uttar Pradesh,Varanasi,2023,May,Saturday,21:54,Minor,2,Cycle,2,0,Clear,Urban Road,Dry,Dark,Signs,55,41,Valid,No,Intersection,0
Gujarat,Unknown,2019,November,Sunday,15:35,Serious,2,Car,3,0,Clear,National Highway,Under Construction,Daylight,Signals,90,66,Unlicensed,No,Straight Road,1
Madhya Pradesh,Unknown,2024,August,Thursday,17:25,Minor,3,Tractor,3,0,Clear,State Highway,Damaged,Dusk,Signs,50,35,Valid,No,Straight Road,0
Assam,Guwahati,2021,December,Monday,18:58,Serious,3,Truck,3,0,Clear,Urban Road,Dry,Dark,No Control,55,27,Unlicensed,No,Intersection,1
Delhi,New Delhi,2023,May,Wednesday,18:40,Minor,2,Car,4,0,Clear,Village Road,Dry,Dusk,No Control,30,28,Valid,No,Intersection,0
Assam,Guwahati,2023,August,Wednesday,13:50,Serious,2,Truck,3,0,Clear,Village Road,Dry,Daylight,Signs,30,28,Valid,No,Straight Road,1
Haryana,Faridabad,2018,September,Sunday,19:28,Fatal,3,Cycle,3,1,Rainy,State Highway,Damaged,Dark,Signs,60,27,Valid,Yes,Bridge,1
Uttarakhand,Dehradun,2018,February,Saturday,14:09,Minor,1,Auto-Rickshaw,1,0,Clear,National Highway,Damaged,Daylight,Police Checkpost,95,55,Valid,No,Curve,0
Gujarat,Unknown,2018,October,Monday,08:43,Minor,2,Two-Wheeler,1,0,Clear,Urban Road,Dry,Daylight,Signs,45,34,Unlicensed,No,Intersection,0
Maharashtra,Nashik,2022,February,Wednesday,00:48,Serious,3,Bus,2,1,Clear,Expressway,Dry,Dark,Signs,90,41,Valid,No,Straight Road,1
Maharashtra,Pune,2024,October,Monday,10:35,Fatal,3,Two-Wheeler,2,1,Clear,Expressway,Damaged,Daylight,Signs,95,22,Expired,Yes,Curve,1
Karnataka,Mysuru,2018,February,Friday,04:25,Fatal,3,Two-Wheeler,3,3,Hazy,Expressway,Dry,Dark,Signs,90,37,Valid,No,Curve,1
Tamil Nadu,Coimbatore,2018,March,Friday,03:07,Serious,2,Car,3,0,Clear,National Highway,Dry,Dark,Signs,95,18,Valid,No,Straight Road,1
Uttar Pradesh,Agra,2021,June,Monday,13:14,Minor,1,Car,1,0,Rainy,Village Road,Wet,Daylight,No Control,35,41,Unlicensed,No,Straight Road,0
Chhattisgarh,Bilaspur,2020,March,Wednesday,22:55,Serious,2,Two-Wheeler,6,0,Foggy,National Highway,Dry,Dark,Signs,85,31,Valid,No,Bridge,1
Uttar Pradesh,Lucknow,2018,January,Sunday,05:10,Serious,3,Auto-Rickshaw,2,0,Hazy,National Highway,Dry,Dawn,Police Checkpost,90,56,Valid,No,Straight Road,1
Chhattisgarh,Raipur,2022,January,Saturday,09:39,Serious,1,Two-Wheeler,2,0,Clear,Urban Road,Dry,Daylight,No Control,55,47,Valid,Yes,Straight Road,1
Bihar,Gaya,2024,April,Friday,19:39,Serious,4,Two-Wheeler,4,0,Hazy,National Highway,Dry,Daylight,Signs,75,47,Valid,No,Straight Road,1
West Bengal,Siliguri,2019,June,Thursday,11:28,Serious,2,Car,3,0,Rainy,State Highway,Wet,Daylight,No Control,55,27,Valid,No,Curve,1
Telangana,Unknown,2018,January,Sunday,18:59,Serious,3,Truck,2,0,Foggy,National Highway,Under Construction,Daylight,Signals,95,41,Valid,No,Straight Road,1
Tamil Nadu,Coimbatore,2019,February,Saturday,14:40,Serious,2,Two-Wheeler,2,0,Clear,National Highway,Dry,Daylight,Signs,75,61,Valid,No,Straight Road,1
Telangana,Warangal,2019,August,Sunday,16:58,Minor,2,Auto-Rickshaw,1,0,Rainy,National Highway,Wet,Daylight,Signs,60,28,Valid,No,Straight Road,0
Uttar Pradesh,Varanasi,2021,April,Monday,07:15,Minor,3,Two-Wheeler,1,0,Rainy,Urban Road,Wet,Daylight,Signs,55,27,Valid,No,Bridge,0
Jharkhand,Unknown,2018,October,Tuesday,10:44,Minor,1,Car,3,0,Clear,State Highway,Under Construction,Daylight,Police Checkpost,55,38,Valid,No,Straight Road,0
Tamil Nadu,Coimbatore,2020,November,Monday,16:46,Minor,2,Auto-Rickshaw,1,0,Clear,Urban Road,Dry,Daylight,Signals,35,40,Valid,No,Intersection,0
Tamil Nadu,Unknown,2018,January,Sunday,01:55,Serious,4,Bus,4,0,Clear,Urban Road,Dry,Dark,No Control,50,45,Valid,No,Straight Road,1
Andhra Pradesh,Vijayawada,2022,December,Saturday,07:24,Fatal,5,Truck,5,2,Foggy,National Highway,Dry,Daylight,No Control,100,44,Valid,No,Straight Road,1
Telangana,Hyderabad,2021,September,Tuesday,11:19,Minor,1,Two-Wheeler,1,0,Clear,Village Road,Dry,Daylight,Signs,20,40,Valid,No,Bridge,0
Gujarat,Vadodara,2018,October,Sunday,17:48,Fatal,3,Two-Wheeler,2,1,Clear,National Highway,Damaged,Dusk,Signs,85,29,Valid,No,Straight Road,1
West Bengal,Kolkata,2018,June,Sunday,14:43,Serious,4,Car,2,0,Stormy,Village Road,Wet,Daylight,No Control,25,61,Valid,No,Bridge,1
Uttar Pradesh,Agra,2021,January,Tuesday,18:16,Fatal,1,Cycle,3,1,Clear,Expressway,Dry,Dark,Signs,115,55,Valid,No,Straight Road,1
Telangana,Hyderabad,2022,November,Friday,18:18,Minor,2,Two-Wheeler,1,0,Clear,Village Road,Dry,Dusk,Signs,35,43,Unlicensed,No,Straight Road,0
Tamil Nadu,Unknown,2019,July,Friday,01:47,Minor,2,Auto-Rickshaw,1,0,Rainy,Urban Road,Wet,Dark,Police Checkpost,35,52,Unlicensed,No,Straight Road,0
Tamil Nadu,Unknown,2020,January,Monday,21:34,Minor,1,Bus,1,0,Foggy,Urban Road,Damaged,Dark,Signs,30,37,Valid,No,Intersection,0
Uttar Pradesh,Unknown,2022,February,Saturday,19:54,Serious,4,Tractor,2,0,Clear,National Highway,Dry,Dusk,Signs,75,23,Valid,No,Intersection,1
Tamil Nadu,Coimbatore,2021,March,Tuesday,09:37,Serious,1,Two-Wheeler,2,0,Clear,Village Road,Damaged,Daylight,Signs,20,48,Unlicensed,No,Curve,1
Tamil Nadu,Madurai,2018,May,Sunday,13:58,Minor,4,Two-Wheeler,2,0,Clear,National Highway,Dry,Daylight,Signs,75,22,Valid,No,Straight Road,0
Gujarat,Vadodara,2020,June,Saturday,09:19,Minor,3,Two-Wheeler,1,0,Clear,Urban Road,Dry,Daylight,No Control,35,62,Expired,No,Intersection,0
Uttar Pradesh,Lucknow,2019,June,Sunday,21:46,Serious,1,Car,3,0,Rainy,Urban Road,Dry,Dusk,Signals,60,24,Valid,Yes,Intersection,1
Uttar Pradesh,Unknown,2024,November,Saturday,11:11,Minor,2,Auto-Rickshaw,1,0,Clear,Urban Road,Dry,Daylight,Police Checkpost,50,54,Unlicensed,No,Straight Road,0
Rajasthan,Jaipur,2023,December,Tuesday,11:42,Minor,3,Cycle,1,0,Foggy,Urban Road,Dry,Daylight,Signs,35,60,Valid,No,Intersection,0
Maharashtra,Nashik,2020,September,Wednesday,21:25,Fatal,5,Two-Wheeler,4,1,Clear,State Highway,Wet,Dark,Police Checkpost,70,21,Valid,No,Straight Road,1
Andhra Pradesh,Unknown,2019,August,Saturday,16:31,Serious,2,Auto-Rickshaw,2,0,Hazy,National Highway,Dry,Daylight,No Control,90,20,Valid,No,Straight Road,1
Chhattisgarh,Unknown,2018,November,Wednesday,06:48,Fatal,2,Auto-Rickshaw,2,2,Hazy,Urban Road,Damaged,Dawn,Signs,55,44,Unlicensed,No,Intersection,1
Gujarat,Vadodara,2023,April,Saturday,16:06,Serious,2,Car,2,0,Clear,Expressway,Dry,Daylight,Signs,105,56,Valid,No,Straight Road,1
Odisha,Bhubaneswar,2024,July,Wednesday,19:13,Serious,1,Car,2,0,Rainy,National Highway,Wet,Dusk,Signals,85,46,Valid,No,Straight Road,1
Maharashtra,Pune,2019,August,Tuesday,10:33,Minor,1,Auto-Rickshaw,1,0,Rainy,Urban Road,Damaged,Daylight,No Control,55,28,Valid,No,Intersection,0
Maharashtra,Unknown,2022,April,Thursday,14:24,Minor,3,Auto-Rickshaw,2,0,Clear,Urban Road,Dry,Daylight,No Control,35,56,Unlicensed,Yes,Straight Road,0
Kerala,Kozhikode,2019,December,Saturday,16:33,Fatal,2,Tractor,1,1,Foggy,State Highway,Dry,Daylight,No Control,80,65,Unlicensed,No,Curve,1
Bihar,Patna,2024,March,Thursday,14:25,Serious,4,Car,3,0,Clear,National Highway,Damaged,Daylight,Signs,70,26,Valid,No,Bridge,1
Haryana,Gurugram,2020,January,Friday,23:03,Minor,2,Car,2,0,Clear,Urban Road,Dry,Dark,No Control,55,42,Valid,No,Straight Road,0
Maharashtra,Nashik,2018,April,Thursday,14:56,Fatal,2,Auto-Rickshaw,3,1,Clear,National Highway,Dry,Daylight,Signs,100,45,Expired,No,Straight Road,1
Bihar,Patna,2024,October,Saturday,16:41,Minor,3,Two-Wheeler,1,0,Clear,Village Road,Dry,Daylight,Signs,25,35,Valid,No,Straight Road,0
Karnataka,Bengaluru,2024,May,Friday,19:36,Minor,2,Auto-Rickshaw,3,0,Rainy,State Highway,Wet,Dark,No Control,70,27,Valid,No,Curve,0
Tamil Nadu,Madurai,2020,March,Friday,06:08,Serious,3,Two-Wheeler,4,1,Rainy,Urban Road,Wet,Dawn,Signals,55,25,Valid,No,Intersection,1
Uttar Pradesh,Agra,2024,November,Thursday,02:11,Serious,3,Car,3,0,Clear,State Highway,Dry,Dark,Signs,60,18,Valid,No,Intersection,1
Goa,Panaji,2019,February,Friday,23:35,Serious,4,Truck,4,0,Clear,Urban Road,Dry,Dark,No Control,45,48,Valid,No,Intersection,1
Maharashtra,Nashik,2019,February,Monday,18:03,Fatal,3,Two-Wheeler,4,2,Clear,National Highway,Dry,Dusk,No Control,90,32,Valid,No,Curve,1
Haryana,Gurugram,2021,November,Friday,11:28,Minor,1,Car,1,0,Clear,State Highway,Dry,Daylight,Signs,70,58,Valid,Yes,Curve,0
West Bengal,Siliguri,2022,April,Tuesday,00:53,Serious,3,Two-Wheeler,5,0,Hazy,Urban Road,Dry,Dark,Signs,55,44,Valid,No,Intersection,1
Kerala,Kochi,2020,January,Sunday,07:52,Minor,3,Two-Wheeler,2,0,Clear,Urban Road,Dry,Daylight,Signs,40,37,Valid,No,Straight Road,0
Andhra Pradesh,Unknown,2023,June,Saturday,00:30,Minor,1,Two-Wheeler,2,0,Stormy,Urban Road,Damaged,Dark,Signs,45,55,Valid,No,Intersection,0
Delhi,Unknown,2023,September,Friday,11:13,Serious,1,Two-Wheeler,4,0,Clear,National Highway,Dry,Daylight,Signs,90,37,Valid,No,Straight Road,1
Uttar Pradesh,Agra,2018,October,Sunday,15:04,Minor,3,Truck,2,0,Clear,National Highway,Wet,Daylight,Police Checkpost,70,31,Valid,No,Straight Road,0
Maharashtra,Nagpur,2024,February,Friday,07:10,Minor,1,Car,2,0,Clear,National Highway,Dry,Daylight,Signals,75,47,Valid,Yes,Straight Road,0
West Bengal,Kolkata,2019,April,Tuesday,16:16,Serious,1,Two-Wheeler,3,0,Hazy,National Highway,Under Construction,Daylight,Signs,80,31,Valid,No,Straight Road,1
Karnataka,Mysuru,2021,August,Saturday,22:33,Fatal,3,Two-Wheeler,5,2,Clear,National Highway,Damaged,Dark,No Control,90,40,Valid,No,Intersection,1
Maharashtra,Mumbai,2020,August,Sunday,23:43,Fatal,3,Truck,3,2,Rainy,National Highway,Wet,Dusk,No Control,90,42,Valid,Yes,Curve,1
Uttar Pradesh,Unknown,2021,August,Monday,19:27,Serious,2,Two-Wheeler,2,0,Rainy,Urban Road,Wet,Dark,Signs,40,38,Valid,No,Curve,1
Tamil Nadu,Madurai,2018,May,Tuesday,12:49,Serious,1,Car,3,0,Clear,National Highway,Dry,Daylight,Police Checkpost,100,42,Valid,No,Bridge,1
Maharashtra,Mumbai,2020,November,Friday,15:09,Serious,2,Truck,3,0,Clear,State Highway,Dry,Daylight,Police Checkpost,70,42,Expired,No,Curve,1
Maharashtra,Mumbai,2018,January,Thursday,14:25,Minor,2,Tractor,3,0,Stormy,Urban Road,Wet,Daylight,Signs,50,40,Valid,No,Straight Road,0
Assam,Guwahati,2024,October,Friday,06:36,Minor,3,Two-Wheeler,3,0,Clear,Urban Road,Dry,Dark,Signs,35,31,Valid,No,Straight Road,0
Tamil Nadu,Chennai,2019,December,Friday,20:03,Serious,2,Two-Wheeler,2,0,Clear,Urban Road,Dry,Dark,Signals,35,25,Expired,No,Straight Road,1
Jammu and Kashmir,Jammu,2021,September,Saturday,17:54,Minor,1,Two-Wheeler,1,0,Clear,National Highway,Damaged,Dusk,Signs,65,29,Valid,No,Straight Road,0
Uttarakhand,Dehradun,2019,June,Monday,16:59,Serious,3,Auto-Rickshaw,2,0,Rainy,Urban Road,Wet,Daylight,No Control,30,29,Valid,No,Straight Road,1
Uttar Pradesh,Agra,2019,May,Thursday,08:44,Fatal,2,Car,2,1,Hazy,National Highway,Damaged,Daylight,Signals,100,45,Expired,No,Straight Road,1
Andhra Pradesh,Visakhapatnam,2020,June,Sunday,06:42,Minor,2,Truck,2,0,Clear,Urban Road,Under Construction,Dark,Signals,40,58,Valid,No,Straight Road,0
West Bengal,Kolkata,2024,February,Wednesday,20:12,Fatal,2,Car,3,2,Foggy,Village Road,Dry,Dark,No Control,35,37,Valid,Yes,Curve,1
Andhra Pradesh,Vijayawada,2021,March,Thursday,07:10,Minor,2,Car,4,0,Clear,Urban Road,Dry,Dawn,Signs,45,52,Valid,No,Intersection,0
Maharashtra,Mumbai,2024,August,Monday,04:14,Fatal,1,Tractor,4,1,Stormy,Expressway,Wet,Dark,Signs,85,29,Unlicensed,No,Curve,1
Uttar Pradesh,Varanasi,2023,July,Tuesday,16:08,Fatal,2,Two-Wheeler,3,1,Rainy,National Highway,Under Construction,Daylight,No Control,90,36,Valid,No,Straight Road,1
Maharashtra,Unknown,2021,June,Thursday,17:33,Serious,1,Car,4,0,Hazy,State Highway,Damaged,Dark,No Control,65,35,Valid,No,Curve,1
West Bengal,Durgapur,2024,June,Thursday,05:57,Fatal,3,Tractor,1,1,Rainy,National Highway,Wet,Dark,No Control,90,44,Valid,No,Curve,1
Jammu and Kashmir,Jammu,2020,January,Saturday,07:40,Fatal,1,Two-Wheeler,1,1,Foggy,National Highway,Under Construction,Daylight,Signs,90,30,Unlicensed,No,Curve,1
Telangana,Hyderabad,2021,November,Friday,19:52,Serious,3,Two-Wheeler,2,0,Clear,National Highway,Dry,Dark,No Control,90,46,Valid,No,Curve,1
Andhra Pradesh,Visakhapatnam,2022,December,Sunday,21:58,Serious,1,Two-Wheeler,4,0,Clear,Village Road,Dry,Dark,No Control,30,42,Unlicensed,No,Straight Road,1
Jammu and Kashmir,Unknown,2022,March,Sunday,13:39,Minor,2,Auto-Rickshaw,1,0,Hazy,State Highway,Dry,Daylight,No Control,55,39,Valid,No,Curve,0
Telangana,Warangal,2023,April,Tuesday,19:06,Minor,3,Tractor,1,0,Clear,Village Road,Dry,Dark,Signs,30,30,Valid,No,Bridge,0
Maharashtra,Nagpur,2019,August,Monday,09:55,Minor,4,Truck,1,0,Rainy,Village Road,Wet,Daylight,Signs,35,18,Valid,No,Straight Road,0
Delhi,New Delhi,2021,January,Sunday,17:32,Minor,6,Tractor,3,0,Clear,Urban Road,Dry,Dusk,Police Checkpost,55,32,Valid,No,Straight Road,0
Karnataka,Unknown,2022,February,Wednesday,15:32,Minor,2,Two-Wheeler,2,0,Clear,Village Road,Dry,Daylight,No Control,30,46,Valid,No,Straight Road,0
Maharashtra,Nagpur,2020,November,Wednesday,19:59,Serious,2,Truck,4,0,Clear,State Highway,Dry,Dusk,Signs,50,18,Expired,No,Curve,1
Rajasthan,Jaipur,2024,March,Tuesday,18:41,Minor,1,Car,3,0,Clear,Village Road,Under Construction,Dusk,Signs,40,18,Valid,No,Straight Road,0
Jharkhand,Jamshedpur,2020,July,Saturday,09:06,Minor,1,Two-Wheeler,2,0,Rainy,Urban Road,Wet,Daylight,No Control,50,34,Expired,No,Straight Road,0
Tamil Nadu,Coimbatore,2020,November,Wednesday,06:45,Minor,3,Car,1,0,Rainy,Urban Road,Wet,Dawn,Signals,45,27,Unlicensed,No,Intersection,0
Rajasthan,Jaipur,2020,September,Tuesday,19:58,Minor,4,Car,1,0,Clear,Urban Road,Dry,Daylight,Signs,45,76,Valid,No,Straight Road,0
Uttar Pradesh,Unknown,2022,April,Thursday,01:14,Minor,2,Truck,1,0,Clear,Village Road,Dry,Dark,No Control,30,40,Valid,No,Straight Road,0
Maharashtra,Pune,2018,February,Saturday,17:27,Minor,4,Auto-Rickshaw,2,0,Clear,Village Road,Dry,Dusk,No Control,30,32,Valid,No,Straight Road,0
Maharashtra,Nashik,2019,September,Wednesday,13:06,Fatal,2,Two-Wheeler,2,2,Rainy,National Highway,Wet,Daylight,Signs,85,51,Expired,No,Bridge,1
Kerala,Kochi,2023,May,Saturday,04:43,Fatal,3,Two-Wheeler,4,1,Hazy,National Highway,Under Construction,Dark,Signals,70,36,Valid,Yes,Straight Road,1
Delhi,New Delhi,2019,December,Thursday,17:08,Minor,2,Cycle,1,0,Rainy,State Highway,Wet,Daylight,No Control,60,36,Valid,No,Straight Road,0
Uttar Pradesh,Varanasi,2018,August,Thursday,13:25,Minor,2,Truck,1,0,Rainy,Village Road,Wet,Daylight,Signs,25,59,Valid,No,Straight Road,0
Tamil Nadu,Coimbatore,2019,January,Wednesday,20:39,Serious,2,Two-Wheeler,4,0,Clear,National Highway,Dry,Dark,Signals,70,18,Valid,No,Straight Road,1
Uttar Pradesh,Kanpur,2020,April,Tuesday,08:50,Minor,3,Car,2,0,Clear,Urban Road,Dry,Daylight,No Control,60,26,Valid,No,Straight Road,0
Maharashtra,Unknown,2018,September,Wednesday,00:19,Serious,1,Auto-Rickshaw,2,0,Rainy,State Highway,Wet,Dawn,Signs,55,43,Valid,No,Straight Road,1
Madhya Pradesh,Gwalior,2023,September,Sunday,06:54,Minor,1,Two-Wheeler,2,0,Rainy,Village Road,Wet,Daylight,No Control,35,26,Valid,No,Curve,0
Andhra Pradesh,Visakhapatnam,2018,September,Monday,09:01,Minor,1,Two-Wheeler,1,0,Hazy,Village Road,Under Construction,Daylight,No Control,30,25,Valid,No,Straight Road,0
Telangana,Warangal,2020,March,Sunday,17:09,Minor,1,Car,2,0,Clear,Urban Road,Dry,Dusk,Signs,55,47,Valid,No,Straight Road,0
Karnataka,Bengaluru,2019,March,Monday,10:07,Minor,2,Two-Wheeler,1,0,Hazy,State Highway,Dry,Daylight,Signs,65,29,Valid,No,Straight Road,0
Madhya Pradesh,Gwalior,2020,March,Wednesday,05:44,Minor,4,Tractor,1,0,Clear,Village Road,Dry,Daylight,No Control,35,42,Valid,No,Straight Road,0
Maharashtra,Nagpur,2018,September,Friday,23:21,Fatal,2,Two-Wheeler,4,2,Stormy,National Highway,Wet,Dark,Signs,75,34,Valid,No,Curve,1
Uttar Pradesh,Agra,2024,January,Saturday,05:01,Minor,4,Truck,1,0,Hazy,Urban Road,Dry,Dawn,No Control,30,41,Valid,No,Intersection,0
Jharkhand,Ranchi,2024,October,Tuesday,10:47,Fatal,3,Truck,2,1,Hazy,Village Road,Dry,Dusk,No Control,25,36,Valid,No,Curve,1
Bihar,Patna,2018,April,Tuesday,20:16,Serious,2,Two-Wheeler,4,0,Clear,Urban Road,Dry,Dark,Signals,50,47,Valid,No,Straight Road,1
Assam,Guwahati,2019,June,Friday,17:40,Minor,2,Two-Wheeler,2,0,Rainy,Village Road,Wet,Dark,Police Checkpost,25,48,Valid,No,Bridge,0
Assam,Guwahati,2024,March,Wednesday,09:33,Minor,2,Two-Wheeler,1,0,Clear,State Highway,Dry,Daylight,Police Checkpost,60,29,Valid,No,Straight Road,0
Telangana,Unknown,2020,June,Friday,22:06,Minor,3,Car,1,0,Clear,Urban Road,Dry,Dark,No Control,30,18,Valid,No,Straight Road,0
Jharkhand,Jamshedpur,2018,October,Saturday,14:36,Fatal,5,Two-Wheeler,3,2,Clear,Expressway,Dry,Daylight,Signs,95,35,Valid,No,Curve,1
Karnataka,Unknown,2018,March,Monday,00:51,Serious,4,Cycle,3,0,Foggy,Urban Road,Damaged,Dark,Signals,30,30,Unlicensed,No,Curve,1
Maharashtra,Unknown,2020,July,Sunday,00:21,Serious,4,Bus,2,0,Rainy,Village Road,Wet,Dark,No Control,25,28,Valid,Yes,Intersection,1
Maharashtra,Nagpur,2021,January,Monday,22:50,Minor,1,Two-Wheeler,1,0,Foggy,Village Road,Dry,Dark,Signs,25,18,Valid,No,Straight Road,0
Maharashtra,Pune,2022,March,Sunday,09:16,Serious,3,Two-Wheeler,5,0,Clear,National Highway,Dry,Daylight,Signs,65,32,Valid,No,Bridge,1
Maharashtra,Unknown,2019,September,Sunday,19:16,Fatal,3,Two-Wheeler,3,1,Rainy,National Highway,Wet,Dusk,Signs,65,38,Unlicensed,No,Straight Road,1
Karnataka,Mangaluru,2020,July,Friday,02:10,Minor,1,Bus,1,0,Clear,Urban Road,Damaged,Dark,No Control,35,30,Valid,No,Intersection,0
Andhra Pradesh,Visakhapatnam,2019,August,Sunday,06:12,Minor,3,Auto-Rickshaw,1,0,Clear,Village Road,Dry,Daylight,Signs,35,36,Valid,No,Straight Road,0
Bihar,Gaya,2021,March,Saturday,20:14,Minor,2,Car,2,0,Clear,Village Road,Dry,Dark,No Control,20,45,Valid,No,Curve,0
Madhya Pradesh,Gwalior,2020,March,Monday,23:38,Minor,1,Car,2,0,Hazy,State Highway,Dry,Dark,Signs,50,54,Valid,No,Straight Road,0
Uttar Pradesh,Agra,2019,June,Monday,02:07,Minor,3,Car,1,0,Rainy,Urban Road,Wet,Dark,No Control,50,55,Valid,No,Intersection,0
Kerala,Kochi,2023,February,Monday,07:32,Minor,3,Bus,1,0,Foggy,Urban Road,Dry,Daylight,No Control,45,29,Valid,No,Straight Road,0
Karnataka,Mangaluru,2021,November,Thursday,18:15,Serious,4,Auto-Rickshaw,2,0,Clear,State Highway,Dry,Dark,No Control,75,28,Expired,No,Curve,1
Maharashtra,Nagpur,2021,April,Friday,14:08,Minor,2,Two-Wheeler,2,0,Clear,Urban Road,Dry,Daylight,Signs,40,20,Valid,No,Straight Road,0
Tamil Nadu,Coimbatore,2018,September,Thursday,11:49,Serious,1,Auto-Rickshaw,3,0,Stormy,Expressway,Wet,Daylight,Signs,95,47,Valid,No,Curve,1
Tamil Nadu,Madurai,2018,February,Friday,07:32,Minor,1,Two-Wheeler,1,0,Rainy,Urban Road,Wet,Daylight,Signs,30,39,Expired,No,Curve,0
Tamil Nadu,Coimbatore,2023,August,Thursday,22:17,Serious,3,Two-Wheeler,2,0,Clear,National Highway,Dry,Dark,Signs,65,54,Valid,No,Straight Road,1
Punjab,Amritsar,2024,March,Monday,07:38,Minor,3,Auto-Rickshaw,2,0,Clear,Urban Road,Dry,Daylight,Signals,55,39,Valid,No,Intersection,0
Bihar,Gaya,2022,April,Tuesday,08:54,Minor,1,Car,2,0,Clear,National Highway,Dry,Daylight,Signs,70,30,Valid,No,Bridge,0
Andhra Pradesh,Visakhapatnam,2018,May,Sunday,10:16,Minor,2,Two-Wheeler,1,0,Clear,Urban Road,Dry,Daylight,Signs,30,36,Valid,No,Straight Road,0
Uttar Pradesh,Unknown,2021,February,Wednesday,06:14,Serious,2,Two-Wheeler,4,1,Clear,Village Road,Dry,Dark,No Control,35,34,Valid,No,Straight Road,1
Punjab,Unknown,2019,February,Wednesday,14:40,Serious,2,Two-Wheeler,3,0,Clear,Urban Road,Dry,Daylight,Signals,60,28,Unlicensed,No,Intersection,1
Telangana,Hyderabad,2018,October,Tuesday,10:29,Minor,3,Two-Wheeler,1,0,Clear,Village Road,Dry,Daylight,No Control,25,38,Unlicensed,No,Bridge,0
Uttar Pradesh,Kanpur,2018,May,Sunday,16:40,Minor,4,Tractor,1,0,Foggy,Urban Road,Under Construction,Daylight,No Control,40,27,Valid,No,Straight Road,0
Telangana,Warangal,2021,July,Tuesday,11:10,Serious,2,Truck,4,0,Stormy,State Highway,Wet,Daylight,Signs,70,54,Valid,No,Intersection,1
Gujarat,Unknown,2020,August,Friday,05:55,Minor,4,Car,2,0,Rainy,Urban Road,Wet,Dawn,Police Checkpost,35,18,Valid,No,Straight Road,0
Gujarat,Surat,2021,August,Monday,20:01,Serious,2,Bus,2,0,Rainy,Urban Road,Wet,Dark,No Control,35,51,Expired,Yes,Intersection,1
Maharashtra,Mumbai,2022,August,Monday,14:16,Fatal,2,Two-Wheeler,1,1,Clear,State Highway,Dry,Daylight,Signs,75,31,Unlicensed,No,Intersection,1
Rajasthan,Jaipur,2019,December,Saturday,10:37,Serious,2,Two-Wheeler,4,1,Clear,National Highway,Dry,Daylight,Signs,90,18,Valid,No,Straight Road,1
Maharashtra,Nagpur,2020,August,Friday,00:31,Serious,4,Two-Wheeler,2,0,Rainy,Urban Road,Wet,Dark,Signs,35,18,Valid,No,Straight Road,1
Uttar Pradesh,Lucknow,2022,May,Saturday,16:20,Fatal,4,Two-Wheeler,6,5,Rainy,National Highway,Wet,Daylight,No Control,85,36,Valid,No,Straight Road,1
Uttar Pradesh,Kanpur,2019,April,Tuesday,18:58,Serious,1,Two-Wheeler,2,0,Clear,National Highway,Dry,Daylight,Signals,100,32,Valid,No,Bridge,1
Chhattisgarh,Unknown,2018,October,Sunday,17:20,Serious,2,Truck,2,0,Clear,State Highway,Dry,Dusk,No Control,55,42,Valid,No,Curve,1
Tamil Nadu,Madurai,2023,June,Friday,19:40,Serious,3,Car,2,1,Rainy,Expressway,Wet,Dusk,Signs,90,32,Valid,No,Straight Road,1
Karnataka,Bengaluru,2019,July,Sunday,06:24,Serious,3,Two-Wheeler,3,0,Rainy,State Highway,Under Construction,Daylight,No Control,75,44,Valid,No,Curve,1
Tamil Nadu,Madurai,2018,October,Tuesday,23:26,Fatal,3,Car,2,1,Rainy,Urban Road,Wet,Dark,Signs,60,37,Valid,No,Curve,1
Odisha,Cuttack,2023,March,Thursday,08:46,Serious,3,Truck,2,0,Rainy,State Highway,Damaged,Daylight,No Control,65,45,Valid,No,Intersection,1
Madhya Pradesh,Indore,2021,March,Wednesday,08:21,Serious,3,Tractor,3,0,Clear,National Highway,Dry,Daylight,No Control,80,47,Unlicensed,No,Straight Road,1
Assam,Guwahati,2019,January,Saturday,14:23,Minor,2,Auto-Rickshaw,3,0,Foggy,National Highway,Dry,Daylight,Signs,70,43,Valid,No,Straight Road,0
Tamil Nadu,Madurai,2023,January,Saturday,00:46,Minor,2,Two-Wheeler,2,0,Clear,National Highway,Dry,Dark,Signs,60,33,Valid,No,Straight Road,0
Maharashtra,Mumbai,2019,August,Thursday,12:05,Serious,2,Two-Wheeler,3,0,Rainy,State Highway,Under Construction,Daylight,Signs,65,54,Valid,No,Straight Road,1
Madhya Pradesh,Gwalior,2022,July,Monday,07:25,Serious,3,Car,3,0,Stormy,State Highway,Wet,Daylight,No Control,55,36,Valid,No,Bridge,1
Karnataka,Mysuru,2022,April,Tuesday,18:16,Minor,2,Car,1,0,Clear,Urban Road,Dry,Dark,Signs,40,28,Valid,Yes,Straight Road,0
Punjab,Amritsar,2023,March,Monday,18:28,Fatal,2,Auto-Rickshaw,4,1,Rainy,National Highway,Wet,Dark,Signals,95,32,Unlicensed,No,Straight Road,1
Odisha,Cuttack,2023,September,Sunday,16:34,Fatal,4,Bus,3,1,Foggy,State Highway,Dry,Daylight,No Control,75,42,Valid,Yes,Curve,1
Gujarat,Surat,2022,February,Wednesday,12:25,Minor,2,Car,1,0,Clear,National Highway,Dry,Daylight,Signals,80,49,Valid,No,Straight Road,0
Uttarakhand,Dehradun,2018,September,Monday,09:59,Serious,1,Cycle,2,0,Rainy,Village Road,Wet,Daylight,No Control,25,45,Unlicensed,No,Curve,1
Madhya Pradesh,Unknown,2024,November,Wednesday,19:54,Fatal,1,Two-Wheeler,5,1,Clear,State Highway,Dry,Dark,No Control,80,45,Valid,No,Bridge,1
Tamil Nadu,Coimbatore,2018,June,Monday,14:08,Minor,1,Truck,1,0,Rainy,Urban Road,Wet,Daylight,Signals,55,33,Valid,No,Straight Road,0
Rajasthan,Udaipur,2019,June,Sunday,13:38,Minor,3,Truck,1,0,Clear,Urban Road,Dry,Daylight,Signs,50,50,Valid,No,Straight Road,0
Maharashtra,Mumbai,2021,July,Wednesday,05:19,Minor,4,Car,1,0,Clear,State Highway,Dry,Daylight,Signs,70,37,Valid,No,Straight Road,0
Punjab,Ludhiana,2020,February,Sunday,08:42,Serious,1,Two-Wheeler,2,0,Clear,National Highway,Dry,Daylight,Signs,75,30,Expired,No,Straight Road,1
Maharashtra,Nashik,2022,August,Saturday,10:29,Minor,1,Two-Wheeler,2,0,Rainy,Urban Road,Wet,Dark,Signals,50,18,Expired,No,Intersection,0
Tamil Nadu,Unknown,2018,May,Friday,17:57,Minor,3,Two-Wheeler,1,0,Clear,Village Road,Dry,Dusk,Police Checkpost,30,44,Unlicensed,No,Straight Road,0
Madhya Pradesh,Unknown,2021,June,Thursday,20:56,Minor,2,Car,3,0,Rainy,Village Road,Damaged,Dark,No Control,25,30,Valid,No,Curve,0
Maharashtra,Nagpur,2020,January,Saturday,23:03,Minor,2,Truck,2,0,Foggy,State Highway,Dry,Dusk,No Control,50,24,Valid,No,Bridge,0
Maharashtra,Mumbai,2022,November,Saturday,12:06,Serious,3,Two-Wheeler,2,0,Clear,State Highway,Damaged,Daylight,Signs,50,22,Valid,No,Straight Road,1
Andhra Pradesh,Unknown,2021,May,Monday,12:01,Fatal,3,Auto-Rickshaw,2,2,Clear,State Highway,Damaged,Daylight,No Control,75,48,Expired,No,Intersection,1
Maharashtra,Mumbai,2023,January,Sunday,18:47,Minor,2,Car,1,0,Clear,National Highway,Dry,Daylight,Signs,95,39,Valid,No,Straight Road,0
Gujarat,Vadodara,2019,October,Wednesday,10:13,Minor,2,Car,1,0,Clear,Expressway,Dry,Daylight,Signs,100,43,Valid,No,Straight Road,0
Karnataka,Mangaluru,2024,December,Wednesday,14:43,Serious,3,Two-Wheeler,3,1,Clear,National Highway,Dry,Daylight,Signs,80,34,Valid,No,Curve,1
Uttar Pradesh,Varanasi,2020,July,Thursday,17:19,Fatal,3,Two-Wheeler,5,2,Clear,National Highway,Under Construction,Dusk,Signs,95,37,Expired,No,Straight Road,1
Uttar Pradesh,Varanasi,2020,January,Saturday,08:18,Serious,1,Car,2,0,Foggy,National Highway,Dry,Daylight,No Control,100,36,Expired,No,Straight Road,1
Bihar,Gaya,2021,December,Wednesday,09:36,Serious,2,Two-Wheeler,3,0,Clear,Village Road,Under Construction,Daylight,No Control,35,23,Valid,No,Straight Road,1
Chhattisgarh,Raipur,2019,March,Wednesday,10:46,Minor,2,Tractor,2,0,Clear,Urban Road,Dry,Daylight,Signs,45,47,Valid,No,Intersection,0
Uttar Pradesh,Unknown,2023,March,Monday,15:33,Fatal,3,Truck,2,1,Hazy,National Highway,Dry,Daylight,Signs,75,27,Valid,No,Bridge,1
Chhattisgarh,Bilaspur,2019,September,Thursday,09:34,Serious,2,Two-Wheeler,2,0,Rainy,State Highway,Damaged,Daylight,Signs,65,30,Expired,No,Straight Road,1
Madhya Pradesh,Gwalior,2024,April,Tuesday,07:44,Minor,2,Car,4,0,Clear,National Highway,Dry,Daylight,Police Checkpost,90,41,Valid,No,Straight Road,0
West Bengal,Durgapur,2019,February,Sunday,06:10,Fatal,2,Auto-Rickshaw,4,2,Rainy,National Highway,Dry,Dawn,No Control,100,49,Valid,No,Curve,1
Andhra Pradesh,Vijayawada,2024,September,Wednesday,19:35,Fatal,1,Cycle,3,2,Rainy,Expressway,Wet,Dusk,Signs,105,30,Valid,No,Straight Road,1
Andhra Pradesh,Unknown,2020,April,Sunday,20:17,Minor,2,Cycle,1,0,Clear,Urban Road,Dry,Dark,Signals,50,46,Valid,No,Intersection,0
Punjab,Amritsar,2022,November,Saturday,21:09,Minor,2,Bus,1,0,Clear,Urban Road,Under Construction,Dark,Signs,30,41,Valid,No,Intersection,0
Gujarat,Vadodara,2024,February,Saturday,19:19,Minor,4,Two-Wheeler,3,0,Clear,Urban Road,Dry,Dark,Signals,40,34,Valid,No,Curve,0
Rajasthan,Jaipur,2018,November,Sunday,06:11,Minor,2,Truck,1,0,Clear,Urban Road,Dry,Dawn,Signals,40,36,Valid,No,Curve,0
Tamil Nadu,Unknown,2020,September,Tuesday,05:19,Serious,3,Truck,4,0,Rainy,Urban Road,Damaged,Dark,Signs,55,36,Valid,No,Curve,1
Maharashtra,Unknown,2024,March,Friday,13:01,Serious,1,Auto-Rickshaw,2,0,Stormy,National Highway,Damaged,Daylight,No Control,70,40,Valid,No,Straight Road,1
Telangana,Warangal,2019,July,Monday,14:44,Minor,2,Auto-Rickshaw,1,0,Hazy,Urban Road,Under Construction,Daylight,No Control,40,51,Valid,No,Intersection,0
Maharashtra,Unknown,2018,December,Monday,18:20,Minor,2,Car,1,0,Clear,Urban Road,Under Construction,Dark,No Control,50,41,Expired,No,Straight Road,0
Tamil Nadu,Unknown,2021,January,Wednesday,08:39,Serious,2,Two-Wheeler,3,0,Rainy,State Highway,Wet,Daylight,Signs,65,34,Valid,No,Intersection,1
Maharashtra,Nagpur,2018,October,Saturday,21:44,Fatal,2,Car,2,2,Hazy,National Highway,Dry,Dark,No Control,75,32,Expired,No,Straight Road,1
Uttar Pradesh,Lucknow,2024,June,Saturday,09:49,Serious,5,Cycle,2,0,Rainy,Village Road,Wet,Daylight,Signs,25,39,Expired,No,Curve,1
West Bengal,Siliguri,2024,December,Tuesday,15:04,Minor,3,Car,1,0,Hazy,Village Road,Dry,Daylight,No Control,35,31,Valid,No,Straight Road,0
West Bengal,Unknown,2019,March,Saturday,20:30,Fatal,2,Two-Wheeler,2,2,Clear,National Highway,Dry,Dark,Signals,100,18,Valid,Yes,Straight Road,1
Gujarat,Ahmedabad,2019,September,Tuesday,14:25,Minor,1,Car,1,0,Rainy,National Highway,Wet,Daylight,Signs,60,51,Valid,No,Straight Road,0
Maharashtra,Nagpur,2023,December,Monday,18:21,Fatal,5,Bus,2,1,Hazy,Urban Road,Damaged,Dark,No Control,60,35,Valid,Yes,Curve,1
Gujarat,Surat,2021,May,Monday,18:48,Minor,1,Tractor,2,0,Clear,Urban Road,Dry,Daylight,No Control,55,35,Valid,No,Curve,0
Karnataka,Hubballi,2023,February,Friday,19:04,Minor,4,Car,1,0,Clear,Urban Road,Dry,Dusk,Signals,55,53,Valid,No,Intersection,0
Kerala,Thiruvananthapuram,2024,May,Thursday,19:18,Minor,1,Bus,2,0,Hazy,Village Road,Dry,Dark,No Control,30,31,Valid,No,Straight Road,0
Madhya Pradesh,Gwalior,2020,August,Wednesday,11:47,Serious,1,Two-Wheeler,4,0,Stormy,Village Road,Wet,Daylight,Signs,30,42,Valid,Yes,Straight Road,1
Rajasthan,Jaipur,2019,August,Monday,10:23,Fatal,1,Two-Wheeler,2,1,Clear,National Highway,Dry,Daylight,No Control,85,37,Unlicensed,No,Straight Road,1
Rajasthan,Jaipur,2022,June,Friday,19:04,Serious,1,Two-Wheeler,2,0,Rainy,National Highway,Wet,Daylight,Signs,90,41,Valid,No,Straight Road,1
Uttarakhand,Dehradun,2022,December,Saturday,15:10,Fatal,4,Truck,3,2,Clear,National Highway,Damaged,Daylight,Signs,95,30,Valid,No,Straight Road,1
Kerala,Thiruvananthapuram,2021,July,Monday,16:18,Minor,2,Cycle,2,0,Stormy,Village Road,Damaged,Daylight,No Control,25,48,Valid,No,Intersection,0
Rajasthan,Unknown,2020,August,Saturday,12:14,Serious,1,Bus,3,0,Rainy,Urban Road,Damaged,Daylight,Signals,60,58,Valid,No,Straight Road,1
Gujarat,Surat,2019,December,Friday,07:40,Fatal,1,Car,3,2,Foggy,Expressway,Dry,Daylight,Signs,95,26,Unlicensed,No,Bridge,1
Maharashtra,Unknown,2021,December,Thursday,13:10,Minor,2,Car,3,0,Hazy,Urban Road,Under Construction,Dawn,Signals,50,46,Valid,No,Straight Road,0
Jharkhand,Jamshedpur,2020,May,Monday,22:45,Minor,3,Auto-Rickshaw,1,0,Clear,Urban Road,Dry,Dark,Signs,55,38,Valid,No,Straight Road,0
Tamil Nadu,Madurai,2021,April,Sunday,09:18,Minor,1,Cycle,2,0,Clear,National Highway,Dry,Daylight,Signs,85,41,Valid,No,Curve,0
Tamil Nadu,Unknown,2018,September,Thursday,09:04,Serious,3,Bus,3,0,Rainy,National Highway,Wet,Daylight,Signals,60,43,Valid,No,Curve,1
Goa,Panaji,2024,July,Thursday,06:00,Minor,4,Truck,2,0,Rainy,Village Road,Wet,Dawn,Signs,35,22,Valid,No,Straight Road,0
Andhra Pradesh,Visakhapatnam,2022,June,Sunday,13:36,Serious,3,Bus,3,0,Rainy,Urban Road,Damaged,Daylight,No Control,30,28,Valid,No,Intersection,1
Maharashtra,Nashik,2024,September,Sunday,09:44,Fatal,4,Car,7,3,Stormy,Expressway,Dry,Daylight,Signs,100,34,Unlicensed,No,Straight Road,1
Maharashtra,Mumbai,2023,August,Saturday,17:08,Minor,1,Car,3,0,Clear,State Highway,Dry,Dusk,Signs,70,52,Valid,No,Curve,0
Maharashtra,Mumbai,2022,November,Saturday,06:18,Minor,1,Tractor,2,0,Clear,Urban Road,Dry,Dawn,Signs,35,33,Unlicensed,No,Intersection,0
West Bengal,Unknown,2020,May,Monday,08:45,Minor,2,Car,1,0,Clear,Urban Road,Dry,Daylight,Signs,55,43,Valid,No,Straight Road,0
Maharashtra,Mumbai,2022,October,Saturday,03:52,Fatal,6,Car,1,1,Clear,National Highway,Under Construction,Dark,No Control,85,38,Valid,No,Bridge,1
Jharkhand,Ranchi,2021,March,Wednesday,01:43,Minor,1,Two-Wheeler,1,0,Hazy,Urban Road,Dry,Dark,Signs,40,38,Valid,No,Intersection,0
Jharkhand,Unknown,2024,December,Sunday,19:37,Minor,1,Car,1,0,Foggy,Village Road,Dry,Daylight,No Control,25,39,Valid,No,Straight Road,0
Madhya Pradesh,Indore,2019,February,Wednesday,21:44,Minor,1,Two-Wheeler,1,0,Clear,State Highway,Dry,Dark,No Control,70,27,Valid,No,Bridge,0
West Bengal,Unknown,2018,October,Monday,18:17,Minor,1,Two-Wheeler,2,0,Clear,Urban Road,Under Construction,Dusk,Signs,35,35,Valid,No,Intersection,0
Tamil Nadu,Coimbatore,2018,February,Thursday,20:03,Minor,4,Tractor,3,0,Clear,Urban Road,Dry,Dusk,No Control,55,32,Valid,No,Intersection,0
Maharashtra,Nashik,2019,November,Saturday,04:33,Minor,4,Cycle,1,0,Hazy,Urban Road,Dry,Dark,Signs,35,36,Valid,No,Straight Road,0
Kerala,Kochi,2022,December,Thursday,21:33,Minor,4,Tractor,1,0,Clear,Village Road,Dry,Dark,No Control,20,29,Valid,No,Bridge,0
Maharashtra,Unknown,2019,October,Saturday,13:48,Minor,2,Two-Wheeler,1,0,Clear,State Highway,Dry,Daylight,Signs,55,59,Valid,No,Straight Road,0
Maharashtra,Unknown,2018,October,Monday,18:14,Fatal,2,Truck,3,3,Clear,State Highway,Dry,Daylight,No Control,75,18,Valid,Yes,Straight Road,1
Tamil Nadu,Chennai,2020,June,Tuesday,16:53,Serious,3,Two-Wheeler,3,1,Rainy,Urban Road,Wet,Daylight,No Control,55,18,Valid,No,Intersection,1
Maharashtra,Mumbai,2023,March,Friday,10:29,Minor,1,Car,2,0,Hazy,Expressway,Dry,Daylight,Signs,105,42,Valid,No,Straight Road,0
Gujarat,Surat,2020,December,Wednesday,08:26,Serious,3,Two-Wheeler,4,0,Foggy,Village Road,Dry,Daylight,No Control,35,47,Expired,Yes,Intersection,1
Andhra Pradesh,Vijayawada,2019,July,Saturday,05:59,Serious,1,Car,4,0,Clear,Urban Road,Dry,Daylight,No Control,40,56,Unlicensed,No,Bridge,1
Punjab,Amritsar,2019,October,Sunday,12:32,Fatal,2,Two-Wheeler,4,2,Clear,State Highway,Dry,Daylight,Signs,80,34,Valid,Yes,Intersection,1
West Bengal,Durgapur,2023,September,Friday,13:05,Minor,1,Two-Wheeler,2,0,Rainy,Village Road,Wet,Daylight,No Control,20,37,Unlicensed,No,Straight Road,0
Haryana,Faridabad,2021,September,Thursday,23:15,Fatal,2,Car,5,1,Rainy,National Highway,Damaged,Dark,Signs,85,43,Valid,Yes,Curve,1
Karnataka,Bengaluru,2020,May,Friday,01:35,Fatal,5,Two-Wheeler,3,2,Clear,National Highway,Dry,Dark,Signals,75,54,Valid,No,Curve,1
Haryana,Gurugram,2023,June,Sunday,15:13,Serious,2,Auto-Rickshaw,3,0,Rainy,State Highway,Wet,Daylight,No Control,60,21,Valid,No,Curve,1
Rajasthan,Udaipur,2020,June,Friday,14:09,Minor,2,Two-Wheeler,1,0,Rainy,Urban Road,Wet,Daylight,Signs,55,39,Valid,No,Straight Road,0
Uttar Pradesh,Kanpur,2020,August,Saturday,00:17,Fatal,7,Truck,2,1,Rainy,National Highway,Damaged,Dark,Signals,90,45,Valid,No,Straight Road,1
Chhattisgarh,Raipur,2023,September,Wednesday,10:30,Fatal,6,Two-Wheeler,2,1,Rainy,State Highway,Damaged,Daylight,No Control,65,33,Valid,No,Curve,1
Tamil Nadu,Madurai,2020,March,Saturday,12:05,Minor,2,Car,2,0,Clear,Urban Road,Dry,Daylight,Signs,55,42,Valid,No,Straight Road,0
Maharashtra,Nagpur,2021,March,Tuesday,13:31,Minor,2,Two-Wheeler,1,0,Clear,Urban Road,Dry,Daylight,No Control,35,30,Expired,No,Intersection,0
Uttar Pradesh,Lucknow,2022,January,Saturday,08:43,Minor,1,Tractor,3,0,Hazy,National Highway,Dry,Daylight,Signals,65,52,Valid,No,Curve,0
Karnataka,Hubballi,2019,July,Sunday,01:27,Fatal,1,Auto-Rickshaw,4,4,Rainy,National Highway,Wet,Dark,Signs,70,18,Unlicensed,Yes,Straight Road,1
Karnataka,Mangaluru,2018,September,Sunday,09:41,Minor,2,Auto-Rickshaw,1,0,Rainy,Urban Road,Wet,Daylight,Signals,30,34,Valid,No,Intersection,0
Rajasthan,Unknown,2023,March,Monday,19:38,Fatal,5,Two-Wheeler,4,1,Clear,National Highway,Dry,Dusk,Signs,95,44,Valid,No,Straight Road,1
Odisha,Bhubaneswar,2020,September,Saturday,19:29,Minor,2,Car,2,0,Clear,National Highway,Dry,Daylight,Signals,80,34,Valid,No,Bridge,0
Tamil Nadu,Coimbatore,2020,January,Monday,07:58,Serious,4,Auto-Rickshaw,2,0,Clear,Expressway,Dry,Daylight,Signs,95,47,Valid,No,Straight Road,1
Rajasthan,Jodhpur,2022,November,Thursday,16:36,Serious,2,Two-Wheeler,2,0,Clear,Urban Road,Dry,Daylight,No Control,45,38,Valid,No,Straight Road,1
Karnataka,Mysuru,2018,September,Saturday,21:48,Serious,2,Two-Wheeler,5,0,Clear,State Highway,Dry,Dark,Signs,50,41,Valid,No,Straight Road,1
Punjab,Ludhiana,2018,September,Thursday,07:38,Minor,2,Car,1,0,Hazy,Urban Road,Dry,Daylight,No Control,50,44,Valid,No,Intersection,0
Uttar Pradesh,Varanasi,2020,September,Wednesday,06:57,Fatal,4,Auto-Rickshaw,4,2,Clear,Urban Road,Damaged,Dawn,No Control,60,36,Unlicensed,Yes,Intersection,1
Maharashtra,Pune,2024,May,Saturday,00:25,Minor,1,Two-Wheeler,2,0,Clear,Urban Road,Dry,Dark,Signs,35,18,Valid,No,Intersection,0
Rajasthan,Jaipur,2022,December,Friday,07:11,Minor,1,Two-Wheeler,2,0,Clear,Urban Road,Dry,Daylight,Police Checkpost,35,58,Valid,No,Straight Road,0
Telangana,Hyderabad,2022,September,Friday,19:10,Serious,5,Car,3,0,Stormy,Urban Road,Damaged,Dusk,No Control,55,53,Valid,No,Straight Road,1
Punjab,Ludhiana,2022,March,Friday,19:59,Serious,3,Two-Wheeler,4,0,Hazy,National Highway,Dry,Daylight,Signs,90,46,Valid,No,Curve,1
Madhya Pradesh,Unknown,2024,December,Saturday,14:47,Minor,3,Car,2,0,Clear,State Highway,Dry,Daylight,Police Checkpost,60,33,Valid,No,Intersection,0
Bihar,Unknown,2023,September,Thursday,10:18,Serious,2,Car,3,0,Rainy,State Highway,Wet,Daylight,No Control,50,42,Valid,No,Straight Road,1
Karnataka,Unknown,2018,April,Monday,19:26,Serious,3,Truck,4,0,Foggy,Urban Road,Dry,Daylight,No Control,50,18,Valid,No,Straight Road,1
Maharashtra,Mumbai,2021,December,Friday,07:02,Minor,1,Two-Wheeler,1,0,Foggy,Urban Road,Dry,Daylight,Signs,35,18,Valid,No,Intersection,0
Maharashtra,Nagpur,2021,March,Saturday,06:57,Minor,3,Truck,1,0,Clear,Village Road,Dry,Dawn,No Control,35,66,Valid,No,Curve,0
Maharashtra,Nashik,2019,August,Wednesday,04:26,Serious,4,Car,5,0,Rainy,State Highway,Wet,Dark,No Control,60,22,Valid,No,Intersection,1
Tamil Nadu,Madurai,2024,September,Tuesday,20:23,Fatal,2,Car,1,1,Rainy,Urban Road,Damaged,Dark,No Control,60,33,Valid,Yes,Straight Road,1
Rajasthan,Unknown,2019,December,Sunday,18:14,Minor,4,Truck,2,0,Clear,Urban Road,Dry,Daylight,No Control,55,39,Valid,No,Intersection,0
Karnataka,Hubballi,2023,July,Sunday,16:04,Minor,3,Truck,2,0,Stormy,State Highway,Wet,Daylight,Signs,50,41,Valid,No,Curve,0
Madhya Pradesh,Indore,2018,December,Friday,18:45,Fatal,3,Truck,6,4,Rainy,Expressway,Wet,Daylight,Signs,110,37,Valid,No,Curve,1
Gujarat,Vadodara,2022,April,Saturday,06:13,Minor,2,Two-Wheeler,3,0,Clear,State Highway,Dry,Daylight,Signs,70,33,Valid,No,Straight Road,0
Telangana,Hyderabad,2023,October,Sunday,11:05,Minor,2,Auto-Rickshaw,2,0,Clear,Urban Road,Dry,Daylight,Police Checkpost,40,36,Valid,No,Intersection,0
Telangana,Hyderabad,2021,March,Friday,19:58,Minor,1,Car,1,0,Clear,Village Road,Dry,Dusk,Signs,40,51,Expired,No,Curve,0
Tamil Nadu,Coimbatore,2018,December,Tuesday,21:32,Minor,2,Car,1,0,Hazy,Urban Road,Dry,Dark,Police Checkpost,55,45,Valid,No,Straight Road,0
Karnataka,Hubballi,2018,October,Friday,14:04,Minor,2,Car,1,0,Rainy,Urban Road,Damaged,Daylight,No Control,35,45,Valid,No,Straight Road,0
Madhya Pradesh,Indore,2022,August,Sunday,06:17,Fatal,3,Two-Wheeler,3,3,Hazy,State Highway,Dry,Dawn,No Control,75,18,Valid,No,Curve,1
Madhya Pradesh,Unknown,2024,January,Saturday,23:33,Minor,4,Bus,3,0,Clear,Urban Road,Wet,Dark,No Control,50,43,Valid,No,Straight Road,0
Tamil Nadu,Chennai,2022,June,Monday,11:12,Minor,3,Two-Wheeler,1,0,Clear,State Highway,Dry,Daylight,Signs,65,39,Valid,No,Intersection,0
Tamil Nadu,Unknown,2018,February,Sunday,09:59,Minor,2,Car,2,0,Clear,Urban Road,Dry,Daylight,Signs,55,29,Valid,No,Intersection,0
Andhra Pradesh,Vijayawada,2023,December,Saturday,05:52,Serious,2,Cycle,2,0,Clear,Urban Road,Dry,Daylight,No Control,45,59,Valid,No,Intersection,1
Telangana,Unknown,2021,May,Thursday,00:53,Serious,3,Car,2,0,Clear,National Highway,Dry,Dark,Police Checkpost,70,19,Expired,No,Straight Road,1
Uttar Pradesh,Agra,2018,October,Sunday,16:30,Minor,1,Two-Wheeler,1,0,Clear,Urban Road,Dry,Daylight,No Control,45,37,Expired,No,Straight Road,0
Gujarat,Surat,2020,November,Saturday,16:59,Minor,1,Tractor,3,0,Clear,National Highway,Dry,Daylight,Police Checkpost,80,51,Unlicensed,No,Straight Road,0
Odisha,Bhubaneswar,2019,February,Saturday,08:19,Minor,1,Car,1,0,Clear,Urban Road,Dry,Daylight,Signs,35,39,Expired,No,Curve,0
Maharashtra,Pune,2024,October,Sunday,07:33,Serious,2,Two-Wheeler,3,0,Hazy,National Highway,Damaged,Dawn,No Control,80,18,Valid,No,Straight Road,1
Delhi,New Delhi,2024,April,Monday,14:44,Minor,3,Car,1,0,Clear,Urban Road,Dry,Daylight,Signs,55,54,Valid,No,Straight Road,0
Uttar Pradesh,Agra,2018,February,Saturday,12:30,Fatal,5,Two-Wheeler,3,1,Hazy,State Highway,Dry,Daylight,Signs,75,18,Valid,No,Intersection,1
Rajasthan,Udaipur,2022,April,Wednesday,09:51,Serious,4,Car,4,1,Clear,State Highway,Dry,Daylight,Signs,70,23,Valid,No,Straight Road,1
Gujarat,Surat,2018,July,Sunday,08:06,Minor,2,Car,1,0,Rainy,Urban Road,Wet,Daylight,Signs,45,49,Expired,No,Straight Road,0
Maharashtra,Nashik,2021,November,Sunday,20:26,Serious,2,Auto-Rickshaw,2,0,Clear,State Highway,Dry,Dark,Signs,75,25,Valid,No,Intersection,1
Assam,Guwahati,2019,September,Saturday,23:49,Fatal,5,Two-Wheeler,4,1,Rainy,Urban Road,Wet,Dark,Signs,55,34,Valid,Yes,Intersection,1
Gujarat,Vadodara,2023,March,Saturday,10:10,Fatal,4,Truck,2,1,Clear,Expressway,Dry,Daylight,No Control,110,25,Valid,No,Straight Road,1
Chhattisgarh,Raipur,2018,April,Saturday,17:23,Serious,2,Truck,5,0,Hazy,National Highway,Dry,Dusk,Police Checkpost,90,38,Valid,No,Intersection,1
Tamil Nadu,Unknown,2024,April,Wednesday,20:59,Fatal,5,Tractor,3,2,Clear,State Highway,Dry,Dark,No Control,75,51,Valid,No,Bridge,1
Delhi,New Delhi,2019,September,Thursday,01:36,Serious,3,Two-Wheeler,3,0,Rainy,Urban Road,Wet,Dark,Signs,45,18,Valid,No,Straight Road,1
Assam,Guwahati,2019,July,Monday,21:21,Serious,3,Two-Wheeler,8,0,Stormy,Village Road,Wet,Dark,No Control,35,40,Valid,No,Straight Road,1
Madhya Pradesh,Unknown,2024,January,Saturday,13:21,Serious,1,Cycle,2,0,Foggy,State Highway,Dry,Daylight,Police Checkpost,60,18,Expired,Yes,Straight Road,1
Uttar Pradesh,Varanasi,2024,January,Friday,15:12,Serious,5,Tractor,2,0,Foggy,State Highway,Under Construction,Daylight,No Control,80,62,Valid,No,Straight Road,1
Andhra Pradesh,Visakhapatnam,2018,January,Friday,14:44,Minor,4,Bus,1,0,Clear,Village Road,Dry,Daylight,No Control,35,26,Valid,No,Curve,0
Madhya Pradesh,Gwalior,2018,December,Tuesday,08:06,Minor,2,Car,2,0,Foggy,Urban Road,Dry,Daylight,Signs,50,44,Valid,No,Straight Road,0
Chhattisgarh,Unknown,2023,July,Friday,18:12,Minor,1,Tractor,1,0,Stormy,Village Road,Wet,Daylight,Signs,35,41,Valid,No,Curve,0
Gujarat,Surat,2024,June,Thursday,18:07,Serious,2,Car,2,0,Foggy,National Highway,Damaged,Daylight,Signals,95,39,Valid,No,Bridge,1
Tamil Nadu,Madurai,2021,October,Sunday,05:45,Serious,3,Two-Wheeler,2,0,Hazy,State Highway,Dry,Dawn,No Control,65,32,Valid,No,Straight Road,1
Uttar Pradesh,Varanasi,2019,March,Sunday,15:56,Minor,2,Auto-Rickshaw,2,0,Hazy,Urban Road,Dry,Daylight,No Control,55,21,Expired,No,Intersection,0
Andhra Pradesh,Unknown,2019,January,Thursday,22:05,Fatal,3,Car,4,1,Foggy,National Highway,Dry,Dark,Signs,90,55,Valid,No,Straight Road,1
Himachal Pradesh,Shimla,2019,April,Saturday,20:56,Serious,2,Two-Wheeler,3,0,Hazy,Urban Road,Dry,Dark,No Control,40,26,Valid,Yes,Straight Road,1
Maharashtra,Unknown,2022,March,Tuesday,16:54,Serious,1,Bus,2,0,Clear,National Highway,Under Construction,Daylight,No Control,65,36,Valid,No,Curve,1
Kerala,Thiruvananthapuram,2018,October,Monday,07:30,Serious,1,Bus,3,0,Clear,Urban Road,Damaged,Daylight,No Control,45,33,Valid,No,Curve,1
Jharkhand,Ranchi,2022,October,Friday,10:02,Minor,2,Auto-Rickshaw,1,0,Clear,Village Road,Dry,Daylight,No Control,20,49,Valid,No,Straight Road,0
Maharashtra,Mumbai,2023,August,Saturday,06:41,Fatal,4,Two-Wheeler,3,1,Rainy,Expressway,Wet,Daylight,Signs,110,64,Valid,No,Intersection,1
Maharashtra,Unknown,2019,November,Monday,19:31,Serious,1,Two-Wheeler,2,0,Clear,State Highway,Damaged,Dusk,Signs,70,29,Valid,No,Curve,1
Andhra Pradesh,Unknown,2024,June,Tuesday,18:49,Fatal,3,Bus,2,1,Hazy,National Highway,Dry,Dusk,Signs,65,39,Expired,No,Straight Road,1
Telangana,Hyderabad,2024,March,Friday,21:17,Serious,2,Bus,3,1,Hazy,Village Road,Damaged,Dark,No Control,25,50,Valid,No,Intersection,1
Maharashtra,Mumbai,2020,April,Monday,03:33,Minor,3,Auto-Rickshaw,1,0,Hazy,Urban Road,Dry,Dark,No Control,45,53,Valid,No,Intersection,0
Haryana,Unknown,2018,February,Thursday,22:53,Minor,3,Car,1,0,Hazy,Urban Road,Dry,Dark,Signals,50,35,Expired,No,Straight Road,0
Rajasthan,Udaipur,2020,November,Thursday,22:40,Serious,1,Two-Wheeler,3,0,Hazy,Village Road,Wet,Dark,No Control,20,36,Valid,Yes,Curve,1
Assam,Guwahati,2019,August,Sunday,17:38,Serious,3,Car,2,0,Rainy,State Highway,Wet,Dark,Signs,65,52,Valid,No,Curve,1
Delhi,Unknown,2019,October,Wednesday,20:58,Minor,1,Two-Wheeler,2,0,Clear,State Highway,Dry,Dark,Signs,55,18,Valid,No,Curve,0
Punjab,Amritsar,2024,April,Tuesday,12:29,Minor,4,Truck,2,0,Hazy,Village Road,Dry,Daylight,No Control,25,48,Valid,No,Bridge,0
Rajasthan,Jodhpur,2019,September,Monday,09:10,Minor,2,Car,2,0,Clear,Urban Road,Dry,Daylight,Signals,45,27,Valid,No,Straight Road,0
Tamil Nadu,Coimbatore,2020,April,Monday,06:58,Minor,2,Car,1,0,Hazy,Urban Road,Dry,Dark,No Control,35,39,Valid,No,Intersection,0
Rajasthan,Udaipur,2023,June,Saturday,01:08,Serious,2,Truck,3,0,Clear,Village Road,Dry,Dark,No Control,25,38,Expired,No,Bridge,1
Maharashtra,Pune,2018,August,Thursday,02:33,Serious,1,Two-Wheeler,4,1,Rainy,State Highway,Wet,Dark,Signs,60,30,Expired,No,Straight Road,1
Telangana,Unknown,2018,December,Tuesday,17:45,Serious,5,Auto-Rickshaw,3,0,Clear,Village Road,Damaged,Daylight,No Control,35,41,Valid,No,Curve,1
Uttar Pradesh,Unknown,2020,July,Sunday,10:47,Serious,2,Two-Wheeler,4,0,Rainy,State Highway,Damaged,Daylight,Signs,60,33,Valid,No,Intersection,1
Rajasthan,Unknown,2024,September,Saturday,02:42,Serious,2,Two-Wheeler,5,0,Stormy,Village Road,Wet,Dark,Signs,30,49,Valid,Yes,Straight Road,1
Maharashtra,Nashik,2023,August,Monday,05:25,Serious,1,Two-Wheeler,2,0,Clear,State Highway,Under Construction,Dawn,Signs,60,28,Valid,No,Straight Road,1
Tamil Nadu,Unknown,2024,June,Wednesday,17:11,Serious,1,Car,4,0,Clear,National Highway,Dry,Dusk,Signs,70,24,Valid,No,Intersection,1
Uttar Pradesh,Unknown,2024,December,Sunday,22:02,Serious,2,Cycle,4,0,Rainy,Urban Road,Dry,Dark,Police Checkpost,35,38,Valid,Yes,Intersection,1
West Bengal,Kolkata,2018,December,Saturday,11:18,Minor,1,Auto-Rickshaw,2,0,Clear,Village Road,Dry,Daylight,No Control,20,36,Expired,No,Curve,0
Bihar,Patna,2020,April,Sunday,18:58,Minor,2,Car,2,0,Hazy,Urban Road,Under Construction,Daylight,Signs,40,55,Valid,No,Intersection,0
Maharashtra,Mumbai,2021,November,Monday,23:41,Minor,1,Car,2,0,Hazy,Urban Road,Damaged,Dark,Signs,35,37,Valid,No,Intersection,0
Haryana,Faridabad,2019,June,Saturday,17:24,Fatal,5,Two-Wheeler,5,2,Rainy,Expressway,Damaged,Dark,Police Checkpost,110,37,Valid,No,Curve,1
Delhi,New Delhi,2024,September,Monday,18:29,Serious,2,Car,3,0,Clear,Urban Road,Dry,Dark,Signs,45,22,Expired,No,Bridge,1
Karnataka,Mysuru,2022,July,Wednesday,16:20,Minor,2,Two-Wheeler,1,0,Rainy,Village Road,Damaged,Daylight,Signs,20,39,Valid,No,Curve,0
Telangana,Unknown,2023,October,Saturday,23:53,Fatal,4,Two-Wheeler,4,2,Foggy,National Highway,Dry,Dark,No Control,90,23,Valid,Yes,Straight Road,1
Karnataka,Bengaluru,2019,November,Saturday,09:27,Minor,3,Auto-Rickshaw,1,0,Clear,National Highway,Dry,Daylight,Police Checkpost,75,35,Valid,No,Straight Road,0
Uttar Pradesh,Agra,2023,June,Monday,19:50,Minor,2,Truck,2,0,Rainy,State Highway,Damaged,Daylight,Signs,70,26,Valid,No,Straight Road,0
Rajasthan,Unknown,2018,September,Tuesday,12:03,Minor,2,Cycle,2,0,Clear,Expressway,Dry,Daylight,Signs,85,43,Valid,No,Intersection,0
Maharashtra,Unknown,2018,July,Saturday,06:29,Minor,2,Car,2,0,Foggy,National Highway,Dry,Daylight,Signals,60,36,Valid,No,Curve,0
Delhi,New Delhi,2022,October,Monday,18:36,Minor,2,Car,1,0,Clear,State Highway,Dry,Daylight,Signs,55,51,Valid,No,Straight Road,0
Assam,Guwahati,2018,March,Wednesday,19:40,Minor,2,Car,2,0,Clear,National Highway,Dry,Daylight,Police Checkpost,80,25,Valid,No,Straight Road,0
Punjab,Ludhiana,2019,September,Tuesday,20:01,Serious,1,Auto-Rickshaw,2,0,Clear,National Highway,Dry,Dark,No Control,95,37,Valid,No,Straight Road,1
Madhya Pradesh,Indore,2023,August,Monday,21:38,Serious,1,Two-Wheeler,3,0,Hazy,Urban Road,Dry,Dark,No Control,60,38,Valid,No,Straight Road,1
Madhya Pradesh,Gwalior,2021,June,Saturday,18:50,Serious,1,Two-Wheeler,3,0,Rainy,National Highway,Under Construction,Dark,Signals,90,35,Valid,No,Straight Road,1
Jammu and Kashmir,Srinagar,2020,May,Monday,14:05,Minor,2,Truck,2,0,Clear,Village Road,Dry,Daylight,No Control,40,50,Valid,No,Curve,0
Tamil Nadu,Coimbatore,2020,September,Friday,22:19,Minor,1,Car,1,0,Clear,Village Road,Dry,Dark,No Control,35,36,Valid,No,Curve,0
Maharashtra,Mumbai,2022,May,Saturday,08:25,Serious,3,Car,3,0,Rainy,Urban Road,Wet,Daylight,Signs,50,24,Valid,No,Intersection,1
Madhya Pradesh,Bhopal,2024,January,Monday,04:15,Serious,3,Auto-Rickshaw,2,1,Clear,State Highway,Dry,Dark,No Control,60,42,Valid,No,Curve,1
Tamil Nadu,Coimbatore,2023,December,Friday,12:26,Minor,4,Auto-Rickshaw,1,0,Foggy,Village Road,Dry,Daylight,Signs,25,58,Valid,No,Straight Road,0
Tamil Nadu,Unknown,2020,June,Wednesday,15:53,Fatal,4,Two-Wheeler,4,3,Rainy,Urban Road,Damaged,Daylight,No Control,50,29,Valid,Yes,Intersection,1
Maharashtra,Mumbai,2020,February,Saturday,17:53,Minor,1,Truck,1,0,Hazy,National Highway,Dry,Dusk,Signs,60,36,Valid,No,Straight Road,0
Madhya Pradesh,Bhopal,2018,March,Saturday,19:36,Fatal,3,Car,2,1,Clear,State Highway,Dry,Dusk,No Control,55,39,Expired,No,Curve,1
Tamil Nadu,Chennai,2019,October,Saturday,01:53,Serious,1,Car,4,0,Hazy,State Highway,Dry,Dark,No Control,65,48,Valid,No,Bridge,1
Uttar Pradesh,Unknown,2019,April,Thursday,19:48,Minor,4,Bus,2,0,Clear,Urban Road,Dry,Dark,Police Checkpost,50,46,Valid,No,Intersection,0
Maharashtra,Pune,2020,April,Saturday,16:03,Minor,1,Two-Wheeler,2,0,Clear,State Highway,Dry,Daylight,No Control,60,38,Valid,No,Curve,0
Karnataka,Unknown,2024,June,Friday,22:23,Minor,1,Two-Wheeler,2,0,Clear,Village Road,Dry,Dark,No Control,35,32,Valid,No,Intersection,0
Odisha,Cuttack,2024,January,Wednesday,10:50,Serious,4,Truck,3,0,Foggy,Urban Road,Under Construction,Daylight,Signs,50,31,Unlicensed,No,Curve,1
Karnataka,Unknown,2018,July,Monday,16:26,Fatal,4,Two-Wheeler,4,2,Rainy,National Highway,Wet,Daylight,Signs,70,43,Unlicensed,No,Straight Road,1
Telangana,Warangal,2020,January,Monday,18:36,Serious,3,Two-Wheeler,4,0,Foggy,State Highway,Dry,Daylight,Signs,50,28,Valid,Yes,Curve,1
Kerala,Kochi,2018,November,Tuesday,14:24,Minor,3,Two-Wheeler,1,0,Rainy,Urban Road,Damaged,Daylight,Police Checkpost,40,20,Valid,No,Intersection,0
Tamil Nadu,Coimbatore,2018,June,Wednesday,06:00,Fatal,2,Tractor,3,2,Hazy,National Highway,Dry,Dark,No Control,95,34,Valid,No,Curve,1
Punjab,Unknown,2020,March,Sunday,02:33,Fatal,4,Auto-Rickshaw,1,1,Clear,National Highway,Damaged,Dark,No Control,70,31,Unlicensed,Yes,Curve,1
Andhra Pradesh,Visakhapatnam,2024,June,Sunday,05:22,Serious,2,Truck,3,0,Rainy,Urban Road,Wet,Daylight,Signs,50,32,Expired,No,Straight Road,1
Madhya Pradesh,Gwalior,2019,March,Tuesday,13:46,Serious,1,Car,4,0,Clear,State Highway,Dry,Daylight,No Control,70,43,Valid,No,Straight Road,1
Maharashtra,Nashik,2022,April,Sunday,16:53,Fatal,3,Two-Wheeler,1,1,Foggy,National Highway,Dry,Daylight,No Control,100,38,Valid,No,Straight Road,1
Maharashtra,Pune,2020,February,Saturday,15:06,Minor,1,Tractor,3,0,Clear,Urban Road,Dry,Daylight,Signals,55,34,Valid,No,Intersection,0
Goa,Unknown,2021,September,Thursday,18:21,Minor,2,Two-Wheeler,2,0,Rainy,Urban Road,Wet,Dusk,Police Checkpost,55,23,Valid,No,Intersection,0
Bihar,Gaya,2024,December,Sunday,01:23,Serious,2,Truck,5,0,Foggy,National Highway,Dry,Dark,Signs,70,32,Valid,No,Bridge,1
Jharkhand,Ranchi,2023,June,Saturday,06:40,Serious,1,Car,3,0,Rainy,Urban Road,Wet,Dawn,No Control,40,18,Valid,No,Intersection,1
Odisha,Unknown,2023,February,Friday,18:23,Minor,3,Two-Wheeler,1,0,Clear,Urban Road,Dry,Dusk,Signals,45,28,Valid,No,Intersection,0
Maharashtra,Nagpur,2020,January,Tuesday,18:33,Serious,2,Car,2,0,Clear,National Highway,Dry,Dark,Signs,85,27,Valid,No,Curve,1
Bihar,Gaya,2018,October,Tuesday,17:54,Minor,2,Car,1,0,Clear,Village Road,Dry,Daylight,No Control,20,37,Expired,No,Straight Road,0
Gujarat,Vadodara,2024,May,Sunday,18:35,Minor,2,Truck,1,0,Hazy,Urban Road,Dry,Dusk,Signs,55,38,Valid,No,Intersection,0
Bihar,Gaya,2024,April,Tuesday,22:05,Fatal,3,Truck,1,1,Clear,Expressway,Damaged,Dark,Signs,105,34,Unlicensed,No,Straight Road,1
Maharashtra,Nagpur,2024,February,Monday,22:28,Fatal,2,Two-Wheeler,1,1,Clear,State Highway,Wet,Dark,No Control,55,23,Valid,Yes,Bridge,1
Tamil Nadu,Coimbatore,2021,August,Wednesday,16:53,Serious,4,Auto-Rickshaw,2,0,Rainy,State Highway,Wet,Daylight,Signs,50,18,Valid,No,Bridge,1
Kerala,Thiruvananthapuram,2019,January,Thursday,09:28,Minor,4,Truck,1,0,Foggy,Urban Road,Dry,Daylight,Signals,30,53,Expired,No,Intersection,0
Bihar,Patna,2019,November,Wednesday,00:58,Minor,3,Bus,1,0,Clear,Village Road,Dry,Dark,No Control,25,27,Valid,No,Straight Road,0
West Bengal,Siliguri,2020,March,Sunday,16:54,Serious,1,Two-Wheeler,3,0,Stormy,Urban Road,Wet,Daylight,Signals,40,34,Valid,Yes,Straight Road,1
Tamil Nadu,Madurai,2020,January,Thursday,12:15,Minor,3,Truck,1,0,Foggy,Urban Road,Dry,Daylight,No Control,35,31,Valid,No,Straight Road,0
Tamil Nadu,Madurai,2019,September,Sunday,06:24,Serious,2,Car,3,0,Clear,Urban Road,Damaged,Dawn,Police Checkpost,45,47,Valid,Yes,Intersection,1
Uttarakhand,Dehradun,2024,May,Friday,08:11,Minor,2,Two-Wheeler,2,0,Clear,National Highway,Under Construction,Daylight,Signs,60,40,Expired,No,Straight Road,0
Gujarat,Unknown,2022,September,Thursday,22:11,Serious,1,Two-Wheeler,2,0,Rainy,Urban Road,Wet,Dark,Signs,50,28,Valid,Yes,Intersection,1
Gujarat,Unknown,2019,January,Tuesday,03:22,Minor,3,Car,1,0,Clear,Urban Road,Dry,Dark,Signs,45,43,Valid,No,Intersection,0
Madhya Pradesh,Bhopal,2022,November,Wednesday,19:25,Serious,4,Bus,3,0,Rainy,State Highway,Wet,Daylight,Signs,55,21,Valid,No,Curve,1
Karnataka,Unknown,2022,April,Sunday,21:21,Fatal,5,Two-Wheeler,2,2,Clear,National Highway,Dry,Dark,Signs,80,36,Valid,Yes,Straight Road,1
Madhya Pradesh,Gwalior,2021,October,Saturday,17:43,Serious,1,Auto-Rickshaw,5,0,Clear,State Highway,Dry,Dusk,No Control,65,18,Valid,No,Curve,1
Gujarat,Vadodara,2024,December,Thursday,03:09,Fatal,1,Auto-Rickshaw,5,2,Hazy,National Highway,Dry,Dark,Signs,95,41,Valid,Yes,Straight Road,1
Haryana,Faridabad,2024,July,Sunday,20:28,Minor,1,Bus,1,0,Rainy,State Highway,Wet,Dark,Signs,70,32,Valid,No,Straight Road,0
Assam,Guwahati,2021,May,Saturday,17:53,Minor,2,Two-Wheeler,4,0,Clear,National Highway,Dry,Daylight,Signals,70,34,Valid,No,Straight Road,0
Jharkhand,Jamshedpur,2021,April,Monday,09:43,Minor,3,Car,1,0,Clear,Urban Road,Dry,Daylight,Signs,55,51,Valid,No,Intersection,0
Madhya Pradesh,Bhopal,2019,September,Friday,16:12,Minor,3,Tractor,2,0,Clear,Urban Road,Dry,Daylight,Signs,40,28,Valid,No,Straight Road,0
Gujarat,Unknown,2023,January,Saturday,06:14,Serious,3,Two-Wheeler,2,0,Foggy,National Highway,Dry,Dawn,Signals,70,29,Valid,No,Straight Road,1
Andhra Pradesh,Visakhapatnam,2024,February,Saturday,17:55,Minor,3,Two-Wheeler,3,0,Clear,Urban Road,Dry,Dusk,Signals,50,19,Valid,No,Straight Road,0
Haryana,Faridabad,2022,August,Monday,21:34,Fatal,3,Car,3,2,Rainy,National Highway,Wet,Dark,Police Checkpost,90,38,Valid,No,Curve,1
Madhya Pradesh,Bhopal,2019,January,Tuesday,14:52,Minor,2,Two-Wheeler,2,0,Hazy,Urban Road,Damaged,Daylight,Police Checkpost,30,36,Expired,No,Curve,0
Andhra Pradesh,Vijayawada,2021,April,Thursday,22:51,Fatal,2,Truck,2,2,Clear,Village Road,Dry,Dark,No Control,40,46,Valid,Yes,Bridge,1
Kerala,Thiruvananthapuram,2023,August,Tuesday,12:26,Minor,2,Cycle,1,0,Clear,Urban Road,Dry,Daylight,No Control,50,37,Valid,No,Intersection,0
Telangana,Warangal,2018,April,Monday,20:31,Minor,3,Car,2,0,Clear,Urban Road,Dry,Dark,Signs,40,41,Valid,No,Curve,0
Kerala,Thiruvananthapuram,2022,December,Friday,18:22,Serious,4,Bus,3,0,Hazy,Urban Road,Damaged,Dark,Signs,50,43,Valid,Yes,Curve,1
Uttar Pradesh,Varanasi,2022,December,Thursday,04:38,Serious,3,Truck,5,0,Clear,National Highway,Dry,Dark,Police Checkpost,80,41,Valid,No,Straight Road,1
Rajasthan,Jodhpur,2021,January,Tuesday,21:38,Fatal,4,Truck,1,1,Foggy,State Highway,Damaged,Dark,Police Checkpost,80,35,Unlicensed,No,Straight Road,1
Madhya Pradesh,Gwalior,2022,March,Friday,21:40,Fatal,2,Two-Wheeler,6,2,Hazy,State Highway,Under Construction,Dark,Signs,50,43,Unlicensed,Yes,Straight Road,1
Maharashtra,Mumbai,2024,November,Monday,10:51,Minor,1,Truck,2,0,Clear,Urban Road,Dry,Daylight,No Control,45,45,Valid,No,Curve,0
Delhi,New Delhi,2018,January,Wednesday,19:44,Fatal,3,Bus,1,1,Hazy,Expressway,Under Construction,Daylight,Signs,110,49,Valid,No,Straight Road,1
West Bengal,Unknown,2021,June,Saturday,08:06,Minor,3,Two-Wheeler,2,0,Clear,Urban Road,Dry,Daylight,Signals,30,64,Valid,No,Intersection,0
Maharashtra,Nagpur,2023,December,Sunday,01:21,Serious,1,Auto-Rickshaw,4,0,Hazy,Urban Road,Dry,Dark,No Control,55,25,Valid,Yes,Straight Road,1
Punjab,Ludhiana,2023,August,Tuesday,07:34,Minor,3,Car,3,0,Clear,Urban Road,Dry,Daylight,No Control,40,43,Valid,No,Curve,0
Andhra Pradesh,Vijayawada,2021,April,Sunday,13:37,Minor,2,Bus,1,0,Clear,Urban Road,Dry,Daylight,Signals,30,37,Valid,Yes,Straight Road,0
Bihar,Patna,2024,January,Sunday,03:51,Fatal,6,Truck,1,1,Clear,State Highway,Dry,Dark,No Control,60,39,Valid,No,Straight Road,1
Karnataka,Mangaluru,2020,May,Friday,07:24,Minor,2,Bus,1,0,Rainy,Village Road,Wet,Daylight,Signs,35,46,Valid,No,Straight Road,0
Delhi,New Delhi,2021,July,Sunday,22:49,Fatal,4,Two-Wheeler,4,1,Rainy,Urban Road,Wet,Dark,Signs,60,40,Valid,Yes,Straight Road,1
Karnataka,Mangaluru,2023,January,Tuesday,13:23,Minor,2,Truck,2,0,Hazy,Urban Road,Dry,Daylight,Signs,35,24,Expired,No,Straight Road,0
Madhya Pradesh,Gwalior,2021,July,Monday,19:08,Serious,1,Two-Wheeler,3,0,Rainy,National Highway,Wet,Dusk,Signals,75,31,Valid,No,Straight Road,1
Maharashtra,Pune,2020,May,Sunday,07:28,Serious,3,Two-Wheeler,5,0,Hazy,Urban Road,Dry,Daylight,Signs,55,44,Valid,No,Straight Road,1
Telangana,Hyderabad,2021,April,Thursday,04:08,Serious,3,Two-Wheeler,3,0,Clear,State Highway,Dry,Dark,Signs,50,28,Valid,No,Straight Road,1
Andhra Pradesh,Visakhapatnam,2022,December,Wednesday,18:24,Minor,2,Car,2,0,Foggy,National Highway,Dry,Daylight,No Control,80,24,Valid,No,Straight Road,0
Madhya Pradesh,Indore,2024,November,Monday,10:14,Minor,2,Truck,2,0,Clear,Urban Road,Dry,Daylight,No Control,45,33,Valid,No,Intersection,0
Rajasthan,Udaipur,2022,September,Monday,13:01,Serious,4,Two-Wheeler,4,1,Clear,Village Road,Under Construction,Daylight,No Control,25,20,Valid,No,Bridge,1
Punjab,Ludhiana,2019,August,Monday,23:39,Minor,4,Two-Wheeler,2,0,Hazy,Urban Road,Dry,Dark,Police Checkpost,40,28,Valid,No,Intersection,0
Telangana,Warangal,2018,June,Tuesday,09:44,Fatal,2,Tractor,4,2,Hazy,National Highway,Dry,Daylight,No Control,95,60,Valid,Yes,Straight Road,1
Tamil Nadu,Coimbatore,2024,January,Sunday,13:07,Serious,1,Two-Wheeler,4,0,Clear,National Highway,Dry,Daylight,Signs,75,30,Valid,No,Straight Road,1
Chhattisgarh,Raipur,2020,April,Wednesday,16:35,Serious,2,Two-Wheeler,2,0,Rainy,State Highway,Wet,Daylight,No Control,70,42,Expired,No,Bridge,1
Andhra Pradesh,Unknown,2019,January,Saturday,04:30,Serious,3,Auto-Rickshaw,2,0,Clear,National Highway,Dry,Dark,Signals,90,27,Expired,No,Bridge,1
Jammu and Kashmir,Srinagar,2019,May,Monday,18:08,Serious,2,Car,4,0,Clear,National Highway,Dry,Dark,Signs,60,45,Valid,No,Curve,1
Uttarakhand,Dehradun,2018,June,Wednesday,12:36,Fatal,3,Two-Wheeler,4,2,Stormy,National Highway,Wet,Daylight,Signals,95,34,Valid,No,Straight Road,1
Assam,Guwahati,2019,August,Sunday,07:15,Serious,4,Two-Wheeler,2,0,Clear,State Highway,Dry,Daylight,Signs,70,46,Valid,No,Curve,1
Kerala,Kozhikode,2023,May,Tuesday,12:49,Serious,3,Bus,2,0,Clear,National Highway,Dry,Daylight,No Control,65,33,Unlicensed,No,Curve,1
West Bengal,Kolkata,2022,April,Wednesday,13:36,Serious,2,Truck,2,0,Hazy,National Highway,Dry,Daylight,Signs,65,31,Valid,No,Straight Road,1
Uttar Pradesh,Varanasi,2022,September,Saturday,16:06,Minor,1,Two-Wheeler,3,0,Rainy,Village Road,Wet,Daylight,Signs,30,35,Valid,No,Straight Road,0
Madhya Pradesh,Unknown,2018,February,Monday,22:31,Fatal,3,Car,2,1,Clear,Expressway,Dry,Dark,Signs,115,37,Valid,No,Straight Road,1
Bihar,Patna,2022,February,Monday,18:07,Minor,2,Two-Wheeler,1,0,Hazy,Village Road,Dry,Dusk,Signs,35,40,Valid,No,Straight Road,0
Rajasthan,Udaipur,2024,September,Sunday,11:43,Minor,1,Two-Wheeler,2,0,Clear,National Highway,Dry,Daylight,Signals,65,29,Expired,No,Straight Road,0
Delhi,New Delhi,2024,August,Thursday,22:17,Fatal,2,Bus,1,1,Clear,National Highway,Dry,Dark,Signs,85,26,Unlicensed,No,Straight Road,1
Maharashtra,Unknown,2020,November,Friday,19:29,Serious,1,Cycle,3,0,Foggy,Urban Road,Dry,Daylight,No Control,45,20,Valid,Yes,Straight Road,1
Karnataka,Unknown,2022,September,Monday,01:41,Fatal,4,Bus,3,3,Rainy,Urban Road,Wet,Dark,No Control,50,30,Unlicensed,No,Straight Road,1
Rajasthan,Unknown,2020,November,Tuesday,05:50,Serious,3,Truck,4,0,Clear,Urban Road,Dry,Dark,Signs,45,18,Valid,No,Curve,1
Gujarat,Ahmedabad,2024,August,Thursday,08:30,Minor,1,Truck,1,0,Rainy,Village Road,Damaged,Daylight,No Control,30,22,Expired,No,Straight Road,0
Maharashtra,Mumbai,2024,November,Friday,04:04,Serious,3,Two-Wheeler,3,0,Stormy,Urban Road,Wet,Dark,Signals,45,34,Valid,No,Intersection,1
Uttar Pradesh,Kanpur,2019,March,Wednesday,13:15,Minor,1,Car,2,0,Clear,Expressway,Dry,Daylight,Signs,80,44,Valid,No,Straight Road,0
Haryana,Unknown,2021,July,Sunday,10:36,Minor,3,Truck,2,0,Clear,Urban Road,Dry,Daylight,Signs,45,33,Valid,No,Straight Road,0
Gujarat,Vadodara,2019,December,Saturday,23:02,Minor,3,Bus,1,0,Clear,National Highway,Dry,Dark,Signs,65,61,Valid,No,Straight Road,0
Maharashtra,Pune,2022,October,Friday,13:22,Serious,4,Truck,6,1,Hazy,State Highway,Dry,Daylight,No Control,65,41,Valid,No,Intersection,1
Maharashtra,Mumbai,2020,May,Thursday,08:19,Minor,2,Two-Wheeler,2,0,Clear,Urban Road,Dry,Daylight,Police Checkpost,45,39,Valid,No,Straight Road,0
Gujarat,Ahmedabad,2022,December,Friday,22:18,Fatal,1,Car,2,1,Clear,National Highway,Dry,Dark,Signals,90,23,Valid,No,Curve,1
Uttar Pradesh,Lucknow,2024,April,Saturday,14:57,Fatal,3,Bus,2,1,Clear,State Highway,Dry,Daylight,Signs,75,44,Valid,Yes,Straight Road,1
Andhra Pradesh,Vijayawada,2024,January,Tuesday,04:56,Serious,3,Car,3,0,Foggy,Urban Road,Damaged,Dark,Signs,35,44,Valid,No,Intersection,1
Punjab,Ludhiana,2019,October,Sunday,04:53,Serious,1,Car,3,0,Clear,Urban Road,Damaged,Dark,No Control,45,26,Valid,Yes,Straight Road,1
Uttar Pradesh,Unknown,2018,May,Thursday,17:51,Serious,3,Two-Wheeler,2,0,Clear,Village Road,Under Construction,Dusk,No Control,35,37,Valid,No,Curve,1
Madhya Pradesh,Unknown,2023,January,Sunday,13:53,Serious,4,Car,4,0,Clear,State Highway,Damaged,Daylight,Signs,60,55,Valid,No,Straight Road,1
Uttar Pradesh,Kanpur,2018,March,Sunday,16:11,Minor,3,Truck,1,0,Clear,Village Road,Dry,Daylight,Signs,20,40,Unlicensed,Yes,Intersection,0
Tamil Nadu,Madurai,2020,January,Monday,20:23,Fatal,2,Two-Wheeler,3,1,Clear,State Highway,Dry,Dark,No Control,75,47,Valid,No,Straight Road,1
Odisha,Bhubaneswar,2024,December,Wednesday,17:03,Minor,2,Truck,1,0,Rainy,Village Road,Wet,Dusk,No Control,35,33,Expired,No,Curve,0
Madhya Pradesh,Indore,2021,November,Thursday,20:47,Fatal,2,Tractor,4,1,Clear,National Highway,Dry,Dawn,Signals,90,18,Valid,Yes,Curve,1
Odisha,Unknown,2018,December,Friday,18:52,Minor,2,Two-Wheeler,2,0,Clear,Urban Road,Dry,Dusk,Police Checkpost,50,43,Valid,No,Bridge,0
Uttar Pradesh,Varanasi,2024,March,Saturday,17:01,Minor,4,Truck,1,0,Clear,Village Road,Dry,Dark,No Control,25,35,Valid,No,Intersection,0
Tamil Nadu,Chennai,2022,October,Tuesday,06:10,Minor,2,Two-Wheeler,1,0,Clear,State Highway,Wet,Dawn,Signs,75,40,Expired,No,Straight Road,0
Gujarat,Ahmedabad,2020,July,Friday,13:10,Serious,3,Two-Wheeler,5,0,Rainy,Village Road,Wet,Daylight,No Control,40,38,Expired,No,Curve,1
Gujarat,Surat,2022,April,Sunday,12:55,Minor,2,Car,2,0,Clear,Urban Road,Dry,Daylight,Signals,40,28,Valid,No,Straight Road,0
Goa,Panaji,2022,September,Sunday,14:47,Minor,2,Car,1,0,Clear,State Highway,Dry,Daylight,No Control,65,38,Valid,No,Straight Road,0
Maharashtra,Pune,2021,December,Monday,11:16,Minor,3,Car,2,0,Rainy,Urban Road,Wet,Daylight,No Control,55,29,Expired,No,Straight Road,0
Delhi,New Delhi,2024,June,Sunday,16:02,Fatal,4,Truck,4,2,Rainy,National Highway,Damaged,Daylight,No Control,70,25,Valid,Yes,Straight Road,1
Delhi,New Delhi,2023,January,Monday,11:24,Minor,4,Car,2,0,Clear,Urban Road,Dry,Daylight,No Control,50,46,Valid,No,Straight Road,0
Madhya Pradesh,Indore,2019,November,Friday,15:35,Serious,2,Two-Wheeler,3,0,Clear,National Highway,Dry,Daylight,Signs,60,27,Expired,No,Straight Road,1
Karnataka,Mangaluru,2024,March,Tuesday,11:02,Minor,2,Cycle,2,0,Clear,Urban Road,Damaged,Daylight,Police Checkpost,60,35,Valid,No,Intersection,0
Rajasthan,Jodhpur,2024,March,Friday,21:28,Minor,2,Tractor,1,0,Hazy,Urban Road,Dry,Dark,Police Checkpost,30,26,Valid,No,Intersection,0
Tamil Nadu,Coimbatore,2018,August,Monday,11:32,Minor,2,Two-Wheeler,1,0,Rainy,National Highway,Wet,Daylight,Signs,60,54,Unlicensed,No,Straight Road,0
Punjab,Unknown,2020,October,Tuesday,18:58,Serious,3,Auto-Rickshaw,3,0,Hazy,National Highway,Dry,Dusk,Signals,75,43,Valid,No,Bridge,1
Rajasthan,Udaipur,2022,October,Wednesday,16:11,Minor,2,Cycle,1,0,Clear,Urban Road,Damaged,Daylight,Signals,55,25,Valid,No,Straight Road,0
Jharkhand,Ranchi,2024,November,Sunday,11:11,Minor,1,Two-Wheeler,2,0,Clear,National Highway,Dry,Daylight,Signs,70,37,Valid,No,Straight Road,0
West Bengal,Kolkata,2023,November,Friday,19:25,Minor,4,Car,1,0,Clear,Urban Road,Dry,Dusk,Signs,50,37,Valid,Yes,Intersection,0
Rajasthan,Unknown,2022,February,Saturday,21:19,Fatal,3,Two-Wheeler,8,3,Clear,Expressway,Dry,Dark,Signs,95,38,Expired,No,Bridge,1
Andhra Pradesh,Visakhapatnam,2020,April,Friday,18:55,Serious,6,Car,3,0,Clear,National Highway,Damaged,Dusk,Signals,100,30,Valid,No,Curve,1
Rajasthan,Unknown,2018,September,Wednesday,22:47,Serious,1,Two-Wheeler,3,0,Clear,Urban Road,Dry,Dawn,No Control,45,29,Expired,No,Straight Road,1
Odisha,Bhubaneswar,2024,May,Monday,12:15,Serious,1,Two-Wheeler,2,0,Stormy,Village Road,Damaged,Daylight,Signs,30,55,Unlicensed,No,Curve,1
Uttar Pradesh,Lucknow,2021,September,Monday,21:20,Minor,1,Car,1,0,Rainy,Village Road,Wet,Dark,No Control,20,26,Valid,No,Straight Road,0
Himachal Pradesh,Shimla,2021,June,Thursday,20:38,Serious,1,Two-Wheeler,3,0,Clear,National Highway,Dry,Dark,No Control,70,24,Valid,No,Straight Road,1
Punjab,Unknown,2024,June,Sunday,18:52,Fatal,2,Two-Wheeler,2,1,Rainy,Village Road,Wet,Dark,No Control,20,18,Expired,No,Straight Road,1
Delhi,Unknown,2019,January,Tuesday,19:12,Fatal,2,Auto-Rickshaw,2,1,Clear,National Highway,Dry,Daylight,Signals,95,34,Valid,Yes,Curve,1
Gujarat,Ahmedabad,2019,August,Saturday,18:17,Serious,2,Truck,2,0,Rainy,Urban Road,Damaged,Daylight,Signs,45,22,Valid,No,Intersection,1
Haryana,Gurugram,2023,November,Saturday,14:36,Serious,4,Bus,4,0,Foggy,State Highway,Dry,Daylight,Signs,60,63,Valid,No,Straight Road,1
Tamil Nadu,Madurai,2019,October,Sunday,15:51,Fatal,3,Two-Wheeler,1,1,Clear,National Highway,Dry,Daylight,Signals,70,21,Unlicensed,No,Bridge,1
Bihar,Gaya,2024,May,Wednesday,12:17,Minor,1,Car,2,0,Foggy,Urban Road,Dry,Daylight,Signs,50,28,Valid,No,Intersection,0
Uttar Pradesh,Varanasi,2024,September,Sunday,17:28,Serious,1,Two-Wheeler,3,0,Clear,National Highway,Dry,Daylight,Signals,85,63,Valid,No,Straight Road,1
Tamil Nadu,Madurai,2018,March,Friday,10:40,Minor,1,Car,1,0,Clear,State Highway,Dry,Daylight,Signs,60,50,Valid,No,Straight Road,0
Gujarat,Vadodara,2021,August,Thursday,18:25,Serious,3,Car,2,1,Rainy,State Highway,Dry,Dark,Police Checkpost,60,18,Valid,No,Straight Road,1
Tamil Nadu,Unknown,2023,May,Saturday,14:46,Fatal,3,Car,3,1,Clear,Expressway,Damaged,Daylight,Signs,115,37,Valid,No,Curve,1
Karnataka,Bengaluru,2021,December,Tuesday,10:30,Minor,1,Car,3,0,Clear,Urban Road,Dry,Daylight,Signals,30,40,Valid,No,Straight Road,0
Punjab,Ludhiana,2019,September,Saturday,06:52,Minor,2,Car,1,0,Clear,Urban Road,Dry,Dark,Signs,45,25,Valid,No,Intersection,0
Tamil Nadu,Unknown,2018,January,Friday,08:36,Serious,1,Two-Wheeler,4,0,Clear,National Highway,Dry,Daylight,Signs,100,44,Valid,No,Straight Road,1
Kerala,Kochi,2018,November,Saturday,16:55,Serious,4,Two-Wheeler,4,0,Clear,Expressway,Dry,Daylight,Signs,90,20,Expired,No,Straight Road,1
Maharashtra,Unknown,2019,September,Sunday,11:51,Fatal,2,Two-Wheeler,1,1,Rainy,Urban Road,Wet,Daylight,No Control,30,18,Valid,Yes,Curve,1
Bihar,Gaya,2019,March,Friday,01:14,Fatal,2,Auto-Rickshaw,6,2,Clear,National Highway,Dry,Dark,No Control,90,48,Valid,No,Straight Road,1
Bihar,Gaya,2020,April,Monday,10:53,Minor,2,Tractor,1,0,Foggy,Urban Road,Damaged,Daylight,Police Checkpost,55,44,Valid,No,Straight Road,0
Karnataka,Unknown,2023,March,Wednesday,11:07,Minor,1,Two-Wheeler,1,0,Hazy,State Highway,Dry,Daylight,Signs,50,59,Valid,No,Bridge,0
Kerala,Thiruvananthapuram,2021,April,Sunday,08:16,Serious,1,Two-Wheeler,2,0,Stormy,State Highway,Wet,Daylight,Signs,60,36,Valid,No,Straight Road,1
Assam,Guwahati,2018,December,Friday,09:02,Minor,2,Two-Wheeler,1,0,Clear,State Highway,Dry,Daylight,Signs,50,56,Valid,No,Curve,0
Punjab,Ludhiana,2018,November,Sunday,17:06,Serious,2,Car,3,0,Clear,State Highway,Dry,Dark,Signs,75,30,Valid,No,Curve,1
Karnataka,Bengaluru,2018,July,Wednesday,18:43,Serious,2,Two-Wheeler,4,0,Rainy,State Highway,Under Construction,Daylight,No Control,75,51,Valid,No,Straight Road,1
Gujarat,Vadodara,2020,May,Thursday,22:06,Serious,1,Tractor,2,0,Clear,Urban Road,Damaged,Dawn,Signs,55,59,Unlicensed,No,Bridge,1
Bihar,Gaya,2023,May,Sunday,05:11,Fatal,1,Two-Wheeler,2,1,Clear,National Highway,Damaged,Dawn,Signs,70,26,Valid,No,Curve,1
Tamil Nadu,Unknown,2018,December,Saturday,09:24,Serious,1,Car,3,1,Clear,National Highway,Dry,Daylight,Signals,90,18,Valid,No,Straight Road,1
Punjab,Ludhiana,2020,March,Wednesday,04:48,Fatal,2,Two-Wheeler,3,1,Hazy,National Highway,Damaged,Dark,No Control,65,40,Valid,No,Straight Road,1
Tamil Nadu,Madurai,2021,October,Monday,16:48,Serious,2,Car,3,0,Clear,State Highway,Dry,Daylight,No Control,55,39,Valid,No,Straight Road,1
Punjab,Amritsar,2019,December,Sunday,00:57,Serious,1,Two-Wheeler,3,0,Clear,National Highway,Dry,Dark,Signals,85,35,Unlicensed,No,Straight Road,1
Maharashtra,Pune,2018,November,Saturday,07:03,Fatal,1,Two-Wheeler,2,2,Clear,National Highway,Dry,Daylight,Police Checkpost,100,48,Valid,No,Bridge,1
Maharashtra,Pune,2019,September,Thursday,15:08,Serious,3,Auto-Rickshaw,2,0,Clear,State Highway,Dry,Daylight,No Control,55,23,Valid,No,Curve,1
Goa,Panaji,2019,November,Friday,10:23,Serious,3,Car,3,0,Clear,Expressway,Dry,Daylight,Signs,100,35,Valid,No,Straight Road,1
Delhi,New Delhi,2023,March,Tuesday,15:16,Fatal,4,Truck,4,1,Stormy,National Highway,Wet,Daylight,No Control,100,28,Expired,No,Intersection,1
Odisha,Unknown,2024,December,Thursday,16:05,Serious,3,Car,2,0,Foggy,National Highway,Dry,Daylight,Signs,75,56,Valid,No,Straight Road,1
Chhattisgarh,Bilaspur,2022,February,Tuesday,19:31,Serious,2,Two-Wheeler,4,0,Clear,Urban Road,Dry,Dark,No Control,55,46,Valid,No,Intersection,1
Gujarat,Surat,2023,January,Tuesday,11:28,Minor,2,Tractor,2,0,Clear,Urban Road,Dry,Daylight,Signs,50,28,Expired,No,Intersection,0
Tamil Nadu,Chennai,2023,March,Sunday,09:25,Fatal,3,Two-Wheeler,1,1,Clear,National Highway,Dry,Daylight,Signs,95,37,Valid,No,Bridge,1
Maharashtra,Unknown,2024,August,Wednesday,14:01,Minor,3,Truck,2,0,Hazy,Village Road,Dry,Daylight,Signs,25,35,Expired,No,Straight Road,0
Rajasthan,Jaipur,2018,March,Saturday,03:25,Fatal,2,Auto-Rickshaw,4,1,Hazy,Urban Road,Dry,Dark,Signs,55,21,Unlicensed,Yes,Intersection,1
Uttar Pradesh,Lucknow,2024,August,Thursday,02:27,Minor,3,Car,2,0,Rainy,Urban Road,Wet,Dark,Signs,55,56,Valid,No,Straight Road,0
Jharkhand,Jamshedpur,2021,February,Monday,12:13,Minor,2,Car,2,0,Foggy,Urban Road,Under Construction,Daylight,Signals,55,32,Unlicensed,No,Straight Road,0
Maharashtra,Nashik,2021,September,Wednesday,08:47,Serious,3,Two-Wheeler,6,0,Rainy,Urban Road,Wet,Daylight,Signals,55,74,Unlicensed,No,Intersection,1
Uttar Pradesh,Varanasi,2023,March,Tuesday,00:53,Fatal,1,Two-Wheeler,5,1,Rainy,National Highway,Wet,Dark,Signs,75,37,Valid,No,Bridge,1
Tamil Nadu,Chennai,2021,July,Saturday,17:55,Serious,1,Two-Wheeler,5,0,Rainy,Village Road,Wet,Dusk,No Control,35,52,Expired,No,Straight Road,1
Uttar Pradesh,Agra,2019,February,Sunday,19:40,Serious,3,Truck,2,0,Hazy,National Highway,Dry,Daylight,Signs,85,37,Valid,No,Straight Road,1
Uttar Pradesh,Lucknow,2018,December,Saturday,06:40,Minor,1,Cycle,2,0,Hazy,State Highway,Dry,Dawn,Signs,50,41,Valid,No,Bridge,0
Telangana,Hyderabad,2019,May,Saturday,15:09,Serious,5,Truck,3,0,Clear,National Highway,Damaged,Daylight,Signals,95,32,Valid,No,Straight Road,1
Tamil Nadu,Coimbatore,2018,August,Sunday,23:23,Serious,4,Two-Wheeler,6,0,Clear,Urban Road,Damaged,Dawn,No Control,50,18,Valid,No,Curve,1
West Bengal,Durgapur,2020,June,Saturday,09:00,Serious,3,Two-Wheeler,3,0,Clear,Village Road,Dry,Daylight,No Control,35,57,Unlicensed,No,Intersection,1
Odisha,Bhubaneswar,2023,August,Friday,18:33,Minor,1,Two-Wheeler,2,0,Clear,Urban Road,Dry,Dusk,Signals,30,30,Valid,Yes,Straight Road,0
West Bengal,Siliguri,2020,June,Saturday,07:45,Serious,2,Auto-Rickshaw,2,0,Clear,National Highway,Dry,Daylight,Signals,100,55,Expired,No,Straight Road,1
Andhra Pradesh,Vijayawada,2022,January,Thursday,21:40,Serious,2,Two-Wheeler,3,0,Clear,Urban Road,Dry,Dark,No Control,60,62,Valid,No,Intersection,1
Karnataka,Hubballi,2019,October,Monday,00:00,Fatal,3,Car,3,1,Clear,Expressway,Damaged,Dark,No Control,115,29,Valid,No,Straight Road,1
Uttar Pradesh,Lucknow,2022,August,Saturday,09:33,Serious,2,Tractor,3,0,Clear,National Highway,Dry,Daylight,Signals,75,27,Valid,No,Straight Road,1
Tamil Nadu,Coimbatore,2024,April,Saturday,23:52,Minor,1,Tractor,2,0,Rainy,National Highway,Damaged,Dark,Signals,60,30,Valid,No,Curve,0
Uttarakhand,Unknown,2020,February,Tuesday,17:06,Serious,4,Two-Wheeler,2,0,Clear,Urban Road,Dry,Daylight,Police Checkpost,50,18,Expired,No,Intersection,1
West Bengal,Unknown,2021,November,Sunday,08:31,Minor,3,Tractor,3,0,Clear,Urban Road,Dry,Daylight,Signs,45,41,Valid,No,Intersection,0
Tamil Nadu,Chennai,2024,April,Monday,19:15,Serious,4,Two-Wheeler,2,0,Clear,National Highway,Dry,Dark,No Control,70,53,Valid,No,Straight Road,1
Gujarat,Vadodara,2022,November,Saturday,21:55,Fatal,1,Auto-Rickshaw,3,2,Stormy,National Highway,Wet,Dark,Signals,70,26,Valid,No,Straight Road,1
Haryana,Gurugram,2020,October,Sunday,13:33,Minor,1,Two-Wheeler,1,0,Clear,Urban Road,Dry,Daylight,Police Checkpost,50,43,Valid,No,Intersection,0
Telangana,Hyderabad,2018,December,Wednesday,06:46,Minor,2,Two-Wheeler,3,0,Clear,Urban Road,Dry,Dawn,Police Checkpost,55,34,Expired,No,Straight Road,0
Madhya Pradesh,Bhopal,2024,August,Sunday,08:31,Serious,2,Bus,3,0,Clear,State Highway,Dry,Daylight,Signs,65,34,Valid,Yes,Straight Road,1
Odisha,Bhubaneswar,2022,March,Saturday,22:53,Minor,1,Car,4,0,Clear,Urban Road,Dry,Dark,Signals,60,37,Valid,No,Straight Road,0
Telangana,Hyderabad,2018,January,Saturday,07:17,Minor,3,Tractor,1,0,Rainy,Village Road,Wet,Daylight,No Control,30,41,Valid,No,Intersection,0
West Bengal,Durgapur,2021,March,Sunday,09:44,Serious,1,Two-Wheeler,6,0,Clear,National Highway,Dry,Daylight,No Control,80,29,Valid,No,Straight Road,1
Uttar Pradesh,Lucknow,2024,June,Friday,06:25,Fatal,2,Two-Wheeler,1,1,Rainy,State Highway,Wet,Dawn,No Control,60,37,Valid,No,Intersection,1
Maharashtra,Pune,2024,August,Thursday,05:34,Fatal,1,Car,4,1,Rainy,State Highway,Under Construction,Dawn,Signs,50,30,Valid,No,Intersection,1
Uttarakhand,Dehradun,2019,November,Friday,14:41,Minor,4,Bus,2,0,Clear,Urban Road,Damaged,Daylight,Signs,35,39,Valid,No,Intersection,0
West Bengal,Durgapur,2020,February,Thursday,11:10,Minor,3,Two-Wheeler,2,0,Clear,Urban Road,Dry,Daylight,Signs,40,26,Valid,No,Intersection,0
Karnataka,Mangaluru,2024,August,Wednesday,02:52,Fatal,4,Truck,2,2,Rainy,Village Road,Wet,Dark,No Control,30,48,Valid,No,Intersection,1
Madhya Pradesh,Unknown,2023,February,Monday,06:43,Minor,1,Two-Wheeler,1,0,Hazy,Urban Road,Dry,Dawn,Signs,35,33,Unlicensed,No,Straight Road,0
Maharashtra,Nagpur,2021,June,Wednesday,01:24,Fatal,3,Two-Wheeler,4,3,Clear,National Highway,Dry,Dark,Signs,80,22,Valid,No,Bridge,1
Punjab,Amritsar,2020,January,Saturday,01:35,Serious,2,Two-Wheeler,4,0,Clear,State Highway,Dry,Dark,Signs,65,34,Valid,No,Straight Road,1
Uttar Pradesh,Kanpur,2023,May,Sunday,07:39,Minor,1,Two-Wheeler,1,0,Clear,State Highway,Dry,Daylight,Signs,65,36,Valid,No,Bridge,0
Punjab,Amritsar,2022,August,Sunday,18:27,Serious,1,Two-Wheeler,2,0,Rainy,Urban Road,Wet,Dark,Signals,60,31,Valid,No,Bridge,1
Rajasthan,Jodhpur,2021,September,Tuesday,00:38,Fatal,1,Truck,5,2,Rainy,Expressway,Damaged,Dark,Signs,85,18,Valid,No,Straight Road,1
Tamil Nadu,Chennai,2024,October,Friday,09:33,Minor,2,Car,2,0,Hazy,State Highway,Dry,Daylight,No Control,60,35,Valid,No,Straight Road,0
Maharashtra,Unknown,2020,July,Friday,15:46,Serious,1,Two-Wheeler,3,0,Stormy,Urban Road,Damaged,Daylight,No Control,40,39,Expired,Yes,Intersection,1
Punjab,Amritsar,2022,April,Tuesday,18:13,Serious,1,Car,5,0,Rainy,National Highway,Damaged,Dusk,Signs,90,42,Valid,No,Straight Road,1
Uttar Pradesh,Unknown,2018,November,Friday,17:00,Minor,4,Auto-Rickshaw,1,0,Clear,Urban Road,Damaged,Dusk,Police Checkpost,50,49,Unlicensed,No,Intersection,0
Maharashtra,Unknown,2022,December,Wednesday,23:24,Minor,4,Auto-Rickshaw,1,0,Hazy,Urban Road,Dry,Dark,No Control,55,43,Valid,Yes,Intersection,0
Kerala,Unknown,2021,December,Sunday,09:49,Minor,1,Car,2,0,Foggy,Urban Road,Dry,Daylight,Signs,45,41,Expired,No,Curve,0
Karnataka,Mangaluru,2024,October,Tuesday,00:07,Serious,1,Car,3,0,Clear,Expressway,Dry,Dark,No Control,115,44,Valid,No,Straight Road,1
Karnataka,Mysuru,2020,October,Saturday,01:51,Fatal,3,Two-Wheeler,2,1,Clear,Expressway,Dry,Dark,Signs,80,30,Valid,Yes,Intersection,1
Tamil Nadu,Chennai,2024,January,Sunday,05:24,Minor,2,Car,1,0,Clear,Urban Road,Dry,Dawn,No Control,35,48,Expired,No,Intersection,0
Delhi,New Delhi,2022,July,Saturday,23:12,Minor,6,Bus,4,0,Rainy,Village Road,Wet,Dark,Signs,30,36,Valid,No,Intersection,0
Tamil Nadu,Coimbatore,2019,May,Tuesday,15:28,Minor,2,Car,2,0,Hazy,Urban Road,Under Construction,Daylight,Signals,35,35,Valid,No,Intersection,0
Uttar Pradesh,Kanpur,2019,April,Tuesday,19:48,Minor,2,Auto-Rickshaw,1,0,Stormy,Urban Road,Dry,Dark,Signals,40,22,Valid,No,Intersection,0
Tamil Nadu,Madurai,2019,January,Sunday,23:51,Serious,2,Car,2,0,Foggy,National Highway,Dry,Dark,Police Checkpost,70,42,Valid,No,Intersection,1
Uttar Pradesh,Lucknow,2020,March,Monday,19:36,Fatal,4,Car,5,2,Stormy,Expressway,Dry,Dusk,Police Checkpost,85,41,Valid,No,Straight Road,1
Tamil Nadu,Chennai,2021,November,Monday,11:31,Fatal,2,Cycle,3,2,Clear,Expressway,Damaged,Daylight,Signs,90,46,Unlicensed,No,Straight Road,1
Maharashtra,Nagpur,2024,November,Sunday,20:48,Minor,1,Auto-Rickshaw,2,0,Foggy,Urban Road,Under Construction,Dark,Signals,55,20,Valid,No,Intersection,0
Uttar Pradesh,Kanpur,2024,September,Saturday,12:54,Serious,2,Car,2,0,Rainy,State Highway,Wet,Dusk,Signs,50,46,Valid,Yes,Curve,1
Karnataka,Bengaluru,2022,February,Saturday,05:47,Fatal,4,Truck,5,2,Clear,National Highway,Dry,Dawn,Signs,100,35,Valid,No,Curve,1
Odisha,Bhubaneswar,2021,September,Tuesday,15:58,Serious,3,Cycle,2,0,Rainy,National Highway,Dry,Daylight,Police Checkpost,80,26,Expired,No,Straight Road,1
Maharashtra,Unknown,2022,February,Thursday,21:49,Minor,2,Car,1,0,Stormy,Village Road,Wet,Dark,Signs,35,31,Unlicensed,No,Bridge,0
Uttar Pradesh,Kanpur,2020,September,Saturday,19:02,Serious,4,Cycle,3,0,Clear,State Highway,Dry,Dusk,No Control,70,27,Valid,No,Straight Road,1
Assam,Guwahati,2019,January,Wednesday,11:01,Minor,3,Two-Wheeler,3,0,Foggy,Urban Road,Dry,Daylight,Signs,30,41,Valid,No,Straight Road,0
Odisha,Bhubaneswar,2021,April,Tuesday,20:35,Fatal,5,Cycle,3,1,Rainy,State Highway,Wet,Dark,No Control,55,32,Unlicensed,No,Curve,1
Telangana,Warangal,2023,February,Monday,13:57,Minor,2,Truck,3,0,Clear,Urban Road,Under Construction,Daylight,Signs,55,36,Unlicensed,No,Intersection,0
Uttar Pradesh,Kanpur,2018,December,Friday,17:17,Minor,3,Two-Wheeler,2,0,Foggy,Urban Road,Under Construction,Dusk,Police Checkpost,50,31,Valid,No,Straight Road,0
Karnataka,Hubballi,2018,July,Wednesday,10:57,Minor,1,Two-Wheeler,2,0,Rainy,Village Road,Wet,Daylight,No Control,25,35,Valid,No,Curve,0
Uttar Pradesh,Varanasi,2019,December,Sunday,07:51,Minor,4,Truck,1,0,Hazy,Urban Road,Dry,Daylight,No Control,45,23,Valid,No,Straight Road,0
Maharashtra,Nashik,2019,January,Wednesday,09:08,Fatal,2,Two-Wheeler,2,1,Hazy,State Highway,Dry,Daylight,Police Checkpost,60,18,Valid,Yes,Curve,1
Karnataka,Mangaluru,2019,September,Tuesday,20:29,Fatal,3,Two-Wheeler,3,1,Clear,National Highway,Dry,Dark,No Control,65,69,Expired,No,Straight Road,1
Madhya Pradesh,Bhopal,2018,June,Sunday,23:13,Serious,2,Two-Wheeler,2,0,Rainy,Village Road,Wet,Dark,No Control,40,37,Valid,No,Curve,1
Karnataka,Bengaluru,2018,June,Sunday,08:04,Minor,1,Two-Wheeler,2,0,Rainy,Village Road,Wet,Daylight,No Control,25,72,Valid,No,Straight Road,0
West Bengal,Durgapur,2020,November,Saturday,07:41,Serious,1,Two-Wheeler,2,0,Clear,State Highway,Dry,Daylight,Signs,75,36,Expired,No,Curve,1
Tamil Nadu,Chennai,2023,January,Sunday,03:12,Fatal,4,Car,5,1,Clear,National Highway,Damaged,Dark,Signs,70,37,Unlicensed,No,Straight Road,1
Karnataka,Hubballi,2019,December,Tuesday,18:33,Minor,5,Car,2,0,Clear,Urban Road,Dry,Dusk,Signals,50,33,Valid,No,Curve,0
Bihar,Unknown,2020,January,Thursday,14:40,Serious,3,Car,3,0,Foggy,Urban Road,Dry,Daylight,Signs,45,44,Valid,Yes,Curve,1
Delhi,New Delhi,2024,May,Tuesday,15:25,Minor,2,Truck,1,0,Clear,Urban Road,Dry,Daylight,Signs,55,38,Valid,No,Intersection,0
Tamil Nadu,Chennai,2019,February,Thursday,02:04,Fatal,2,Two-Wheeler,2,1,Clear,National Highway,Dry,Dark,No Control,85,21,Unlicensed,Yes,Curve,1
Madhya Pradesh,Gwalior,2024,July,Saturday,04:04,Fatal,1,Auto-Rickshaw,5,4,Clear,Expressway,Dry,Dark,Signs,105,24,Valid,No,Curve,1
Tamil Nadu,Coimbatore,2021,August,Sunday,21:22,Serious,2,Tractor,3,0,Hazy,Urban Road,Damaged,Dark,Signals,40,22,Valid,Yes,Straight Road,1
Maharashtra,Unknown,2023,August,Monday,15:02,Serious,2,Cycle,3,0,Stormy,Urban Road,Wet,Daylight,Police Checkpost,55,38,Unlicensed,No,Intersection,1
Kerala,Unknown,2020,October,Wednesday,08:52,Fatal,2,Two-Wheeler,2,2,Clear,National Highway,Under Construction,Daylight,No Control,65,39,Valid,No,Curve,1
Uttar Pradesh,Agra,2020,October,Sunday,07:09,Fatal,2,Auto-Rickshaw,2,1,Rainy,National Highway,Wet,Dusk,Signs,80,38,Valid,Yes,Straight Road,1
Gujarat,Ahmedabad,2020,December,Friday,08:01,Fatal,3,Truck,4,1,Stormy,National Highway,Wet,Daylight,Signs,70,28,Valid,No,Bridge,1
Rajasthan,Jodhpur,2018,June,Wednesday,03:08,Fatal,3,Car,5,2,Rainy,State Highway,Damaged,Dark,Signs,65,22,Valid,No,Straight Road,1
Uttar Pradesh,Kanpur,2020,March,Wednesday,02:41,Serious,2,Tractor,2,0,Clear,Expressway,Dry,Dark,Signs,80,51,Valid,No,Straight Road,1
Maharashtra,Nagpur,2024,February,Wednesday,18:35,Serious,2,Two-Wheeler,4,0,Clear,Urban Road,Dry,Dark,Signs,50,39,Valid,Yes,Straight Road,1
Karnataka,Mangaluru,2018,April,Thursday,08:40,Serious,1,Car,4,0,Hazy,Expressway,Dry,Daylight,Signs,110,44,Valid,No,Straight Road,1
Chhattisgarh,Raipur,2022,August,Thursday,11:20,Minor,2,Two-Wheeler,2,0,Rainy,Urban Road,Damaged,Daylight,Signs,50,48,Valid,No,Intersection,0
West Bengal,Durgapur,2022,January,Thursday,14:19,Fatal,3,Two-Wheeler,2,1,Foggy,National Highway,Dry,Daylight,Signs,85,18,Valid,No,Curve,1
Karnataka,Hubballi,2018,December,Thursday,09:40,Minor,2,Auto-Rickshaw,1,0,Foggy,Urban Road,Dry,Daylight,Signs,30,38,Valid,No,Intersection,0
Maharashtra,Nagpur,2018,December,Thursday,13:06,Serious,3,Truck,3,0,Clear,Urban Road,Damaged,Daylight,Signals,50,50,Unlicensed,No,Intersection,1
West Bengal,Kolkata,2021,February,Monday,20:23,Minor,2,Truck,1,0,Hazy,Village Road,Dry,Dark,No Control,25,22,Valid,No,Curve,0
Maharashtra,Nashik,2019,October,Monday,08:06,Serious,3,Two-Wheeler,2,0,Rainy,Urban Road,Dry,Daylight,No Control,50,23,Unlicensed,No,Intersection,1
Madhya Pradesh,Gwalior,2024,August,Wednesday,19:25,Serious,1,Cycle,3,0,Clear,National Highway,Dry,Daylight,Signals,85,23,Unlicensed,No,Straight Road,1
Kerala,Kozhikode,2019,June,Sunday,08:58,Minor,1,Car,1,0,Clear,Urban Road,Dry,Daylight,Signs,40,18,Valid,No,Intersection,0
Gujarat,Surat,2018,September,Saturday,07:51,Minor,1,Two-Wheeler,1,0,Foggy,Urban Road,Dry,Daylight,No Control,35,44,Valid,No,Straight Road,0
Tamil Nadu,Unknown,2020,July,Monday,04:40,Serious,2,Two-Wheeler,5,0,Clear,Urban Road,Dry,Dark,Signals,35,39,Unlicensed,No,Straight Road,1
Maharashtra,Unknown,2020,April,Thursday,17:39,Fatal,2,Two-Wheeler,5,1,Hazy,National Highway,Dry,Dark,No Control,75,22,Valid,No,Straight Road,1
Maharashtra,Nashik,2019,July,Friday,12:22,Serious,2,Bus,4,0,Rainy,State Highway,Damaged,Daylight,Signs,65,18,Valid,No,Bridge,1
Gujarat,Vadodara,2022,February,Thursday,18:42,Minor,3,Two-Wheeler,2,0,Clear,Village Road,Dry,Daylight,No Control,20,26,Valid,No,Straight Road,0
Odisha,Cuttack,2020,April,Saturday,06:50,Fatal,3,Two-Wheeler,5,3,Clear,State Highway,Dry,Dawn,Signs,70,50,Expired,No,Intersection,1
Tamil Nadu,Madurai,2021,December,Sunday,16:33,Minor,4,Car,2,0,Clear,Urban Road,Dry,Daylight,Signals,35,22,Valid,Yes,Straight Road,0
Madhya Pradesh,Unknown,2019,March,Monday,00:06,Fatal,1,Two-Wheeler,1,1,Clear,National Highway,Dry,Dark,No Control,90,18,Valid,No,Curve,1
Andhra Pradesh,Visakhapatnam,2018,August,Thursday,08:41,Serious,3,Car,4,0,Rainy,State Highway,Wet,Daylight,Police Checkpost,70,35,Valid,No,Curve,1
Maharashtra,Mumbai,2018,April,Thursday,16:07,Minor,3,Tractor,1,0,Hazy,State Highway,Dry,Daylight,Signs,70,22,Valid,No,Straight Road,0
Uttar Pradesh,Unknown,2018,June,Friday,02:19,Serious,1,Cycle,2,0,Hazy,National Highway,Dry,Dark,Signals,70,56,Expired,No,Straight Road,1
Tamil Nadu,Coimbatore,2024,March,Tuesday,11:11,Serious,2,Cycle,3,0,Hazy,State Highway,Dry,Daylight,No Control,70,38,Valid,No,Curve,1
Telangana,Warangal,2019,July,Friday,15:03,Minor,4,Car,1,0,Rainy,Urban Road,Wet,Daylight,Signals,50,31,Valid,No,Intersection,0
Gujarat,Ahmedabad,2020,July,Monday,18:45,Fatal,2,Tractor,2,2,Rainy,State Highway,Dry,Dark,Signs,75,31,Valid,No,Straight Road,1
Kerala,Thiruvananthapuram,2022,August,Saturday,17:38,Serious,3,Two-Wheeler,4,0,Clear,State Highway,Dry,Dusk,Signs,65,29,Valid,No,Curve,1
Delhi,New Delhi,2018,April,Friday,06:24,Minor,4,Two-Wheeler,2,0,Clear,Urban Road,Dry,Dawn,Signals,50,30,Valid,No,Straight Road,0
Bihar,Patna,2022,July,Wednesday,04:22,Serious,2,Auto-Rickshaw,2,0,Rainy,Urban Road,Wet,Dusk,Signs,45,65,Valid,No,Straight Road,1
Goa,Panaji,2021,September,Sunday,11:38,Fatal,4,Bus,1,1,Stormy,State Highway,Wet,Daylight,Signs,80,47,Valid,No,Curve,1
Kerala,Thiruvananthapuram,2023,September,Saturday,08:31,Minor,3,Car,3,0,Rainy,Urban Road,Dry,Daylight,Signs,50,33,Valid,No,Straight Road,0
Delhi,Unknown,2018,July,Friday,09:13,Minor,4,Two-Wheeler,1,0,Clear,State Highway,Dry,Daylight,No Control,50,38,Valid,No,Curve,0
Haryana,Faridabad,2018,April,Sunday,10:28,Minor,3,Two-Wheeler,3,0,Clear,Urban Road,Dry,Daylight,Signs,55,27,Unlicensed,No,Straight Road,0
Kerala,Kozhikode,2023,July,Saturday,11:46,Serious,1,Car,3,0,Rainy,National Highway,Wet,Daylight,Signs,65,48,Valid,No,Straight Road,1
Punjab,Unknown,2020,July,Tuesday,14:33,Serious,3,Auto-Rickshaw,2,0,Stormy,State Highway,Dry,Daylight,Signs,50,18,Unlicensed,No,Straight Road,1
Jharkhand,Ranchi,2018,December,Friday,00:48,Serious,2,Car,2,0,Clear,National Highway,Dry,Dark,Signals,85,28,Valid,No,Curve,1
Gujarat,Surat,2021,May,Friday,09:30,Minor,2,Car,1,0,Clear,Village Road,Dry,Daylight,Signs,30,22,Unlicensed,No,Curve,0
West Bengal,Kolkata,2021,April,Friday,08:24,Minor,2,Two-Wheeler,1,0,Clear,National Highway,Dry,Daylight,Signs,75,46,Valid,No,Straight Road,0
Rajasthan,Jaipur,2024,September,Sunday,08:44,Minor,3,Truck,2,0,Hazy,Urban Road,Dry,Daylight,Signals,40,35,Valid,No,Straight Road,0
Delhi,Unknown,2024,August,Thursday,19:12,Serious,4,Truck,3,0,Rainy,Urban Road,Wet,Dusk,Signs,40,18,Valid,No,Intersection,1
Gujarat,Vadodara,2021,June,Monday,08:37,Fatal,1,Two-Wheeler,5,1,Rainy,State Highway,Wet,Daylight,Signs,75,33,Valid,Yes,Intersection,1
Punjab,Unknown,2019,January,Thursday,06:37,Serious,2,Two-Wheeler,4,0,Clear,National Highway,Dry,Daylight,Signs,90,34,Valid,No,Straight Road,1
Punjab,Ludhiana,2023,September,Saturday,20:16,Fatal,3,Two-Wheeler,4,4,Hazy,National Highway,Dry,Dawn,Signs,90,52,Valid,No,Straight Road,1
Chhattisgarh,Raipur,2019,September,Wednesday,11:15,Serious,1,Car,3,0,Rainy,State Highway,Damaged,Dawn,No Control,65,38,Valid,No,Bridge,1
Tamil Nadu,Madurai,2023,December,Monday,07:05,Minor,2,Two-Wheeler,3,0,Clear,Village Road,Dry,Daylight,Signs,35,34,Valid,No,Curve,0
Andhra Pradesh,Unknown,2022,July,Wednesday,18:08,Serious,3,Car,2,0,Rainy,National Highway,Wet,Dark,Signs,80,35,Valid,No,Straight Road,1
Kerala,Unknown,2020,July,Saturday,17:05,Serious,3,Two-Wheeler,2,0,Clear,State Highway,Dry,Dark,Signs,75,18,Expired,No,Straight Road,1
Jharkhand,Ranchi,2024,March,Monday,22:36,Minor,1,Auto-Rickshaw,1,0,Hazy,State Highway,Dry,Dark,Signs,50,24,Valid,No,Straight Road,0
Assam,Guwahati,2021,June,Wednesday,20:07,Serious,2,Auto-Rickshaw,2,0,Rainy,Urban Road,Wet,Dark,Signs,55,18,Valid,No,Curve,1
Madhya Pradesh,Unknown,2020,January,Tuesday,17:30,Fatal,5,Car,2,2,Foggy,State Highway,Dry,Daylight,No Control,65,58,Valid,No,Intersection,1
Madhya Pradesh,Unknown,2019,July,Thursday,07:06,Serious,3,Two-Wheeler,2,0,Rainy,State Highway,Dry,Daylight,Signs,60,28,Valid,No,Intersection,1
Uttar Pradesh,Kanpur,2022,September,Tuesday,13:47,Serious,3,Two-Wheeler,2,1,Stormy,National Highway,Wet,Daylight,Signals,85,42,Valid,No,Bridge,1
Himachal Pradesh,Shimla,2019,October,Monday,05:40,Serious,2,Two-Wheeler,3,0,Hazy,Village Road,Wet,Dawn,No Control,40,22,Valid,No,Straight Road,1
Tamil Nadu,Madurai,2019,August,Saturday,15:17,Minor,5,Car,2,0,Rainy,Urban Road,Wet,Daylight,Signs,40,29,Valid,No,Straight Road,0
Kerala,Unknown,2018,October,Tuesday,21:44,Fatal,2,Two-Wheeler,1,1,Clear,National Highway,Dry,Dark,Signals,80,30,Unlicensed,Yes,Straight Road,1
Punjab,Ludhiana,2022,August,Tuesday,00:13,Serious,4,Truck,2,0,Clear,Urban Road,Dry,Dark,No Control,35,40,Valid,No,Straight Road,1
Gujarat,Surat,2024,October,Friday,20:38,Serious,2,Auto-Rickshaw,3,0,Clear,Urban Road,Dry,Dawn,Signs,55,32,Expired,Yes,Straight Road,1
Uttar Pradesh,Agra,2019,June,Monday,14:38,Minor,2,Two-Wheeler,2,0,Hazy,Urban Road,Dry,Daylight,Signals,45,26,Expired,No,Straight Road,0
Uttar Pradesh,Kanpur,2019,August,Monday,06:26,Fatal,2,Auto-Rickshaw,2,1,Rainy,Expressway,Wet,Daylight,Signs,90,18,Valid,No,Straight Road,1
Delhi,New Delhi,2022,August,Thursday,20:42,Serious,2,Car,4,1,Clear,National Highway,Dry,Dark,Signals,95,61,Valid,No,Bridge,1
Rajasthan,Jaipur,2019,July,Wednesday,14:56,Minor,2,Two-Wheeler,1,0,Rainy,Village Road,Wet,Daylight,No Control,25,28,Valid,No,Curve,0
Maharashtra,Mumbai,2018,July,Friday,12:24,Minor,2,Two-Wheeler,1,0,Rainy,Village Road,Wet,Daylight,No Control,20,29,Valid,No,Bridge,0
Andhra Pradesh,Visakhapatnam,2022,October,Sunday,13:17,Minor,1,Two-Wheeler,1,0,Clear,Urban Road,Dry,Daylight,Signals,35,27,Unlicensed,No,Intersection,0
Tamil Nadu,Chennai,2021,March,Thursday,06:26,Serious,1,Car,2,0,Stormy,Urban Road,Wet,Dawn,No Control,40,51,Valid,No,Intersection,1
Delhi,Unknown,2018,April,Friday,05:34,Minor,1,Two-Wheeler,2,0,Clear,National Highway,Dry,Dawn,Signs,70,26,Valid,No,Bridge,0
Tamil Nadu,Chennai,2019,July,Sunday,17:07,Serious,1,Car,2,1,Rainy,National Highway,Wet,Dusk,No Control,60,28,Valid,No,Intersection,1
Uttar Pradesh,Agra,2019,August,Thursday,20:57,Fatal,2,Truck,3,1,Stormy,State Highway,Wet,Dark,Signs,80,36,Valid,Yes,Straight Road,1
Maharashtra,Nashik,2022,July,Saturday,17:28,Serious,2,Car,2,0,Clear,Village Road,Damaged,Daylight,No Control,25,49,Valid,No,Straight Road,1
Rajasthan,Jodhpur,2022,March,Friday,19:57,Fatal,1,Two-Wheeler,2,1,Clear,National Highway,Dry,Dusk,No Control,100,34,Unlicensed,No,Straight Road,1
Gujarat,Vadodara,2023,October,Friday,20:57,Serious,2,Auto-Rickshaw,2,0,Clear,Urban Road,Damaged,Dark,No Control,50,35,Valid,No,Curve,1
Kerala,Kochi,2018,July,Sunday,01:03,Fatal,2,Two-Wheeler,4,1,Rainy,National Highway,Wet,Dark,Signs,90,33,Valid,No,Straight Road,1
Gujarat,Vadodara,2023,June,Monday,18:06,Serious,2,Truck,3,1,Rainy,State Highway,Damaged,Dusk,No Control,60,28,Unlicensed,No,Straight Road,1
Karnataka,Hubballi,2019,November,Sunday,18:10,Minor,2,Truck,2,0,Clear,State Highway,Dry,Dusk,No Control,70,56,Valid,No,Straight Road,0
Tamil Nadu,Chennai,2024,June,Thursday,10:34,Serious,3,Bus,5,1,Hazy,Expressway,Dry,Daylight,Signs,95,24,Valid,No,Straight Road,1
Tamil Nadu,Unknown,2024,February,Friday,11:21,Serious,3,Car,2,0,Rainy,National Highway,Wet,Daylight,Signs,75,39,Valid,No,Straight Road,1
Jharkhand,Jamshedpur,2021,December,Thursday,18:01,Serious,2,Cycle,2,0,Clear,National Highway,Dry,Dusk,Signs,95,27,Valid,No,Bridge,1
Uttar Pradesh,Lucknow,2023,May,Tuesday,23:33,Serious,1,Two-Wheeler,2,1,Clear,National Highway,Dry,Dark,Signs,95,41,Valid,No,Bridge,1
Jammu and Kashmir,Unknown,2022,November,Monday,23:19,Minor,3,Car,1,0,Clear,Urban Road,Dry,Dark,Police Checkpost,40,33,Valid,No,Straight Road,0
Tamil Nadu,Chennai,2023,July,Sunday,13:50,Serious,3,Truck,4,1,Rainy,Urban Road,Wet,Daylight,Signals,30,37,Unlicensed,No,Curve,1
Maharashtra,Mumbai,2018,March,Friday,19:45,Serious,5,Auto-Rickshaw,3,0,Clear,National Highway,Dry,Dark,Police Checkpost,80,35,Valid,No,Curve,1
Tamil Nadu,Chennai,2018,May,Sunday,13:50,Serious,3,Truck,4,0,Clear,National Highway,Dry,Daylight,Police Checkpost,100,21,Valid,No,Curve,1
Maharashtra,Unknown,2024,November,Wednesday,20:34,Serious,3,Truck,3,0,Clear,State Highway,Dry,Dark,No Control,80,33,Valid,No,Straight Road,1
Bihar,Patna,2023,December,Wednesday,17:41,Serious,4,Tractor,5,0,Hazy,National Highway,Dry,Dusk,Signals,80,18,Valid,No,Curve,1
Rajasthan,Jodhpur,2022,February,Wednesday,22:04,Minor,4,Car,1,0,Clear,Village Road,Dry,Dark,Signs,30,37,Valid,No,Bridge,0
Karnataka,Mysuru,2020,December,Tuesday,23:45,Minor,2,Car,2,0,Clear,Urban Road,Dry,Dark,Signs,55,28,Valid,No,Straight Road,0
Telangana,Hyderabad,2020,November,Thursday,10:27,Serious,3,Truck,3,0,Rainy,State Highway,Wet,Daylight,Signs,55,31,Valid,Yes,Curve,1
West Bengal,Durgapur,2020,August,Sunday,23:00,Minor,1,Two-Wheeler,2,0,Stormy,Urban Road,Wet,Dark,No Control,40,34,Valid,No,Intersection,0
Jharkhand,Ranchi,2021,March,Sunday,17:04,Minor,3,Car,2,0,Clear,State Highway,Dry,Dusk,Signs,55,36,Expired,No,Straight Road,0
Chhattisgarh,Raipur,2022,August,Thursday,08:18,Fatal,2,Truck,3,1,Rainy,National Highway,Wet,Daylight,No Control,85,18,Valid,No,Curve,1
Telangana,Warangal,2023,June,Wednesday,00:22,Serious,1,Car,2,0,Stormy,Urban Road,Damaged,Dark,Signs,55,29,Valid,No,Intersection,1
Punjab,Amritsar,2020,February,Friday,17:12,Minor,1,Auto-Rickshaw,2,0,Clear,Urban Road,Dry,Dusk,Signs,40,37,Valid,No,Intersection,0
Bihar,Unknown,2023,December,Friday,08:46,Fatal,2,Car,5,2,Foggy,State Highway,Under Construction,Daylight,No Control,75,53,Valid,No,Curve,1
Rajasthan,Unknown,2018,August,Saturday,08:26,Fatal,4,Truck,4,2,Rainy,National Highway,Wet,Daylight,Signs,80,65,Valid,No,Bridge,1
Andhra Pradesh,Unknown,2023,February,Friday,15:15,Minor,4,Two-Wheeler,1,0,Clear,State Highway,Damaged,Daylight,Signs,55,58,Valid,No,Curve,0
Maharashtra,Unknown,2022,May,Monday,01:40,Fatal,3,Tractor,3,2,Foggy,State Highway,Dry,Dark,No Control,80,25,Valid,No,Curve,1
Bihar,Patna,2021,November,Monday,12:27,Serious,3,Tractor,3,0,Foggy,Urban Road,Dry,Dark,No Control,50,41,Valid,No,Intersection,1
Chhattisgarh,Bilaspur,2020,June,Sunday,19:46,Serious,3,Truck,3,1,Rainy,Urban Road,Wet,Dusk,Signs,45,48,Valid,No,Straight Road,1
Maharashtra,Unknown,2020,June,Saturday,01:30,Minor,3,Two-Wheeler,1,0,Clear,National Highway,Dry,Dark,Police Checkpost,65,42,Valid,No,Intersection,0
Haryana,Gurugram,2020,February,Sunday,16:44,Minor,2,Car,2,0,Rainy,Urban Road,Wet,Daylight,Police Checkpost,45,34,Valid,No,Intersection,0
Jharkhand,Ranchi,2024,February,Wednesday,07:51,Minor,1,Two-Wheeler,1,0,Clear,Expressway,Dry,Daylight,Signs,90,38,Expired,No,Bridge,0
Uttar Pradesh,Varanasi,2018,December,Friday,20:04,Serious,1,Two-Wheeler,2,0,Clear,National Highway,Dry,Dark,No Control,75,39,Valid,No,Straight Road,1
Rajasthan,Udaipur,2022,December,Wednesday,11:07,Minor,2,Two-Wheeler,1,0,Hazy,Urban Road,Dry,Daylight,Signs,55,27,Valid,No,Straight Road,0
Jharkhand,Jamshedpur,2024,February,Sunday,19:43,Fatal,2,Two-Wheeler,1,1,Clear,State Highway,Damaged,Dark,Signs,80,38,Valid,No,Intersection,1
Chhattisgarh,Bilaspur,2021,July,Wednesday,18:33,Serious,1,Tractor,2,0,Clear,Urban Road,Dry,Daylight,No Control,40,20,Valid,No,Curve,1
Maharashtra,Pune,2022,September,Saturday,20:14,Minor,5,Truck,1,0,Clear,Village Road,Dry,Dark,Signs,25,64,Valid,No,Curve,0
Karnataka,Bengaluru,2022,November,Tuesday,14:01,Serious,3,Truck,7,0,Rainy,Village Road,Wet,Daylight,No Control,25,31,Valid,No,Curve,1
Andhra Pradesh,Vijayawada,2021,July,Monday,13:57,Minor,3,Bus,2,0,Hazy,State Highway,Dry,Daylight,Signs,55,42,Valid,No,Bridge,0
Uttar Pradesh,Varanasi,2022,November,Tuesday,01:05,Minor,1,Two-Wheeler,1,0,Clear,Urban Road,Dry,Dark,No Control,45,38,Valid,No,Straight Road,0
Tamil Nadu,Coimbatore,2024,February,Friday,14:27,Minor,3,Tractor,2,0,Clear,Urban Road,Dry,Daylight,Signs,60,37,Valid,No,Intersection,0
Maharashtra,Unknown,2022,January,Sunday,14:13,Minor,2,Car,2,0,Clear,Urban Road,Dry,Daylight,Signals,55,43,Valid,No,Straight Road,0
Uttar Pradesh,Lucknow,2023,June,Sunday,16:23,Minor,2,Two-Wheeler,1,0,Rainy,Village Road,Damaged,Daylight,Signs,25,49,Valid,No,Curve,0
Madhya Pradesh,Bhopal,2021,April,Friday,06:43,Minor,3,Truck,2,0,Clear,Urban Road,Damaged,Dawn,Police Checkpost,55,37,Valid,No,Straight Road,0
Telangana,Hyderabad,2023,October,Friday,14:30,Serious,1,Car,3,0,Clear,National Highway,Wet,Daylight,No Control,80,46,Expired,No,Straight Road,1
Telangana,Unknown,2024,May,Saturday,12:02,Minor,4,Car,1,0,Clear,National Highway,Dry,Daylight,No Control,85,42,Valid,No,Straight Road,0
Bihar,Patna,2019,May,Monday,16:05,Minor,2,Two-Wheeler,1,0,Hazy,Urban Road,Dry,Daylight,Police Checkpost,35,20,Valid,No,Straight Road,0
Karnataka,Mangaluru,2024,July,Saturday,17:56,Fatal,2,Car,1,1,Stormy,National Highway,Wet,Dusk,No Control,90,36,Unlicensed,No,Curve,1
Tamil Nadu,Unknown,2022,December,Saturday,10:15,Minor,1,Two-Wheeler,1,0,Hazy,Urban Road,Dry,Daylight,Signs,45,33,Unlicensed,No,Intersection,0
Maharashtra,Nashik,2021,January,Friday,14:25,Minor,2,Bus,1,0,Clear,Urban Road,Dry,Daylight,Signals,55,43,Valid,No,Straight Road,0
Uttar Pradesh,Agra,2023,July,Monday,11:47,Minor,4,Car,1,0,Rainy,Village Road,Damaged,Daylight,No Control,25,44,Valid,No,Intersection,0
Tamil Nadu,Coimbatore,2019,May,Tuesday,18:50,Minor,4,Truck,2,0,Clear,Village Road,Under Construction,Dusk,No Control,40,38,Expired,No,Straight Road,0
Uttar Pradesh,Varanasi,2022,January,Wednesday,19:17,Minor,2,Car,2,0,Clear,National Highway,Dry,Daylight,Signals,75,41,Valid,No,Curve,0
Maharashtra,Pune,2022,October,Sunday,09:13,Minor,1,Tractor,1,0,Clear,Urban Road,Under Construction,Daylight,Signals,50,38,Valid,No,Straight Road,0
Uttar Pradesh,Lucknow,2024,November,Friday,08:26,Minor,3,Two-Wheeler,1,0,Hazy,Urban Road,Dry,Daylight,No Control,45,29,Valid,No,Intersection,0
Telangana,Warangal,2022,March,Thursday,17:20,Minor,1,Car,1,0,Hazy,National Highway,Dry,Dusk,Signals,85,51,Valid,No,Curve,0
West Bengal,Kolkata,2021,October,Thursday,18:42,Serious,3,Truck,3,0,Clear,Urban Road,Dry,Dusk,Signs,35,43,Valid,No,Intersection,1
Jharkhand,Ranchi,2021,September,Saturday,00:43,Fatal,3,Car,2,1,Rainy,Urban Road,Wet,Dark,Signals,55,59,Valid,Yes,Intersection,1
Punjab,Amritsar,2021,September,Wednesday,12:15,Minor,3,Truck,4,0,Clear,State Highway,Dry,Daylight,No Control,55,34,Valid,No,Intersection,0
Madhya Pradesh,Bhopal,2024,June,Monday,09:22,Minor,2,Tractor,1,0,Rainy,State Highway,Wet,Daylight,Signs,60,30,Valid,No,Straight Road,0
Uttar Pradesh,Varanasi,2023,April,Friday,18:43,Serious,6,Car,2,0,Clear,National Highway,Dry,Dusk,Signals,75,18,Valid,No,Bridge,1
Madhya Pradesh,Bhopal,2018,January,Wednesday,06:30,Serious,5,Bus,2,0,Hazy,Urban Road,Dry,Daylight,Signs,45,64,Valid,No,Straight Road,1
Maharashtra,Unknown,2021,January,Wednesday,18:33,Serious,2,Car,3,0,Rainy,National Highway,Wet,Dusk,Signs,70,43,Valid,No,Straight Road,1
Gujarat,Vadodara,2020,March,Thursday,17:48,Serious,1,Truck,2,0,Clear,State Highway,Dry,Dusk,No Control,75,46,Valid,No,Straight Road,1
Karnataka,Hubballi,2019,July,Tuesday,19:39,Minor,1,Car,4,0,Stormy,Urban Road,Wet,Dusk,No Control,50,57,Valid,No,Intersection,0
Gujarat,Vadodara,2024,February,Sunday,23:39,Fatal,3,Car,3,1,Hazy,National Highway,Under Construction,Dark,Signs,100,39,Valid,Yes,Curve,1
Tamil Nadu,Madurai,2024,September,Sunday,13:28,Fatal,2,Tractor,2,1,Rainy,State Highway,Damaged,Daylight,No Control,60,28,Valid,No,Straight Road,1
Andhra Pradesh,Vijayawada,2024,August,Sunday,17:50,Serious,3,Truck,3,0,Rainy,National Highway,Under Construction,Dusk,Signs,75,48,Valid,No,Straight Road,1
Haryana,Gurugram,2020,May,Sunday,17:01,Minor,3,Truck,2,0,Clear,National Highway,Dry,Dusk,Signs,80,34,Valid,No,Intersection,0
Bihar,Patna,2020,February,Wednesday,20:05,Serious,1,Car,4,0,Clear,State Highway,Dry,Dark,No Control,65,18,Valid,No,Bridge,1
West Bengal,Siliguri,2023,July,Wednesday,14:40,Minor,2,Two-Wheeler,1,0,Clear,Urban Road,Damaged,Daylight,No Control,35,55,Valid,No,Straight Road,0
Rajasthan,Jodhpur,2019,October,Saturday,05:36,Fatal,5,Two-Wheeler,2,1,Clear,State Highway,Under Construction,Dark,No Control,75,24,Expired,Yes,Curve,1
Maharashtra,Nagpur,2018,May,Monday,23:16,Fatal,1,Two-Wheeler,6,3,Clear,National Highway,Dry,Dark,Signs,100,28,Valid,No,Straight Road,1
Kerala,Unknown,2020,October,Sunday,02:36,Fatal,4,Truck,2,2,Clear,State Highway,Wet,Dark,Signs,65,46,Valid,Yes,Straight Road,1
Madhya Pradesh,Bhopal,2022,April,Monday,22:06,Fatal,3,Bus,2,1,Rainy,National Highway,Wet,Dark,No Control,75,18,Valid,No,Straight Road,1
Tamil Nadu,Madurai,2021,January,Friday,08:36,Serious,1,Two-Wheeler,6,0,Foggy,National Highway,Dry,Daylight,No Control,75,38,Expired,No,Bridge,1
Tamil Nadu,Coimbatore,2019,August,Friday,13:21,Minor,1,Car,1,0,Clear,National Highway,Dry,Daylight,Signs,60,40,Valid,No,Intersection,0
Jharkhand,Ranchi,2021,November,Sunday,22:35,Minor,1,Auto-Rickshaw,1,0,Hazy,National Highway,Dry,Dark,Signs,60,50,Unlicensed,No,Straight Road,0
West Bengal,Kolkata,2024,November,Friday,17:20,Minor,1,Two-Wheeler,1,0,Clear,Urban Road,Dry,Dusk,Signals,40,44,Valid,No,Intersection,0
Gujarat,Surat,2019,December,Friday,15:43,Serious,2,Two-Wheeler,4,0,Hazy,Village Road,Dry,Daylight,Signs,25,46,Expired,Yes,Straight Road,1
West Bengal,Durgapur,2020,February,Wednesday,10:06,Minor,1,Two-Wheeler,1,0,Clear,National Highway,Dry,Daylight,Signs,70,48,Expired,No,Straight Road,0
Karnataka,Hubballi,2020,January,Friday,09:50,Minor,3,Car,1,0,Clear,Urban Road,Dry,Daylight,Signs,40,54,Valid,No,Intersection,0
Gujarat,Unknown,2020,July,Saturday,01:29,Serious,2,Car,2,0,Hazy,National Highway,Dry,Dark,Signs,65,31,Valid,No,Intersection,1
Tamil Nadu,Chennai,2022,December,Thursday,15:13,Serious,3,Car,4,0,Clear,State Highway,Dry,Daylight,No Control,60,25,Valid,No,Curve,1
Gujarat,Unknown,2020,December,Saturday,12:57,Serious,3,Auto-Rickshaw,2,0,Clear,State Highway,Dry,Daylight,Signs,50,25,Valid,Yes,Curve,1
Andhra Pradesh,Unknown,2022,April,Monday,08:06,Serious,3,Car,3,0,Clear,National Highway,Dry,Daylight,Signs,90,44,Valid,No,Straight Road,1
Maharashtra,Pune,2018,May,Wednesday,11:32,Minor,1,Two-Wheeler,1,0,Clear,Urban Road,Dry,Daylight,Signs,50,33,Valid,No,Straight Road,0
Punjab,Amritsar,2022,August,Sunday,22:04,Fatal,2,Bus,4,1,Stormy,National Highway,Wet,Dark,Signals,65,30,Valid,Yes,Straight Road,1
Tamil Nadu,Unknown,2018,November,Wednesday,20:53,Minor,2,Two-Wheeler,1,0,Clear,Village Road,Dry,Dusk,No Control,25,50,Expired,No,Straight Road,0
Andhra Pradesh,Visakhapatnam,2020,March,Friday,12:09,Minor,2,Truck,2,0,Clear,Urban Road,Under Construction,Daylight,Signs,30,44,Valid,No,Intersection,0
West Bengal,Unknown,2024,December,Thursday,23:15,Minor,1,Car,2,0,Hazy,Urban Road,Under Construction,Dark,Signals,35,56,Valid,No,Straight Road,0
Telangana,Unknown,2020,October,Sunday,13:39,Serious,1,Two-Wheeler,2,0,Clear,National Highway,Dry,Daylight,Signs,85,40,Valid,No,Straight Road,1
West Bengal,Unknown,2022,January,Tuesday,10:53,Minor,2,Two-Wheeler,1,0,Clear,State Highway,Dry,Daylight,Signs,50,43,Valid,No,Curve,0
Chhattisgarh,Raipur,2020,November,Wednesday,11:24,Minor,2,Auto-Rickshaw,3,0,Clear,Urban Road,Damaged,Daylight,No Control,30,32,Valid,No,Curve,0
Rajasthan,Udaipur,2024,August,Sunday,20:15,Fatal,4,Two-Wheeler,4,1,Stormy,State Highway,Wet,Dark,Signs,65,18,Valid,Yes,Bridge,1
Kerala,Kochi,2024,December,Friday,09:20,Fatal,2,Tractor,2,2,Foggy,Urban Road,Dry,Dusk,No Control,55,30,Expired,Yes,Straight Road,1
Andhra Pradesh,Visakhapatnam,2024,March,Friday,08:55,Minor,1,Car,1,0,Clear,State Highway,Wet,Daylight,Signs,65,28,Unlicensed,No,Straight Road,0
Uttar Pradesh,Kanpur,2020,December,Thursday,22:54,Fatal,5,Truck,2,2,Foggy,Urban Road,Damaged,Dark,No Control,35,21,Valid,Yes,Intersection,1
Tamil Nadu,Madurai,2020,January,Thursday,18:07,Minor,2,Car,1,0,Foggy,Urban Road,Under Construction,Dark,Signs,55,39,Valid,No,Straight Road,0
Gujarat,Unknown,2022,January,Sunday,18:54,Minor,1,Tractor,2,0,Hazy,State Highway,Dry,Daylight,Signs,75,48,Valid,No,Bridge,0
Tamil Nadu,Madurai,2023,June,Friday,18:50,Serious,3,Two-Wheeler,2,0,Hazy,Village Road,Dry,Dusk,No Control,35,31,Valid,Yes,Bridge,1
Karnataka,Mysuru,2021,August,Sunday,17:32,Minor,2,Car,1,0,Rainy,Urban Road,Dry,Dusk,Signals,40,42,Valid,Yes,Straight Road,0
Karnataka,Bengaluru,2023,March,Sunday,04:15,Serious,2,Auto-Rickshaw,2,0,Hazy,National Highway,Dry,Dark,Signals,60,30,Unlicensed,No,Intersection,1
West Bengal,Kolkata,2024,April,Friday,18:27,Serious,1,Two-Wheeler,2,0,Clear,National Highway,Dry,Dusk,Police Checkpost,100,35,Valid,No,Straight Road,1
Uttar Pradesh,Kanpur,2023,May,Friday,08:46,Minor,2,Truck,1,0,Clear,Urban Road,Dry,Daylight,Police Checkpost,55,30,Valid,No,Intersection,0
Punjab,Unknown,2020,February,Friday,06:16,Minor,3,Auto-Rickshaw,2,0,Clear,Urban Road,Damaged,Dawn,No Control,45,41,Expired,No,Intersection,0
Gujarat,Ahmedabad,2019,March,Saturday,23:20,Minor,1,Tractor,1,0,Clear,Village Road,Dry,Dark,No Control,35,44,Valid,No,Straight Road,0
Andhra Pradesh,Vijayawada,2021,February,Friday,01:27,Serious,3,Bus,3,0,Clear,Urban Road,Dry,Dark,No Control,60,58,Valid,No,Straight Road,1
Maharashtra,Unknown,2022,December,Monday,01:04,Fatal,5,Two-Wheeler,1,1,Clear,National Highway,Under Construction,Dark,Signs,60,30,Valid,No,Straight Road,1
Gujarat,Ahmedabad,2023,December,Sunday,09:24,Serious,2,Car,3,0,Clear,National Highway,Dry,Dusk,No Control,80,34,Valid,No,Curve,1
Maharashtra,Unknown,2020,August,Friday,19:08,Fatal,2,Truck,4,1,Stormy,Urban Road,Wet,Dusk,Signs,55,50,Valid,Yes,Straight Road,1
Telangana,Unknown,2019,September,Sunday,23:00,Minor,1,Two-Wheeler,1,0,Clear,Urban Road,Under Construction,Dark,Signs,50,33,Unlicensed,No,Curve,0
Karnataka,Bengaluru,2020,February,Thursday,05:23,Minor,2,Truck,2,0,Clear,Village Road,Dry,Daylight,No Control,20,43,Valid,No,Bridge,0
Chhattisgarh,Raipur,2022,January,Thursday,11:45,Minor,3,Cycle,4,0,Clear,Urban Road,Dry,Daylight,No Control,30,31,Valid,No,Straight Road,0
Tamil Nadu,Chennai,2019,May,Saturday,18:58,Minor,3,Truck,3,0,Clear,Village Road,Dry,Dusk,Signs,25,42,Valid,No,Curve,0
Madhya Pradesh,Unknown,2020,December,Saturday,16:26,Minor,5,Car,3,0,Clear,Urban Road,Damaged,Daylight,No Control,45,44,Valid,No,Straight Road,0
Tamil Nadu,Madurai,2019,June,Monday,08:45,Minor,2,Truck,3,0,Clear,Urban Road,Dry,Daylight,Signs,35,53,Valid,No,Intersection,0
West Bengal,Kolkata,2024,October,Thursday,10:13,Minor,3,Two-Wheeler,1,0,Clear,Urban Road,Dry,Daylight,Signals,40,28,Valid,No,Straight Road,0
Gujarat,Vadodara,2021,May,Saturday,16:38,Minor,2,Truck,2,0,Clear,Urban Road,Under Construction,Daylight,Signs,45,43,Valid,No,Curve,0
Karnataka,Mysuru,2023,April,Sunday,01:39,Minor,3,Car,1,0,Clear,Urban Road,Dry,Dark,No Control,55,35,Unlicensed,No,Straight Road,0
Uttar Pradesh,Unknown,2021,October,Monday,18:19,Minor,1,Car,2,0,Clear,Village Road,Damaged,Dark,Signs,30,18,Valid,No,Straight Road,0
Maharashtra,Mumbai,2018,June,Wednesday,09:26,Serious,1,Car,3,0,Hazy,National Highway,Damaged,Daylight,Police Checkpost,80,30,Valid,No,Straight Road,1
Maharashtra,Nagpur,2019,September,Thursday,19:40,Fatal,2,Car,1,1,Rainy,Village Road,Wet,Dark,No Control,35,28,Unlicensed,No,Straight Road,1
Goa,Panaji,2023,September,Tuesday,17:18,Minor,3,Two-Wheeler,2,0,Rainy,Urban Road,Dry,Dusk,Signs,50,42,Valid,No,Straight Road,0
Karnataka,Unknown,2021,September,Monday,16:36,Fatal,2,Truck,6,2,Rainy,State Highway,Damaged,Daylight,Police Checkpost,55,26,Valid,No,Intersection,1
Maharashtra,Mumbai,2022,September,Friday,18:13,Minor,4,Tractor,1,0,Rainy,National Highway,Wet,Daylight,Signs,70,38,Valid,No,Straight Road,0
Chhattisgarh,Bilaspur,2023,October,Friday,04:32,Minor,1,Two-Wheeler,2,0,Clear,State Highway,Dry,Dark,No Control,55,37,Valid,No,Straight Road,0
Maharashtra,Mumbai,2021,June,Thursday,08:03,Minor,3,Truck,2,0,Rainy,Urban Road,Wet,Daylight,Signs,35,45,Valid,No,Straight Road,0
Karnataka,Bengaluru,2022,April,Wednesday,14:26,Serious,3,Truck,2,0,Clear,National Highway,Dry,Daylight,No Control,95,31,Valid,No,Bridge,1
Andhra Pradesh,Vijayawada,2019,July,Sunday,18:30,Serious,2,Car,3,0,Rainy,National Highway,Wet,Daylight,Signs,85,19,Unlicensed,No,Straight Road,1
Assam,Unknown,2019,April,Thursday,20:49,Serious,1,Auto-Rickshaw,2,0,Clear,National Highway,Dry,Dark,Signals,85,48,Valid,No,Straight Road,1
Andhra Pradesh,Vijayawada,2019,January,Saturday,11:22,Minor,2,Cycle,3,0,Clear,State Highway,Dry,Daylight,Signs,65,30,Valid,No,Straight Road,0
Gujarat,Unknown,2020,May,Wednesday,19:00,Serious,2,Auto-Rickshaw,3,0,Clear,Expressway,Dry,Dark,Signs,85,50,Valid,No,Straight Road,1
Himachal Pradesh,Shimla,2022,July,Saturday,08:02,Minor,1,Car,1,0,Rainy,Urban Road,Wet,Dusk,Police Checkpost,40,37,Valid,No,Intersection,0
Maharashtra,Pune,2024,July,Saturday,04:32,Minor,5,Two-Wheeler,3,0,Rainy,State Highway,Wet,Dark,Signs,55,38,Valid,No,Straight Road,0
Jammu and Kashmir,Jammu,2021,May,Wednesday,08:48,Serious,3,Car,4,1,Clear,Expressway,Damaged,Daylight,Signs,120,44,Valid,No,Straight Road,1
Haryana,Unknown,2022,September,Friday,21:53,Serious,2,Car,4,0,Rainy,State Highway,Damaged,Dark,Signs,60,45,Valid,Yes,Straight Road,1
Jharkhand,Jamshedpur,2024,April,Saturday,15:48,Serious,1,Two-Wheeler,2,0,Stormy,Expressway,Dry,Daylight,Signs,85,36,Valid,Yes,Straight Road,1
Tamil Nadu,Chennai,2022,August,Thursday,13:20,Serious,4,Auto-Rickshaw,4,0,Clear,Expressway,Dry,Daylight,Signs,90,32,Valid,No,Bridge,1
Uttar Pradesh,Varanasi,2019,April,Saturday,18:29,Serious,1,Auto-Rickshaw,3,0,Clear,Urban Road,Under Construction,Dark,No Control,50,36,Unlicensed,Yes,Bridge,1
Telangana,Hyderabad,2019,December,Wednesday,00:53,Fatal,2,Truck,4,1,Clear,Urban Road,Damaged,Dark,Signs,45,18,Unlicensed,No,Curve,1
Rajasthan,Jodhpur,2022,August,Thursday,05:50,Minor,2,Car,2,0,Rainy,Village Road,Under Construction,Daylight,No Control,20,49,Valid,No,Straight Road,0
Rajasthan,Unknown,2020,July,Sunday,05:27,Serious,3,Car,3,0,Rainy,State Highway,Wet,Dawn,No Control,60,27,Unlicensed,No,Straight Road,1
Assam,Guwahati,2019,June,Tuesday,06:28,Serious,2,Tractor,3,0,Rainy,State Highway,Wet,Dawn,Signs,70,31,Unlicensed,No,Straight Road,1
West Bengal,Unknown,2022,October,Tuesday,12:04,Serious,4,Car,3,0,Clear,National Highway,Dry,Daylight,Signals,80,32,Valid,No,Straight Road,1
Tamil Nadu,Coimbatore,2022,June,Tuesday,09:10,Serious,3,Two-Wheeler,4,0,Clear,National Highway,Dry,Daylight,Signs,80,41,Valid,No,Intersection,1
Karnataka,Mysuru,2019,October,Sunday,19:31,Serious,1,Tractor,5,0,Clear,National Highway,Dry,Daylight,Signs,85,35,Valid,No,Curve,1
Uttar Pradesh,Unknown,2018,February,Tuesday,19:31,Minor,2,Auto-Rickshaw,1,0,Clear,Village Road,Dry,Dusk,No Control,35,45,Valid,No,Straight Road,0
Uttar Pradesh,Lucknow,2023,October,Tuesday,21:34,Fatal,5,Two-Wheeler,2,1,Hazy,National Highway,Under Construction,Dark,Signs,75,43,Valid,No,Straight Road,1
Uttar Pradesh,Unknown,2020,December,Saturday,07:18,Minor,3,Car,2,0,Clear,State Highway,Dry,Daylight,No Control,70,27,Valid,No,Curve,0
Punjab,Ludhiana,2022,March,Saturday,14:13,Serious,1,Car,2,0,Clear,State Highway,Dry,Daylight,No Control,75,27,Valid,Yes,Intersection,1
Andhra Pradesh,Vijayawada,2019,March,Friday,02:27,Minor,1,Auto-Rickshaw,1,0,Hazy,State Highway,Dry,Dark,No Control,55,34,Valid,No,Curve,0
Rajasthan,Unknown,2020,December,Sunday,08:52,Minor,4,Car,1,0,Clear,Village Road,Dry,Daylight,No Control,35,46,Valid,No,Straight Road,0
Karnataka,Hubballi,2022,May,Monday,16:58,Minor,1,Car,5,0,Clear,Village Road,Dry,Daylight,No Control,25,43,Expired,No,Curve,0
Telangana,Warangal,2018,September,Friday,12:03,Minor,2,Car,4,0,Clear,Urban Road,Dry,Daylight,No Control,35,45,Valid,Yes,Straight Road,0
Punjab,Unknown,2020,March,Friday,17:21,Minor,1,Tractor,1,0,Rainy,Urban Road,Wet,Dusk,Signals,35,34,Valid,No,Straight Road,0
Odisha,Bhubaneswar,2023,June,Wednesday,19:31,Serious,3,Two-Wheeler,2,0,Rainy,Village Road,Wet,Dark,No Control,40,49,Valid,No,Straight Road,1
Madhya Pradesh,Indore,2023,September,Sunday,03:12,Serious,3,Truck,2,0,Clear,State Highway,Dry,Dark,No Control,70,41,Valid,No,Curve,1
Punjab,Unknown,2020,November,Friday,22:21,Serious,4,Two-Wheeler,2,1,Clear,State Highway,Dry,Dark,Signs,65,30,Valid,No,Straight Road,1
Rajasthan,Jodhpur,2018,June,Tuesday,02:07,Serious,2,Two-Wheeler,2,0,Rainy,National Highway,Wet,Dark,Signals,70,34,Expired,No,Straight Road,1
Gujarat,Surat,2018,January,Monday,23:27,Fatal,7,Truck,4,3,Clear,National Highway,Dry,Dark,Signals,80,47,Valid,Yes,Curve,1
Delhi,New Delhi,2021,May,Monday,16:53,Serious,1,Truck,5,0,Clear,Village Road,Under Construction,Daylight,No Control,30,55,Valid,No,Bridge,1
Karnataka,Mangaluru,2022,August,Sunday,02:55,Minor,2,Auto-Rickshaw,1,0,Rainy,Urban Road,Wet,Dark,Police Checkpost,40,18,Valid,No,Bridge,0
Karnataka,Mangaluru,2022,November,Tuesday,11:00,Serious,3,Car,4,0,Clear,State Highway,Dry,Daylight,Signs,65,40,Unlicensed,No,Intersection,1
Tamil Nadu,Chennai,2020,November,Sunday,08:38,Serious,2,Bus,5,0,Clear,National Highway,Dry,Daylight,Signs,90,18,Valid,No,Curve,1
Rajasthan,Udaipur,2018,October,Monday,19:54,Minor,1,Car,2,0,Hazy,Urban Road,Dry,Dusk,Signs,45,28,Unlicensed,No,Intersection,0
Madhya Pradesh,Unknown,2019,February,Sunday,08:46,Fatal,3,Two-Wheeler,3,3,Clear,Expressway,Dry,Daylight,Signs,80,43,Valid,No,Bridge,1
Telangana,Warangal,2018,July,Saturday,19:03,Minor,1,Car,1,0,Rainy,Village Road,Dry,Dusk,Signs,25,38,Valid,No,Curve,0
Gujarat,Ahmedabad,2021,July,Monday,09:23,Minor,1,Two-Wheeler,2,0,Clear,Urban Road,Damaged,Daylight,Signs,30,27,Valid,No,Straight Road,0
Uttar Pradesh,Agra,2020,June,Monday,23:45,Serious,2,Car,4,0,Rainy,Urban Road,Wet,Dark,Signs,55,32,Valid,Yes,Straight Road,1
Delhi,New Delhi,2018,December,Saturday,09:58,Serious,1,Car,3,0,Foggy,National Highway,Damaged,Daylight,Police Checkpost,70,48,Valid,No,Bridge,1
Karnataka,Bengaluru,2022,December,Monday,17:17,Fatal,3,Two-Wheeler,2,1,Foggy,National Highway,Dry,Dark,Signs,100,38,Valid,No,Curve,1
Assam,Guwahati,2020,March,Tuesday,19:16,Minor,2,Car,2,0,Hazy,State Highway,Damaged,Daylight,Signs,55,37,Valid,No,Straight Road,0
Uttar Pradesh,Unknown,2024,December,Saturday,08:14,Minor,2,Car,1,0,Foggy,Urban Road,Dry,Daylight,No Control,40,49,Valid,Yes,Curve,0
Madhya Pradesh,Gwalior,2020,November,Sunday,04:53,Minor,2,Car,1,0,Rainy,Village Road,Wet,Dark,No Control,30,46,Valid,No,Straight Road,0
Rajasthan,Jaipur,2018,September,Saturday,15:10,Minor,3,Two-Wheeler,1,0,Hazy,Village Road,Dry,Daylight,No Control,40,32,Valid,No,Straight Road,0
Haryana,Gurugram,2022,May,Sunday,17:21,Serious,2,Tractor,5,0,Foggy,State Highway,Dry,Daylight,No Control,50,44,Expired,No,Straight Road,1
Uttar Pradesh,Varanasi,2022,October,Friday,19:08,Serious,3,Bus,2,0,Clear,State Highway,Dry,Dusk,No Control,75,34,Valid,No,Straight Road,1
Assam,Guwahati,2024,August,Saturday,09:56,Serious,3,Two-Wheeler,2,0,Clear,State Highway,Dry,Daylight,No Control,70,38,Valid,No,Intersection,1
Rajasthan,Udaipur,2022,November,Wednesday,20:03,Minor,1,Car,1,0,Clear,Urban Road,Dry,Dark,Signals,35,18,Valid,No,Intersection,0
Madhya Pradesh,Indore,2020,September,Saturday,21:30,Serious,2,Two-Wheeler,3,0,Clear,Village Road,Dry,Dark,Signs,35,30,Valid,No,Intersection,1
Rajasthan,Jodhpur,2022,December,Saturday,18:09,Minor,2,Tractor,1,0,Hazy,Urban Road,Dry,Dusk,Signs,45,39,Expired,No,Intersection,0
Maharashtra,Nagpur,2023,June,Friday,00:24,Minor,3,Truck,1,0,Clear,Village Road,Dry,Dark,Signs,30,24,Valid,No,Straight Road,0
Rajasthan,Unknown,2021,January,Sunday,04:35,Serious,3,Truck,3,0,Hazy,Urban Road,Damaged,Dark,Signals,40,33,Unlicensed,No,Straight Road,1
Tamil Nadu,Chennai,2023,June,Thursday,23:41,Fatal,3,Two-Wheeler,2,1,Clear,Urban Road,Dry,Dark,Signals,40,18,Valid,No,Intersection,1
Karnataka,Mysuru,2024,December,Friday,18:34,Fatal,1,Two-Wheeler,3,1,Hazy,Expressway,Dry,Dark,Signs,110,45,Valid,No,Straight Road,1
Telangana,Warangal,2023,August,Thursday,16:25,Minor,1,Cycle,1,0,Rainy,Urban Road,Under Construction,Daylight,No Control,60,54,Valid,No,Intersection,0
Rajasthan,Jaipur,2021,September,Tuesday,21:16,Fatal,3,Car,3,2,Clear,National Highway,Dry,Dark,Signs,95,25,Unlicensed,Yes,Straight Road,1
Maharashtra,Nashik,2021,August,Wednesday,01:48,Fatal,2,Two-Wheeler,1,1,Rainy,State Highway,Wet,Dark,Signs,60,18,Valid,No,Curve,1
Maharashtra,Nashik,2023,August,Sunday,18:40,Serious,1,Car,3,0,Rainy,National Highway,Damaged,Daylight,Signals,85,43,Valid,Yes,Straight Road,1
Uttar Pradesh,Varanasi,2024,January,Wednesday,17:40,Fatal,2,Car,3,1,Hazy,National Highway,Dry,Dusk,No Control,100,40,Expired,No,Curve,1
Uttar Pradesh,Varanasi,2019,May,Saturday,20:46,Serious,2,Two-Wheeler,4,0,Clear,Urban Road,Dry,Dark,Signals,50,42,Unlicensed,No,Straight Road,1
West Bengal,Siliguri,2018,February,Friday,18:13,Minor,2,Car,2,0,Clear,Urban Road,Dry,Daylight,No Control,30,45,Valid,No,Straight Road,0
Uttar Pradesh,Unknown,2023,May,Sunday,13:58,Serious,1,Two-Wheeler,2,0,Clear,National Highway,Dry,Daylight,Signs,90,39,Valid,No,Curve,1
Odisha,Unknown,2019,September,Saturday,03:55,Serious,3,Car,2,1,Rainy,State Highway,Damaged,Dark,Signs,65,53,Expired,Yes,Straight Road,1
Uttar Pradesh,Unknown,2024,October,Monday,21:26,Minor,2,Tractor,3,0,Clear,State Highway,Dry,Dark,Signs,65,55,Valid,No,Bridge,0
Maharashtra,Pune,2018,March,Wednesday,18:12,Minor,3,Car,3,0,Foggy,Village Road,Damaged,Daylight,No Control,20,60,Unlicensed,No,Straight Road,0
Delhi,New Delhi,2024,August,Saturday,10:22,Fatal,4,Bus,2,1,Rainy,National Highway,Wet,Daylight,No Control,80,62,Valid,No,Curve,1
Tamil Nadu,Chennai,2022,March,Tuesday,23:23,Fatal,2,Two-Wheeler,3,1,Hazy,National Highway,Dry,Dark,Signals,90,28,Valid,No,Straight Road,1
Gujarat,Ahmedabad,2020,March,Thursday,09:58,Minor,2,Bus,3,0,Hazy,Urban Road,Dry,Daylight,No Control,45,50,Valid,No,Straight Road,0
Chhattisgarh,Raipur,2018,December,Wednesday,11:17,Minor,5,Car,1,0,Clear,Urban Road,Dry,Daylight,Signs,40,39,Valid,No,Straight Road,0
Chhattisgarh,Bilaspur,2023,August,Monday,23:56,Fatal,5,Two-Wheeler,3,2,Clear,National Highway,Damaged,Dusk,No Control,90,18,Valid,No,Straight Road,1
Andhra Pradesh,Vijayawada,2018,March,Sunday,17:13,Minor,2,Car,1,0,Clear,Urban Road,Dry,Dusk,No Control,45,43,Valid,No,Straight Road,0
Maharashtra,Nagpur,2018,February,Sunday,20:55,Serious,3,Two-Wheeler,2,0,Clear,State Highway,Dry,Dark,No Control,70,28,Valid,No,Straight Road,1
Madhya Pradesh,Gwalior,2023,January,Saturday,20:55,Minor,4,Bus,1,0,Clear,Urban Road,Dry,Dawn,No Control,30,37,Valid,No,Straight Road,0
Jammu and Kashmir,Jammu,2022,June,Tuesday,14:36,Minor,2,Bus,2,0,Stormy,Urban Road,Wet,Daylight,No Control,35,23,Valid,No,Straight Road,0
Chhattisgarh,Unknown,2018,February,Sunday,08:06,Serious,1,Two-Wheeler,2,0,Clear,National Highway,Dry,Daylight,No Control,70,53,Valid,No,Straight Road,1
Maharashtra,Nagpur,2020,August,Friday,20:37,Fatal,4,Car,3,1,Rainy,National Highway,Wet,Dark,Signals,65,26,Valid,Yes,Curve,1
Karnataka,Bengaluru,2022,June,Sunday,14:54,Minor,2,Two-Wheeler,4,0,Rainy,Urban Road,Under Construction,Daylight,No Control,40,28,Valid,No,Straight Road,0
Tamil Nadu,Madurai,2022,August,Monday,15:55,Serious,4,Two-Wheeler,3,0,Clear,National Highway,Dry,Dusk,Signs,75,51,Valid,No,Straight Road,1
Maharashtra,Mumbai,2020,March,Tuesday,14:27,Minor,3,Two-Wheeler,1,0,Clear,National Highway,Dry,Dawn,Police Checkpost,65,40,Valid,No,Intersection,0
Andhra Pradesh,Vijayawada,2020,February,Friday,00:28,Serious,5,Car,2,0,Clear,State Highway,Dry,Dark,Police Checkpost,70,59,Valid,Yes,Straight Road,1
Tamil Nadu,Chennai,2018,February,Sunday,02:23,Fatal,4,Truck,4,1,Rainy,State Highway,Wet,Dark,No Control,65,48,Valid,No,Straight Road,1
Karnataka,Mysuru,2018,February,Tuesday,16:12,Minor,3,Cycle,1,0,Clear,Village Road,Dry,Daylight,No Control,25,50,Valid,No,Straight Road,0
Maharashtra,Mumbai,2024,January,Wednesday,19:39,Serious,5,Car,3,0,Clear,Urban Road,Under Construction,Dusk,No Control,35,24,Valid,No,Curve,1
Rajasthan,Udaipur,2019,April,Friday,13:59,Minor,1,Two-Wheeler,1,0,Clear,Village Road,Dry,Daylight,No Control,25,41,Valid,No,Straight Road,0
Uttar Pradesh,Varanasi,2024,October,Sunday,07:16,Minor,3,Truck,1,0,Clear,State Highway,Dry,Daylight,Signs,55,59,Valid,No,Intersection,0
Gujarat,Surat,2018,August,Saturday,11:50,Minor,2,Two-Wheeler,1,0,Clear,Urban Road,Dry,Dawn,Signs,55,24,Valid,No,Straight Road,0
Uttar Pradesh,Kanpur,2024,April,Sunday,18:05,Minor,3,Car,3,0,Clear,State Highway,Dry,Dark,Police Checkpost,65,37,Valid,No,Curve,0
Chhattisgarh,Bilaspur,2020,December,Friday,05:03,Fatal,1,Car,2,2,Clear,National Highway,Damaged,Dawn,Signals,95,36,Valid,Yes,Straight Road,1
Uttar Pradesh,Agra,2023,October,Sunday,15:54,Serious,1,Two-Wheeler,3,1,Hazy,National Highway,Dry,Daylight,Signals,95,40,Valid,Yes,Straight Road,1
Rajasthan,Unknown,2023,October,Thursday,17:06,Serious,3,Two-Wheeler,2,0,Hazy,National Highway,Dry,Dark,No Control,80,46,Unlicensed,No,Straight Road,1
Uttar Pradesh,Unknown,2020,November,Monday,12:24,Minor,1,Two-Wheeler,4,0,Clear,Urban Road,Dry,Daylight,Police Checkpost,40,39,Valid,No,Straight Road,0
Maharashtra,Mumbai,2023,September,Saturday,16:52,Serious,3,Two-Wheeler,2,0,Clear,State Highway,Under Construction,Daylight,No Control,70,61,Valid,No,Curve,1
Uttar Pradesh,Kanpur,2020,December,Friday,20:20,Serious,4,Truck,2,0,Clear,National Highway,Dry,Dark,Signals,75,18,Valid,No,Straight Road,1
Maharashtra,Unknown,2023,April,Thursday,08:18,Minor,2,Car,2,0,Clear,Urban Road,Damaged,Daylight,Signs,45,18,Valid,No,Intersection,0
Uttar Pradesh,Agra,2024,November,Wednesday,06:02,Serious,3,Truck,4,0,Clear,National Highway,Dry,Dawn,Signs,75,34,Valid,Yes,Straight Road,1
Rajasthan,Jodhpur,2023,February,Saturday,03:41,Minor,4,Car,3,0,Clear,Village Road,Dry,Dark,No Control,30,52,Valid,No,Straight Road,0
Telangana,Unknown,2023,April,Saturday,18:19,Serious,3,Two-Wheeler,3,1,Clear,Village Road,Dry,Dark,No Control,20,35,Valid,Yes,Straight Road,1
Maharashtra,Mumbai,2020,November,Wednesday,21:07,Serious,1,Two-Wheeler,4,1,Clear,State Highway,Dry,Dark,Signs,60,32,Valid,Yes,Bridge,1
Gujarat,Ahmedabad,2018,February,Sunday,17:28,Minor,3,Cycle,1,0,Clear,National Highway,Dry,Dark,Signals,85,18,Valid,No,Bridge,0
Madhya Pradesh,Gwalior,2021,July,Wednesday,23:10,Serious,2,Car,4,0,Clear,Expressway,Dry,Dark,Signs,100,33,Valid,No,Straight Road,1
Uttar Pradesh,Agra,2018,May,Monday,17:50,Minor,2,Two-Wheeler,1,0,Clear,Village Road,Dry,Daylight,Signs,35,31,Valid,No,Curve,0
Karnataka,Bengaluru,2021,February,Tuesday,09:44,Serious,4,Truck,5,0,Hazy,Village Road,Dry,Daylight,No Control,30,35,Valid,No,Straight Road,1
Maharashtra,Pune,2024,March,Thursday,08:58,Serious,1,Two-Wheeler,4,0,Clear,National Highway,Dry,Daylight,No Control,75,35,Valid,No,Curve,1
Uttar Pradesh,Kanpur,2018,July,Monday,17:58,Serious,2,Car,3,0,Foggy,Urban Road,Dry,Dark,Signs,45,45,Valid,No,Intersection,1
Gujarat,Ahmedabad,2024,August,Saturday,17:50,Serious,3,Two-Wheeler,2,1,Rainy,State Highway,Wet,Dusk,No Control,50,32,Valid,No,Curve,1
Jammu and Kashmir,Jammu,2022,September,Saturday,14:30,Serious,3,Two-Wheeler,2,0,Rainy,State Highway,Wet,Daylight,Signs,70,27,Valid,No,Curve,1
Goa,Panaji,2018,February,Friday,14:10,Minor,3,Car,3,0,Clear,National Highway,Dry,Daylight,No Control,75,37,Valid,No,Straight Road,0
Himachal Pradesh,Shimla,2023,April,Sunday,12:02,Minor,1,Car,2,0,Hazy,Urban Road,Dry,Daylight,Signals,40,37,Valid,Yes,Intersection,0
Gujarat,Vadodara,2018,February,Sunday,10:05,Minor,2,Car,2,0,Clear,Urban Road,Dry,Dawn,Signs,45,22,Valid,No,Straight Road,0
Maharashtra,Nagpur,2022,January,Thursday,16:14,Minor,3,Cycle,1,0,Foggy,Urban Road,Damaged,Daylight,No Control,30,41,Valid,No,Intersection,0
Tamil Nadu,Madurai,2021,May,Monday,18:52,Fatal,3,Two-Wheeler,3,1,Clear,National Highway,Damaged,Dusk,Signs,75,22,Valid,No,Straight Road,1
Uttar Pradesh,Kanpur,2023,August,Tuesday,19:12,Fatal,2,Car,3,2,Rainy,Expressway,Wet,Dusk,Signs,115,45,Valid,No,Intersection,1
Maharashtra,Pune,2020,May,Friday,09:05,Minor,1,Auto-Rickshaw,1,0,Clear,State Highway,Dry,Daylight,No Control,60,31,Valid,No,Straight Road,0
Maharashtra,Pune,2018,January,Thursday,20:56,Fatal,2,Car,6,2,Stormy,Expressway,Wet,Dark,Signs,95,23,Unlicensed,No,Straight Road,1
Gujarat,Surat,2020,March,Saturday,09:26,Minor,3,Truck,1,0,Clear,Urban Road,Dry,Daylight,Signals,45,70,Valid,No,Straight Road,0
Karnataka,Unknown,2023,June,Friday,09:25,Minor,2,Car,1,0,Rainy,National Highway,Wet,Daylight,No Control,70,38,Valid,No,Straight Road,0
Uttar Pradesh,Agra,2024,May,Friday,19:18,Minor,2,Two-Wheeler,1,0,Clear,Urban Road,Dry,Dusk,Signals,35,50,Valid,No,Straight Road,0
Andhra Pradesh,Visakhapatnam,2019,October,Tuesday,22:56,Minor,1,Auto-Rickshaw,1,0,Hazy,Urban Road,Under Construction,Dark,Signals,45,36,Valid,No,Straight Road,0
Karnataka,Mangaluru,2020,August,Wednesday,21:20,Fatal,2,Two-Wheeler,3,1,Stormy,National Highway,Wet,Dark,Signs,85,53,Valid,Yes,Curve,1
Delhi,Unknown,2024,December,Wednesday,05:51,Serious,1,Car,3,0,Foggy,National Highway,Dry,Dawn,Signs,70,46,Valid,Yes,Straight Road,1
Uttar Pradesh,Unknown,2020,March,Saturday,09:59,Serious,4,Truck,2,0,Clear,Expressway,Dry,Daylight,Signs,90,34,Valid,No,Straight Road,1
Rajasthan,Jaipur,2019,May,Saturday,18:27,Fatal,4,Car,1,1,Rainy,Expressway,Wet,Dusk,Signs,110,49,Unlicensed,No,Straight Road,1
Uttar Pradesh,Agra,2023,February,Friday,19:42,Minor,2,Car,1,0,Rainy,Urban Road,Wet,Daylight,Signs,45,51,Valid,No,Straight Road,0
Rajasthan,Jodhpur,2021,January,Friday,14:01,Serious,1,Truck,2,1,Hazy,National Highway,Dry,Daylight,No Control,70,32,Unlicensed,No,Straight Road,1
Uttar Pradesh,Lucknow,2022,December,Thursday,00:46,Fatal,1,Truck,2,1,Foggy,State Highway,Dry,Dusk,Signs,75,37,Valid,No,Straight Road,1
Uttar Pradesh,Lucknow,2021,June,Monday,14:58,Fatal,2,Car,3,2,Clear,National Highway,Damaged,Dusk,Police Checkpost,100,62,Valid,No,Curve,1
West Bengal,Unknown,2022,August,Tuesday,01:11,Minor,1,Car,1,0,Hazy,Urban Road,Dry,Dusk,Signals,55,39,Valid,No,Straight Road,0
Tamil Nadu,Madurai,2019,April,Tuesday,09:00,Serious,4,Two-Wheeler,4,0,Clear,State Highway,Damaged,Daylight,No Control,60,50,Valid,No,Straight Road,1
Uttar Pradesh,Kanpur,2023,January,Monday,17:02,Serious,4,Truck,2,0,Clear,State Highway,Dry,Dusk,Signs,80,47,Valid,No,Straight Road,1
Jharkhand,Unknown,2020,November,Wednesday,06:51,Minor,2,Tractor,2,0,Clear,Village Road,Dry,Dawn,Signs,25,50,Unlicensed,No,Bridge,0
Maharashtra,Nashik,2021,August,Saturday,17:14,Fatal,1,Two-Wheeler,1,1,Rainy,Expressway,Damaged,Dusk,Signs,85,49,Valid,No,Intersection,1
Madhya Pradesh,Unknown,2019,September,Monday,16:24,Fatal,3,Two-Wheeler,2,2,Rainy,National Highway,Wet,Daylight,Signals,80,18,Valid,No,Intersection,1
Madhya Pradesh,Gwalior,2018,July,Monday,12:20,Serious,2,Cycle,2,0,Rainy,State Highway,Dry,Daylight,No Control,80,31,Valid,No,Straight Road,1
Tamil Nadu,Madurai,2021,May,Monday,11:18,Minor,2,Car,1,0,Clear,Urban Road,Dry,Daylight,No Control,30,33,Valid,No,Straight Road,0
Gujarat,Surat,2018,June,Wednesday,21:09,Fatal,5,Truck,3,1,Rainy,National Highway,Wet,Dark,Signs,60,41,Unlicensed,No,Bridge,1
Maharashtra,Nagpur,2024,October,Tuesday,15:24,Minor,2,Car,1,0,Hazy,State Highway,Dry,Daylight,Police Checkpost,50,26,Valid,Yes,Bridge,0
Kerala,Kochi,2024,March,Monday,20:55,Fatal,3,Car,5,2,Hazy,National Highway,Dry,Dusk,Police Checkpost,95,36,Valid,No,Straight Road,1
Uttar Pradesh,Agra,2020,May,Wednesday,12:21,Serious,2,Two-Wheeler,2,0,Clear,National Highway,Dry,Daylight,Signals,70,22,Valid,Yes,Straight Road,1
Uttar Pradesh,Agra,2020,April,Sunday,16:48,Minor,3,Bus,1,0,Clear,Urban Road,Damaged,Daylight,Signs,45,18,Valid,No,Straight Road,0
Tamil Nadu,Madurai,2021,July,Wednesday,22:41,Serious,4,Car,2,0,Clear,State Highway,Damaged,Dark,Signs,50,69,Valid,No,Straight Road,1
Odisha,Bhubaneswar,2019,December,Tuesday,06:47,Minor,4,Car,1,0,Hazy,Urban Road,Damaged,Dawn,Signs,60,32,Valid,No,Intersection,0
Punjab,Ludhiana,2024,December,Thursday,08:34,Minor,2,Car,1,0,Foggy,National Highway,Damaged,Daylight,Signals,90,52,Valid,No,Straight Road,0
Chhattisgarh,Bilaspur,2018,July,Tuesday,21:22,Serious,1,Cycle,3,0,Rainy,Urban Road,Damaged,Dark,Signals,45,48,Valid,No,Intersection,1
Telangana,Hyderabad,2021,March,Friday,12:15,Minor,3,Bus,3,0,Clear,Urban Road,Dry,Daylight,Signs,55,32,Valid,No,Straight Road,0
Telangana,Unknown,2019,December,Thursday,09:16,Minor,4,Two-Wheeler,2,0,Hazy,Village Road,Dry,Daylight,No Control,25,55,Valid,No,Straight Road,0
Gujarat,Surat,2023,April,Sunday,23:31,Serious,4,Two-Wheeler,3,0,Hazy,National Highway,Dry,Dark,Signals,75,26,Valid,No,Straight Road,1
Odisha,Bhubaneswar,2019,May,Sunday,05:24,Minor,3,Two-Wheeler,2,0,Clear,Urban Road,Under Construction,Daylight,Signs,60,36,Unlicensed,No,Straight Road,0
Rajasthan,Jodhpur,2021,November,Saturday,16:24,Minor,3,Cycle,1,0,Clear,Village Road,Dry,Daylight,Signs,30,44,Unlicensed,No,Curve,0
Karnataka,Unknown,2023,April,Tuesday,19:22,Serious,4,Two-Wheeler,2,0,Clear,National Highway,Dry,Dusk,Signs,70,37,Valid,No,Bridge,1
West Bengal,Unknown,2021,June,Thursday,19:55,Serious,3,Bus,2,0,Stormy,National Highway,Wet,Dusk,Signs,85,35,Valid,No,Straight Road,1
Madhya Pradesh,Bhopal,2019,December,Wednesday,12:38,Minor,2,Car,1,0,Foggy,State Highway,Damaged,Daylight,No Control,80,18,Valid,No,Curve,0
Maharashtra,Mumbai,2019,April,Saturday,02:53,Fatal,4,Bus,5,2,Hazy,Expressway,Dry,Dark,Signs,85,46,Valid,Yes,Straight Road,1
Karnataka,Unknown,2022,August,Monday,19:55,Fatal,3,Truck,4,1,Clear,National Highway,Dry,Dusk,Signs,100,48,Valid,No,Bridge,1
Tamil Nadu,Madurai,2018,January,Friday,19:37,Fatal,3,Two-Wheeler,3,1,Clear,National Highway,Dry,Daylight,Signals,80,31,Valid,No,Straight Road,1
Haryana,Faridabad,2020,December,Wednesday,08:05,Minor,1,Car,1,0,Clear,Expressway,Dry,Daylight,Signs,85,48,Valid,No,Straight Road,0
Karnataka,Mangaluru,2022,June,Thursday,10:57,Serious,3,Two-Wheeler,3,0,Rainy,State Highway,Wet,Daylight,Signs,80,40,Valid,No,Straight Road,1
Punjab,Amritsar,2020,September,Wednesday,14:28,Minor,2,Two-Wheeler,1,0,Clear,National Highway,Dry,Dawn,Signs,80,50,Valid,No,Intersection,0
Gujarat,Vadodara,2023,July,Wednesday,05:22,Serious,3,Two-Wheeler,3,0,Rainy,Urban Road,Dry,Daylight,Signs,35,46,Valid,No,Intersection,1
Kerala,Thiruvananthapuram,2022,June,Friday,19:24,Serious,2,Auto-Rickshaw,2,0,Rainy,National Highway,Wet,Dark,No Control,65,33,Valid,No,Straight Road,1
Uttar Pradesh,Agra,2018,May,Friday,21:05,Fatal,3,Two-Wheeler,2,1,Hazy,State Highway,Dry,Dark,Signs,50,62,Valid,No,Curve,1
Assam,Guwahati,2023,January,Tuesday,09:39,Serious,3,Two-Wheeler,2,0,Clear,National Highway,Dry,Daylight,Signals,80,26,Valid,No,Straight Road,1
Gujarat,Surat,2024,April,Monday,21:02,Minor,2,Two-Wheeler,1,0,Clear,Urban Road,Dry,Dark,No Control,40,18,Valid,Yes,Intersection,0
Tamil Nadu,Coimbatore,2019,May,Sunday,19:43,Minor,3,Two-Wheeler,2,0,Clear,Urban Road,Dry,Dusk,Signs,40,18,Valid,No,Intersection,0
Uttar Pradesh,Unknown,2020,May,Thursday,18:50,Fatal,4,Two-Wheeler,2,2,Clear,National Highway,Under Construction,Dusk,Signs,80,42,Valid,No,Straight Road,1
Tamil Nadu,Madurai,2020,April,Friday,22:25,Fatal,2,Truck,5,2,Clear,Urban Road,Wet,Dark,Signals,60,18,Unlicensed,No,Intersection,1
Karnataka,Hubballi,2020,August,Thursday,10:23,Fatal,3,Truck,3,2,Rainy,Expressway,Wet,Daylight,Signs,115,29,Unlicensed,No,Straight Road,1
Andhra Pradesh,Vijayawada,2021,October,Friday,21:40,Minor,2,Car,2,0,Clear,State Highway,Dry,Dark,Signs,55,50,Valid,No,Intersection,0
Chhattisgarh,Unknown,2024,November,Friday,05:51,Serious,1,Auto-Rickshaw,3,0,Hazy,Expressway,Dry,Dawn,Signs,95,18,Valid,No,Curve,1
Telangana,Hyderabad,2022,December,Monday,13:05,Serious,2,Two-Wheeler,5,0,Clear,Expressway,Dry,Daylight,Signs,90,34,Valid,No,Curve,1
Madhya Pradesh,Indore,2024,August,Friday,15:27,Minor,1,Car,1,0,Rainy,National Highway,Wet,Daylight,Police Checkpost,75,36,Valid,No,Straight Road,0
Gujarat,Vadodara,2020,May,Thursday,06:19,Minor,2,Car,1,0,Clear,Urban Road,Dry,Daylight,Signs,55,19,Valid,No,Straight Road,0
Haryana,Faridabad,2021,August,Monday,18:00,Serious,2,Truck,3,0,Clear,Village Road,Under Construction,Dusk,No Control,25,40,Valid,Yes,Curve,1
Haryana,Unknown,2018,February,Saturday,13:00,Minor,1,Two-Wheeler,2,0,Clear,Urban Road,Dry,Daylight,Signs,50,35,Valid,No,Bridge,0
Tamil Nadu,Chennai,2019,October,Tuesday,12:31,Serious,1,Car,3,0,Clear,Urban Road,Dry,Daylight,No Control,55,44,Valid,No,Intersection,1
Chhattisgarh,Unknown,2022,July,Monday,15:45,Serious,2,Two-Wheeler,2,0,Stormy,State Highway,Wet,Daylight,Signs,60,36,Valid,No,Curve,1
Karnataka,Hubballi,2019,February,Saturday,06:35,Minor,2,Car,2,0,Clear,Village Road,Dry,Dark,No Control,30,31,Expired,No,Curve,0
Punjab,Amritsar,2024,June,Sunday,07:14,Fatal,6,Truck,3,1,Rainy,National Highway,Wet,Daylight,Signs,90,41,Valid,No,Curve,1
Uttarakhand,Unknown,2019,April,Tuesday,07:27,Serious,3,Two-Wheeler,3,0,Rainy,Urban Road,Wet,Daylight,No Control,40,52,Valid,No,Intersection,1
Andhra Pradesh,Vijayawada,2019,May,Saturday,22:57,Serious,1,Auto-Rickshaw,2,0,Hazy,Village Road,Dry,Dark,No Control,35,54,Valid,No,Intersection,1
Uttar Pradesh,Lucknow,2023,January,Monday,18:50,Serious,4,Tractor,4,0,Foggy,State Highway,Dry,Dusk,No Control,55,44,Valid,No,Straight Road,1
Madhya Pradesh,Gwalior,2018,January,Saturday,14:07,Serious,2,Car,3,1,Foggy,Urban Road,Under Construction,Daylight,No Control,55,47,Valid,Yes,Intersection,1
Maharashtra,Pune,2020,May,Thursday,17:38,Minor,1,Tractor,1,0,Clear,Urban Road,Dry,Daylight,Signs,35,29,Valid,No,Intersection,0
Bihar,Patna,2019,April,Saturday,17:37,Minor,5,Car,3,0,Hazy,Village Road,Dry,Dusk,No Control,35,34,Valid,No,Intersection,0
Tamil Nadu,Unknown,2022,December,Wednesday,08:21,Serious,2,Two-Wheeler,2,0,Clear,State Highway,Damaged,Daylight,Signs,80,43,Expired,No,Curve,1
Andhra Pradesh,Visakhapatnam,2023,April,Wednesday,04:21,Minor,1,Auto-Rickshaw,4,0,Clear,Urban Road,Dry,Dark,Signs,35,40,Valid,No,Intersection,0
Assam,Guwahati,2019,April,Saturday,15:43,Fatal,5,Two-Wheeler,3,2,Clear,National Highway,Dry,Daylight,Signs,80,44,Valid,No,Straight Road,1
Uttar Pradesh,Agra,2020,November,Monday,08:56,Fatal,1,Two-Wheeler,1,1,Clear,National Highway,Under Construction,Daylight,Police Checkpost,95,54,Valid,No,Curve,1
Karnataka,Mysuru,2021,November,Tuesday,20:19,Serious,2,Two-Wheeler,2,0,Clear,National Highway,Dry,Dark,Police Checkpost,60,36,Valid,No,Intersection,1
Telangana,Unknown,2022,January,Thursday,08:55,Minor,3,Truck,2,0,Clear,Urban Road,Dry,Daylight,Signs,40,19,Expired,No,Straight Road,0
Karnataka,Mysuru,2020,February,Friday,15:50,Minor,2,Two-Wheeler,1,0,Clear,Urban Road,Dry,Daylight,Signals,55,26,Valid,No,Straight Road,0
Uttar Pradesh,Kanpur,2021,February,Monday,12:03,Serious,2,Truck,3,0,Clear,National Highway,Dry,Daylight,Signs,65,40,Unlicensed,No,Straight Road,1
Maharashtra,Pune,2021,June,Friday,18:16,Fatal,4,Auto-Rickshaw,3,1,Rainy,National Highway,Damaged,Dusk,Police Checkpost,100,33,Valid,No,Straight Road,1
Karnataka,Bengaluru,2018,July,Wednesday,22:26,Serious,3,Cycle,3,0,Hazy,State Highway,Dry,Dusk,Police Checkpost,70,22,Expired,No,Straight Road,1
Telangana,Warangal,2021,May,Friday,12:39,Minor,3,Auto-Rickshaw,2,0,Clear,Village Road,Dry,Daylight,No Control,25,36,Valid,No,Curve,0
Madhya Pradesh,Gwalior,2021,January,Sunday,02:13,Serious,4,Two-Wheeler,3,0,Clear,National Highway,Dry,Dark,Signs,70,28,Unlicensed,No,Straight Road,1
Uttar Pradesh,Kanpur,2024,March,Thursday,17:24,Serious,5,Car,2,0,Rainy,Urban Road,Wet,Dusk,No Control,40,44,Valid,No,Intersection,1
Gujarat,Ahmedabad,2021,August,Friday,06:05,Serious,1,Auto-Rickshaw,2,0,Stormy,Urban Road,Wet,Dark,Signs,45,55,Unlicensed,No,Intersection,1
Karnataka,Unknown,2024,May,Thursday,05:06,Minor,1,Two-Wheeler,4,0,Hazy,Village Road,Dry,Daylight,No Control,40,51,Valid,No,Straight Road,0
Tamil Nadu,Coimbatore,2020,February,Monday,17:26,Serious,3,Tractor,4,0,Clear,Urban Road,Dry,Dusk,Signals,55,26,Valid,No,Straight Road,1
Kerala,Thiruvananthapuram,2022,August,Saturday,05:37,Serious,4,Truck,2,0,Clear,State Highway,Dry,Dawn,No Control,50,30,Valid,No,Straight Road,1
Tamil Nadu,Unknown,2024,August,Sunday,06:27,Fatal,2,Cycle,2,2,Hazy,National Highway,Dry,Dawn,No Control,85,19,Valid,No,Curve,1
Rajasthan,Jaipur,2019,June,Saturday,12:22,Fatal,1,Two-Wheeler,5,2,Rainy,National Highway,Wet,Daylight,No Control,70,50,Unlicensed,No,Straight Road,1
Assam,Guwahati,2021,December,Sunday,12:29,Minor,1,Two-Wheeler,1,0,Clear,Urban Road,Dry,Daylight,Signals,45,39,Valid,No,Intersection,0
Rajasthan,Unknown,2024,November,Thursday,21:38,Serious,1,Cycle,2,0,Hazy,State Highway,Damaged,Dark,No Control,60,56,Expired,No,Straight Road,1
West Bengal,Durgapur,2021,January,Friday,09:42,Serious,3,Two-Wheeler,2,0,Foggy,State Highway,Damaged,Daylight,Signs,65,44,Valid,No,Straight Road,1
Maharashtra,Mumbai,2024,November,Tuesday,11:32,Minor,2,Auto-Rickshaw,2,0,Clear,National Highway,Dry,Daylight,No Control,90,32,Valid,No,Straight Road,0
Uttar Pradesh,Kanpur,2020,January,Sunday,17:05,Serious,2,Two-Wheeler,4,0,Rainy,State Highway,Damaged,Dusk,No Control,55,18,Valid,No,Straight Road,1
Maharashtra,Nashik,2024,June,Friday,19:02,Serious,4,Two-Wheeler,2,0,Rainy,State Highway,Wet,Daylight,Police Checkpost,60,41,Valid,No,Curve,1
Bihar,Patna,2022,November,Tuesday,10:20,Minor,2,Truck,1,0,Clear,State Highway,Dry,Daylight,Signs,50,62,Valid,No,Intersection,0
Haryana,Faridabad,2021,December,Saturday,16:12,Minor,3,Cycle,3,0,Clear,National Highway,Dry,Daylight,Police Checkpost,75,47,Valid,No,Curve,0
Uttar Pradesh,Varanasi,2019,January,Friday,16:32,Minor,2,Car,1,0,Foggy,Urban Road,Dry,Dawn,Signals,60,35,Valid,No,Intersection,0
Uttar Pradesh,Lucknow,2019,January,Sunday,09:42,Serious,2,Car,2,0,Foggy,National Highway,Dry,Daylight,Signals,90,47,Valid,No,Straight Road,1
Tamil Nadu,Unknown,2020,March,Saturday,05:15,Minor,3,Two-Wheeler,1,0,Clear,Urban Road,Dry,Daylight,Signals,50,46,Valid,No,Straight Road,0
Madhya Pradesh,Unknown,2023,April,Sunday,17:28,Minor,3,Two-Wheeler,1,0,Clear,Urban Road,Dry,Daylight,No Control,55,52,Valid,No,Intersection,0
West Bengal,Siliguri,2021,April,Friday,09:13,Minor,1,Truck,1,0,Clear,Urban Road,Damaged,Daylight,No Control,45,27,Valid,No,Straight Road,0
Andhra Pradesh,Visakhapatnam,2020,June,Thursday,09:27,Serious,3,Truck,3,0,Rainy,National Highway,Wet,Daylight,Signals,65,42,Valid,No,Intersection,1
Odisha,Unknown,2021,April,Saturday,15:22,Minor,4,Auto-Rickshaw,1,0,Foggy,Urban Road,Dry,Daylight,Signs,50,19,Valid,No,Intersection,0
Tamil Nadu,Coimbatore,2020,July,Monday,07:00,Serious,2,Two-Wheeler,2,1,Clear,State Highway,Dry,Daylight,Signs,55,18,Valid,No,Straight Road,1
Telangana,Warangal,2023,November,Monday,08:39,Serious,2,Two-Wheeler,3,1,Rainy,State Highway,Wet,Daylight,Signs,55,45,Expired,No,Straight Road,1
Madhya Pradesh,Bhopal,2020,July,Sunday,12:18,Serious,3,Truck,3,0,Rainy,National Highway,Wet,Daylight,Police Checkpost,85,52,Valid,No,Straight Road,1
Tamil Nadu,Unknown,2021,April,Sunday,20:44,Fatal,3,Car,2,2,Clear,Expressway,Dry,Dark,Signs,115,37,Valid,No,Straight Road,1
Assam,Guwahati,2021,July,Sunday,18:40,Serious,3,Truck,3,0,Clear,State Highway,Dry,Dusk,No Control,60,36,Expired,No,Bridge,1
Maharashtra,Nagpur,2022,August,Monday,09:11,Serious,4,Two-Wheeler,5,1,Hazy,State Highway,Dry,Daylight,No Control,60,41,Valid,No,Straight Road,1
Andhra Pradesh,Vijayawada,2020,November,Wednesday,09:53,Serious,1,Auto-Rickshaw,3,0,Clear,National Highway,Dry,Daylight,Signs,85,51,Valid,No,Straight Road,1
Kerala,Kozhikode,2018,December,Sunday,23:01,Minor,4,Car,1,0,Clear,Urban Road,Dry,Dark,Signals,40,48,Expired,No,Intersection,0
Assam,Guwahati,2022,April,Monday,17:34,Serious,2,Truck,2,0,Clear,State Highway,Damaged,Dusk,Signs,55,41,Unlicensed,No,Straight Road,1
Rajasthan,Udaipur,2021,December,Thursday,17:48,Fatal,4,Two-Wheeler,2,2,Foggy,Urban Road,Damaged,Dusk,Signals,35,45,Valid,Yes,Straight Road,1
Tamil Nadu,Chennai,2022,October,Wednesday,02:32,Fatal,3,Two-Wheeler,4,1,Clear,National Highway,Dry,Dark,Signs,90,47,Unlicensed,No,Straight Road,1
Haryana,Unknown,2021,February,Sunday,05:33,Serious,1,Two-Wheeler,2,0,Clear,State Highway,Dry,Dark,Signs,70,24,Unlicensed,No,Curve,1
Bihar,Gaya,2021,July,Thursday,09:28,Minor,3,Car,2,0,Rainy,Urban Road,Under Construction,Daylight,Signals,40,43,Valid,No,Straight Road,0
Rajasthan,Jaipur,2024,February,Wednesday,19:03,Fatal,1,Car,6,3,Rainy,State Highway,Wet,Dusk,No Control,80,22,Valid,No,Curve,1
Bihar,Unknown,2018,June,Thursday,21:40,Fatal,2,Two-Wheeler,3,2,Stormy,National Highway,Damaged,Dark,Signs,75,50,Valid,No,Straight Road,1
Tamil Nadu,Chennai,2018,January,Monday,07:57,Minor,1,Car,2,0,Stormy,Urban Road,Dry,Daylight,Police Checkpost,50,47,Expired,No,Intersection,0
Madhya Pradesh,Indore,2024,April,Saturday,18:47,Serious,3,Car,3,0,Clear,Expressway,Dry,Dusk,No Control,85,38,Valid,No,Curve,1
Delhi,Unknown,2024,August,Friday,20:03,Serious,3,Two-Wheeler,2,0,Clear,State Highway,Dry,Dark,No Control,80,35,Valid,No,Straight Road,1
Tamil Nadu,Unknown,2020,April,Friday,20:13,Minor,3,Two-Wheeler,2,0,Clear,Urban Road,Under Construction,Dark,Police Checkpost,35,51,Valid,No,Intersection,0
Gujarat,Vadodara,2021,January,Thursday,13:49,Minor,1,Car,2,0,Hazy,State Highway,Dry,Daylight,Signs,60,40,Valid,No,Straight Road,0
Chhattisgarh,Raipur,2021,May,Wednesday,08:42,Minor,2,Two-Wheeler,2,0,Hazy,Urban Road,Dry,Daylight,Signs,45,40,Valid,No,Straight Road,0
Punjab,Unknown,2024,July,Monday,22:21,Minor,2,Two-Wheeler,1,0,Rainy,Urban Road,Wet,Dark,Signs,45,41,Valid,No,Straight Road,0
Odisha,Cuttack,2021,October,Sunday,09:14,Minor,1,Car,1,0,Clear,Urban Road,Dry,Daylight,Signals,45,42,Unlicensed,No,Curve,0
Karnataka,Hubballi,2023,February,Thursday,08:27,Fatal,3,Two-Wheeler,2,2,Clear,State Highway,Dry,Daylight,No Control,75,51,Valid,No,Curve,1
Goa,Panaji,2020,June,Thursday,07:01,Fatal,3,Truck,4,1,Rainy,National Highway,Wet,Daylight,Signals,90,18,Valid,No,Bridge,1
Uttar Pradesh,Varanasi,2020,March,Wednesday,14:05,Minor,1,Car,2,0,Clear,Urban Road,Dry,Daylight,No Control,40,36,Expired,No,Bridge,0
Rajasthan,Udaipur,2022,February,Sunday,05:04,Minor,1,Two-Wheeler,1,0,Clear,Urban Road,Dry,Dawn,No Control,50,18,Valid,No,Intersection,0
Gujarat,Surat,2020,February,Saturday,15:49,Minor,3,Two-Wheeler,1,0,Clear,Urban Road,Damaged,Daylight,No Control,45,42,Valid,No,Intersection,0
Punjab,Amritsar,2018,October,Monday,22:02,Fatal,5,Two-Wheeler,5,1,Clear,National Highway,Wet,Dark,No Control,75,29,Unlicensed,No,Intersection,1
Assam,Unknown,2019,December,Friday,14:33,Serious,4,Auto-Rickshaw,2,0,Clear,State Highway,Dry,Daylight,No Control,65,39,Valid,No,Bridge,1
Kerala,Thiruvananthapuram,2024,August,Thursday,22:16,Serious,3,Two-Wheeler,3,0,Hazy,Urban Road,Wet,Dark,Police Checkpost,55,28,Expired,Yes,Straight Road,1
West Bengal,Siliguri,2020,May,Saturday,21:45,Serious,1,Car,3,0,Stormy,National Highway,Wet,Dark,No Control,85,27,Valid,No,Straight Road,1
Gujarat,Ahmedabad,2018,December,Sunday,19:07,Minor,3,Bus,1,0,Hazy,Village Road,Dry,Dusk,Police Checkpost,20,32,Valid,No,Straight Road,0
Rajasthan,Udaipur,2024,June,Saturday,16:54,Minor,2,Two-Wheeler,1,0,Stormy,Urban Road,Wet,Dusk,Signs,30,38,Valid,No,Bridge,0
Rajasthan,Jodhpur,2024,July,Sunday,20:05,Serious,5,Two-Wheeler,3,1,Clear,Urban Road,Dry,Dark,Signs,50,45,Valid,No,Intersection,1
Maharashtra,Mumbai,2021,August,Thursday,15:50,Serious,1,Bus,4,1,Clear,State Highway,Under Construction,Daylight,Signs,65,28,Valid,No,Bridge,1
Rajasthan,Unknown,2022,August,Wednesday,07:08,Minor,3,Car,1,0,Clear,State Highway,Dry,Daylight,No Control,65,39,Expired,No,Straight Road,0
Delhi,New Delhi,2023,June,Friday,21:01,Fatal,1,Two-Wheeler,3,3,Clear,Expressway,Dry,Dark,Signs,115,42,Valid,Yes,Bridge,1
Andhra Pradesh,Vijayawada,2018,June,Saturday,14:02,Minor,1,Two-Wheeler,1,0,Rainy,Urban Road,Damaged,Daylight,No Control,35,31,Valid,No,Intersection,0
Punjab,Amritsar,2020,April,Tuesday,21:46,Serious,3,Bus,3,1,Clear,National Highway,Wet,Dark,Signals,70,42,Valid,No,Bridge,1
Karnataka,Bengaluru,2021,September,Thursday,11:20,Fatal,1,Two-Wheeler,3,2,Hazy,Expressway,Under Construction,Daylight,Signs,105,21,Valid,Yes,Straight Road,1
Rajasthan,Jaipur,2021,September,Monday,10:25,Serious,5,Car,4,0,Rainy,State Highway,Wet,Daylight,No Control,75,26,Valid,No,Intersection,1
Maharashtra,Nagpur,2020,June,Tuesday,18:49,Minor,2,Two-Wheeler,1,0,Clear,Urban Road,Dry,Dusk,Police Checkpost,60,50,Unlicensed,No,Intersection,0
Karnataka,Hubballi,2018,September,Sunday,16:15,Fatal,2,Two-Wheeler,3,2,Stormy,National Highway,Wet,Daylight,No Control,95,18,Valid,No,Straight Road,1
Gujarat,Surat,2024,February,Tuesday,12:33,Minor,1,Two-Wheeler,2,0,Hazy,Village Road,Dry,Daylight,Signs,25,33,Valid,No,Straight Road,0
Tamil Nadu,Madurai,2022,May,Saturday,20:17,Fatal,3,Two-Wheeler,2,1,Clear,Expressway,Damaged,Dark,Signs,85,38,Valid,No,Curve,1
Maharashtra,Mumbai,2023,December,Wednesday,14:03,Serious,3,Car,2,0,Clear,State Highway,Dry,Daylight,No Control,70,40,Valid,No,Straight Road,1
Andhra Pradesh,Vijayawada,2021,September,Friday,00:59,Serious,3,Car,4,0,Rainy,National Highway,Under Construction,Dark,Signs,65,40,Valid,No,Curve,1
Gujarat,Vadodara,2021,September,Sunday,17:22,Serious,4,Two-Wheeler,2,0,Rainy,Urban Road,Wet,Dusk,Signs,45,34,Valid,No,Intersection,1
Karnataka,Unknown,2021,November,Saturday,03:50,Fatal,1,Two-Wheeler,3,2,Hazy,National Highway,Dry,Dark,Signals,70,32,Expired,Yes,Curve,1
Tamil Nadu,Unknown,2021,August,Saturday,13:25,Minor,1,Bus,1,0,Clear,State Highway,Dry,Daylight,Signs,60,27,Unlicensed,No,Straight Road,0
Rajasthan,Unknown,2022,August,Tuesday,07:52,Minor,2,Car,1,0,Stormy,Urban Road,Wet,Daylight,Signs,55,56,Valid,No,Curve,0
Gujarat,Surat,2024,June,Wednesday,08:10,Serious,2,Car,2,0,Clear,National Highway,Damaged,Daylight,No Control,70,46,Valid,No,Straight Road,1
Gujarat,Ahmedabad,2023,October,Saturday,23:32,Fatal,3,Two-Wheeler,5,1,Stormy,Expressway,Wet,Dark,Signs,115,41,Valid,No,Bridge,1
Madhya Pradesh,Unknown,2022,September,Saturday,05:22,Serious,1,Car,3,0,Clear,Urban Road,Damaged,Dawn,Signs,35,36,Expired,Yes,Straight Road,1
Maharashtra,Nashik,2018,July,Saturday,18:59,Serious,1,Car,3,0,Stormy,State Highway,Damaged,Daylight,Signs,60,30,Valid,No,Straight Road,1
Assam,Unknown,2021,February,Saturday,16:20,Fatal,3,Two-Wheeler,2,1,Clear,State Highway,Dry,Daylight,No Control,55,36,Valid,No,Intersection,1
Maharashtra,Unknown,2024,October,Tuesday,07:46,Minor,3,Car,1,0,Hazy,Village Road,Dry,Daylight,No Control,35,25,Valid,No,Straight Road,0
Gujarat,Ahmedabad,2020,April,Wednesday,21:29,Minor,2,Two-Wheeler,1,0,Rainy,Urban Road,Wet,Dark,Signs,55,53,Valid,No,Straight Road,0
Uttar Pradesh,Lucknow,2021,May,Sunday,07:24,Serious,3,Two-Wheeler,2,0,Clear,Expressway,Dry,Daylight,Signs,80,26,Valid,No,Straight Road,1
Rajasthan,Jodhpur,2020,February,Friday,14:41,Serious,2,Car,4,0,Clear,National Highway,Dry,Daylight,Signs,70,22,Valid,No,Curve,1
Tamil Nadu,Chennai,2019,March,Saturday,19:38,Fatal,3,Two-Wheeler,3,2,Stormy,State Highway,Wet,Daylight,No Control,80,73,Valid,No,Straight Road,1
Delhi,New Delhi,2022,February,Friday,18:28,Minor,2,Bus,1,0,Foggy,Urban Road,Under Construction,Daylight,Signs,45,35,Valid,No,Intersection,0
Karnataka,Unknown,2020,February,Sunday,09:03,Serious,1,Two-Wheeler,5,0,Hazy,National Highway,Damaged,Daylight,Signs,65,27,Valid,No,Bridge,1
West Bengal,Unknown,2022,January,Sunday,19:04,Minor,1,Two-Wheeler,2,0,Clear,State Highway,Dry,Dusk,No Control,55,46,Expired,No,Straight Road,0
Tamil Nadu,Madurai,2022,April,Tuesday,22:35,Minor,1,Two-Wheeler,1,0,Clear,Urban Road,Dry,Dark,Police Checkpost,45,21,Valid,No,Straight Road,0
Maharashtra,Pune,2023,October,Sunday,13:03,Serious,2,Bus,3,0,Clear,State Highway,Dry,Daylight,No Control,55,29,Valid,No,Intersection,1
Karnataka,Mangaluru,2024,November,Wednesday,17:36,Fatal,4,Auto-Rickshaw,2,1,Hazy,National Highway,Dry,Dusk,Signs,75,47,Valid,No,Straight Road,1
Rajasthan,Jaipur,2021,March,Thursday,10:53,Minor,1,Auto-Rickshaw,2,0,Clear,State Highway,Dry,Daylight,Signs,65,63,Valid,No,Straight Road,0
Gujarat,Unknown,2018,June,Sunday,10:47,Serious,3,Auto-Rickshaw,4,0,Clear,National Highway,Dry,Daylight,No Control,80,49,Valid,No,Straight Road,1
Chhattisgarh,Bilaspur,2022,October,Wednesday,13:41,Fatal,3,Auto-Rickshaw,2,1,Rainy,National Highway,Under Construction,Daylight,Police Checkpost,85,46,Unlicensed,No,Bridge,1
Andhra Pradesh,Vijayawada,2024,September,Wednesday,07:16,Serious,5,Tractor,3,0,Rainy,National Highway,Wet,Daylight,No Control,60,54,Valid,No,Bridge,1
Goa,Unknown,2021,November,Friday,17:39,Minor,2,Car,2,0,Clear,Expressway,Dry,Dusk,Signs,100,34,Valid,No,Bridge,0
Tamil Nadu,Coimbatore,2021,June,Sunday,07:11,Serious,2,Truck,2,0,Hazy,National Highway,Damaged,Daylight,Signs,60,19,Unlicensed,No,Straight Road,1
Bihar,Patna,2023,March,Monday,00:54,Serious,3,Two-Wheeler,5,0,Clear,National Highway,Dry,Dark,No Control,85,29,Valid,Yes,Straight Road,1
Madhya Pradesh,Gwalior,2021,February,Saturday,12:05,Fatal,3,Auto-Rickshaw,3,1,Clear,Expressway,Dry,Daylight,Signs,100,53,Valid,No,Bridge,1
West Bengal,Kolkata,2020,September,Friday,04:32,Serious,1,Two-Wheeler,3,0,Hazy,Urban Road,Dry,Dark,Signs,50,23,Expired,Yes,Curve,1
Jammu and Kashmir,Srinagar,2021,January,Thursday,15:29,Fatal,2,Truck,1,1,Stormy,State Highway,Wet,Daylight,No Control,60,35,Unlicensed,No,Straight Road,1
Telangana,Hyderabad,2023,June,Saturday,14:04,Minor,2,Two-Wheeler,2,0,Clear,Village Road,Dry,Daylight,No Control,25,38,Valid,No,Straight Road,0
Odisha,Bhubaneswar,2021,May,Friday,06:11,Serious,1,Car,2,0,Clear,Village Road,Damaged,Daylight,Signs,35,42,Valid,No,Straight Road,1
Kerala,Kochi,2020,December,Saturday,08:42,Minor,1,Bus,1,0,Clear,Urban Road,Dry,Daylight,No Control,30,44,Valid,No,Straight Road,0
Maharashtra,Pune,2022,December,Saturday,01:35,Minor,1,Car,3,0,Clear,Urban Road,Dry,Dark,No Control,45,45,Valid,No,Intersection,0
Andhra Pradesh,Unknown,2022,June,Sunday,16:09,Minor,2,Tractor,3,0,Clear,Urban Road,Dry,Daylight,No Control,40,73,Valid,No,Intersection,0
Gujarat,Vadodara,2024,July,Saturday,09:08,Serious,5,Two-Wheeler,4,0,Clear,Expressway,Damaged,Daylight,Police Checkpost,95,46,Valid,No,Intersection,1
Assam,Guwahati,2024,May,Monday,18:39,Minor,1,Car,1,0,Clear,Urban Road,Dry,Dusk,Signs,40,54,Unlicensed,No,Intersection,0
Punjab,Ludhiana,2023,October,Saturday,16:39,Minor,1,Auto-Rickshaw,1,0,Clear,Village Road,Under Construction,Daylight,Signs,30,38,Unlicensed,No,Straight Road,0
Maharashtra,Nashik,2023,April,Friday,11:24,Serious,5,Car,3,0,Rainy,National Highway,Dry,Daylight,Police Checkpost,70,61,Unlicensed,No,Curve,1
Uttar Pradesh,Kanpur,2021,September,Monday,00:01,Minor,1,Car,1,0,Rainy,Urban Road,Wet,Dark,Police Checkpost,35,28,Valid,Yes,Curve,0
Maharashtra,Unknown,2020,November,Friday,09:01,Serious,2,Car,2,1,Clear,Expressway,Dry,Daylight,Signs,100,49,Valid,No,Straight Road,1
Rajasthan,Udaipur,2021,March,Saturday,10:09,Serious,5,Bus,2,0,Hazy,National Highway,Dry,Daylight,Signals,70,36,Valid,No,Bridge,1
Maharashtra,Pune,2022,March,Tuesday,10:03,Serious,2,Two-Wheeler,3,0,Clear,National Highway,Dry,Daylight,No Control,60,49,Valid,No,Intersection,1
Kerala,Thiruvananthapuram,2021,May,Thursday,22:33,Minor,2,Two-Wheeler,2,0,Hazy,Urban Road,Dry,Dark,Police Checkpost,55,44,Valid,No,Intersection,0
Madhya Pradesh,Indore,2019,October,Friday,07:23,Minor,1,Two-Wheeler,2,0,Rainy,Urban Road,Wet,Daylight,Signals,45,53,Valid,No,Intersection,0
Haryana,Unknown,2018,August,Thursday,09:13,Minor,2,Car,1,0,Stormy,Urban Road,Wet,Daylight,No Control,30,43,Valid,No,Intersection,0
Tamil Nadu,Coimbatore,2018,March,Sunday,19:35,Minor,1,Two-Wheeler,1,0,Hazy,Expressway,Wet,Dusk,Signs,95,37,Valid,No,Straight Road,0
Rajasthan,Jodhpur,2020,May,Tuesday,21:42,Fatal,6,Tractor,3,1,Hazy,National Highway,Dry,Dark,No Control,65,49,Valid,Yes,Curve,1
Maharashtra,Nashik,2023,August,Saturday,13:10,Minor,2,Car,1,0,Rainy,Urban Road,Dry,Daylight,Signals,60,27,Valid,No,Straight Road,0
Odisha,Bhubaneswar,2023,December,Saturday,14:37,Minor,3,Tractor,1,0,Foggy,Urban Road,Dry,Daylight,Signs,45,18,Unlicensed,No,Straight Road,0
Uttar Pradesh,Unknown,2023,June,Thursday,02:06,Fatal,3,Truck,2,2,Rainy,National Highway,Wet,Dark,Signs,95,18,Valid,No,Straight Road,1
Maharashtra,Pune,2022,January,Friday,19:35,Fatal,2,Auto-Rickshaw,3,1,Rainy,National Highway,Under Construction,Dusk,Signs,75,59,Valid,No,Straight Road,1
Uttar Pradesh,Lucknow,2018,February,Tuesday,16:22,Minor,7,Two-Wheeler,3,0,Clear,Urban Road,Dry,Daylight,Police Checkpost,60,40,Valid,No,Straight Road,0
Punjab,Ludhiana,2024,January,Tuesday,13:06,Minor,2,Truck,2,0,Clear,Urban Road,Dry,Daylight,Police Checkpost,60,43,Valid,No,Intersection,0
Maharashtra,Nagpur,2024,February,Friday,09:48,Minor,3,Two-Wheeler,3,0,Clear,Urban Road,Dry,Daylight,Police Checkpost,50,33,Valid,No,Intersection,0
West Bengal,Kolkata,2023,May,Tuesday,12:10,Serious,2,Two-Wheeler,2,0,Clear,Urban Road,Damaged,Daylight,Signals,40,41,Valid,No,Curve,1
Kerala,Thiruvananthapuram,2021,April,Saturday,18:47,Serious,3,Two-Wheeler,2,0,Clear,Urban Road,Dry,Daylight,No Control,60,29,Valid,Yes,Straight Road,1
Kerala,Kozhikode,2019,April,Friday,04:21,Serious,3,Truck,2,0,Clear,State Highway,Dry,Dark,No Control,65,37,Valid,No,Curve,1
Uttar Pradesh,Unknown,2024,October,Monday,14:41,Serious,1,Truck,2,0,Foggy,National Highway,Dry,Daylight,Signs,65,18,Valid,No,Straight Road,1
Maharashtra,Unknown,2019,June,Wednesday,01:42,Serious,2,Two-Wheeler,4,0,Clear,Urban Road,Dry,Dark,No Control,30,18,Valid,No,Curve,1
Gujarat,Vadodara,2023,September,Sunday,18:25,Minor,1,Auto-Rickshaw,1,0,Hazy,Urban Road,Dry,Dark,Signs,45,21,Valid,No,Curve,0
Uttar Pradesh,Varanasi,2024,July,Wednesday,08:40,Minor,3,Cycle,1,0,Rainy,Village Road,Wet,Daylight,Signs,25,27,Valid,No,Straight Road,0
Andhra Pradesh,Unknown,2024,March,Saturday,21:26,Fatal,5,Bus,1,1,Clear,State Highway,Dry,Dark,Signs,70,54,Valid,Yes,Straight Road,1
Karnataka,Bengaluru,2021,December,Monday,13:36,Serious,4,Truck,3,0,Clear,Urban Road,Dry,Daylight,No Control,45,67,Valid,No,Straight Road,1
Gujarat,Ahmedabad,2023,June,Sunday,13:13,Minor,2,Car,2,0,Hazy,Village Road,Dry,Daylight,Signs,30,51,Valid,No,Curve,0
Maharashtra,Nagpur,2023,November,Thursday,10:25,Serious,2,Car,2,0,Hazy,State Highway,Dry,Daylight,No Control,60,18,Valid,No,Intersection,1
Madhya Pradesh,Gwalior,2024,February,Thursday,14:08,Minor,2,Car,2,0,Clear,Urban Road,Dry,Daylight,No Control,35,58,Valid,No,Straight Road,0
Uttar Pradesh,Kanpur,2020,November,Friday,10:24,Minor,2,Two-Wheeler,1,0,Clear,Village Road,Dry,Daylight,No Control,25,32,Unlicensed,No,Intersection,0
Telangana,Hyderabad,2022,September,Wednesday,10:00,Serious,2,Tractor,2,0,Clear,State Highway,Dry,Daylight,No Control,70,18,Valid,No,Curve,1
Maharashtra,Nagpur,2023,March,Saturday,07:24,Minor,2,Car,1,0,Clear,Urban Road,Dry,Daylight,No Control,55,60,Valid,No,Intersection,0
Himachal Pradesh,Shimla,2019,October,Monday,10:51,Minor,2,Car,4,0,Clear,Urban Road,Dry,Daylight,No Control,60,32,Valid,No,Straight Road,0
Andhra Pradesh,Unknown,2019,September,Tuesday,19:21,Fatal,2,Two-Wheeler,4,2,Rainy,State Highway,Under Construction,Dusk,Signs,70,26,Valid,No,Straight Road,1
Uttar Pradesh,Lucknow,2020,November,Tuesday,08:29,Minor,1,Car,1,0,Clear,Village Road,Dry,Daylight,No Control,30,31,Valid,No,Straight Road,0
Maharashtra,Mumbai,2020,March,Friday,19:51,Serious,2,Two-Wheeler,2,0,Clear,National Highway,Dry,Daylight,Police Checkpost,85,33,Valid,No,Straight Road,1
Tamil Nadu,Coimbatore,2023,November,Sunday,20:00,Serious,3,Bus,4,0,Clear,National Highway,Dry,Dark,Signs,70,44,Valid,No,Straight Road,1
Uttar Pradesh,Varanasi,2024,October,Monday,17:40,Serious,3,Truck,3,0,Hazy,National Highway,Dry,Daylight,Signals,95,40,Valid,No,Curve,1
Uttar Pradesh,Kanpur,2019,May,Sunday,01:31,Serious,3,Truck,2,0,Hazy,Village Road,Dry,Dark,Signs,20,29,Valid,Yes,Straight Road,1
Delhi,Unknown,2020,May,Saturday,15:20,Fatal,2,Truck,2,2,Clear,State Highway,Dry,Daylight,No Control,75,18,Valid,Yes,Straight Road,1
West Bengal,Unknown,2024,April,Monday,19:15,Serious,2,Auto-Rickshaw,3,0,Rainy,Urban Road,Wet,Dusk,No Control,35,28,Valid,Yes,Straight Road,1
Uttar Pradesh,Lucknow,2022,June,Tuesday,10:35,Fatal,2,Two-Wheeler,2,1,Rainy,National Highway,Damaged,Dawn,Police Checkpost,95,40,Valid,No,Straight Road,1
Madhya Pradesh,Bhopal,2019,November,Wednesday,09:25,Minor,2,Car,1,0,Clear,Urban Road,Dry,Daylight,No Control,55,28,Valid,No,Intersection,0
Tamil Nadu,Chennai,2022,November,Monday,10:23,Minor,1,Car,1,0,Clear,Urban Road,Damaged,Daylight,Signs,40,39,Unlicensed,No,Straight Road,0
Himachal Pradesh,Unknown,2024,February,Saturday,12:40,Serious,4,Tractor,2,0,Clear,National Highway,Dry,Daylight,No Control,80,37,Valid,No,Curve,1
Maharashtra,Nashik,2020,February,Thursday,03:23,Fatal,3,Two-Wheeler,7,3,Hazy,State Highway,Under Construction,Dark,Signs,60,51,Valid,Yes,Bridge,1
Kerala,Unknown,2021,January,Thursday,08:48,Serious,2,Two-Wheeler,2,0,Rainy,State Highway,Wet,Daylight,Signs,55,40,Valid,No,Curve,1
Bihar,Patna,2022,August,Saturday,17:17,Minor,3,Two-Wheeler,2,0,Clear,National Highway,Dry,Dusk,Signals,70,48,Valid,No,Straight Road,0
Maharashtra,Nagpur,2023,April,Wednesday,13:42,Minor,2,Tractor,1,0,Clear,State Highway,Dry,Daylight,Signs,75,34,Valid,No,Straight Road,0
Uttar Pradesh,Kanpur,2021,October,Sunday,08:33,Minor,2,Two-Wheeler,2,0,Hazy,Urban Road,Dry,Daylight,Signs,35,57,Valid,No,Intersection,0
Karnataka,Unknown,2024,October,Friday,21:53,Fatal,3,Two-Wheeler,2,2,Rainy,National Highway,Damaged,Dark,Signs,75,32,Valid,Yes,Straight Road,1
Delhi,New Delhi,2023,March,Wednesday,09:24,Serious,1,Auto-Rickshaw,2,0,Clear,State Highway,Dry,Daylight,Signs,70,27,Unlicensed,No,Curve,1
Rajasthan,Udaipur,2020,September,Friday,06:14,Serious,1,Cycle,3,0,Rainy,Urban Road,Wet,Dark,No Control,55,53,Unlicensed,No,Intersection,1
Telangana,Hyderabad,2021,October,Tuesday,07:23,Minor,3,Car,1,0,Hazy,Village Road,Dry,Daylight,Signs,25,29,Valid,No,Straight Road,0
Bihar,Patna,2022,December,Sunday,09:39,Fatal,5,Two-Wheeler,2,1,Foggy,Urban Road,Dry,Daylight,Signs,55,24,Expired,Yes,Intersection,1
Haryana,Gurugram,2018,September,Thursday,14:25,Minor,3,Car,2,0,Rainy,Expressway,Wet,Daylight,Police Checkpost,85,24,Valid,No,Straight Road,0
Gujarat,Ahmedabad,2019,May,Sunday,03:53,Fatal,5,Two-Wheeler,5,4,Foggy,Urban Road,Dry,Dark,No Control,50,31,Valid,Yes,Intersection,1
Rajasthan,Jodhpur,2019,December,Sunday,20:09,Serious,5,Two-Wheeler,3,0,Clear,Village Road,Under Construction,Dark,No Control,20,34,Expired,No,Curve,1
Andhra Pradesh,Vijayawada,2023,April,Friday,20:18,Fatal,3,Car,4,2,Clear,National Highway,Dry,Dark,Signs,100,42,Expired,No,Straight Road,1
Tamil Nadu,Madurai,2023,October,Saturday,09:58,Minor,3,Auto-Rickshaw,2,0,Rainy,Urban Road,Wet,Daylight,Police Checkpost,30,46,Valid,No,Straight Road,0
Delhi,New Delhi,2023,May,Friday,18:47,Serious,3,Two-Wheeler,3,0,Clear,State Highway,Dry,Dusk,No Control,75,37,Expired,No,Curve,1
Maharashtra,Pune,2018,December,Monday,16:04,Minor,3,Truck,2,0,Clear,Urban Road,Dry,Daylight,Signals,50,48,Valid,No,Straight Road,0
Uttar Pradesh,Varanasi,2020,October,Sunday,20:56,Minor,2,Two-Wheeler,1,0,Clear,Village Road,Damaged,Dark,Signs,20,47,Valid,No,Intersection,0
Punjab,Amritsar,2020,August,Thursday,09:25,Minor,2,Two-Wheeler,2,0,Rainy,Urban Road,Wet,Daylight,Signs,55,26,Valid,No,Intersection,0
Karnataka,Mangaluru,2018,March,Sunday,16:38,Fatal,3,Two-Wheeler,2,2,Clear,National Highway,Dry,Daylight,Signs,75,25,Valid,No,Bridge,1
Uttar Pradesh,Unknown,2019,March,Friday,04:01,Serious,1,Two-Wheeler,6,0,Hazy,Urban Road,Dry,Dark,Signs,60,32,Valid,Yes,Intersection,1
Uttar Pradesh,Kanpur,2021,December,Monday,00:09,Serious,2,Two-Wheeler,3,1,Clear,Urban Road,Dry,Dark,Signs,60,18,Valid,No,Straight Road,1
Rajasthan,Jodhpur,2024,October,Thursday,20:41,Fatal,5,Two-Wheeler,3,2,Clear,National Highway,Dry,Dusk,No Control,95,38,Valid,No,Straight Road,1
Haryana,Gurugram,2019,July,Tuesday,09:15,Minor,3,Two-Wheeler,2,0,Clear,National Highway,Dry,Daylight,Signals,85,34,Valid,No,Straight Road,0
Maharashtra,Nagpur,2024,November,Tuesday,12:07,Minor,2,Car,2,0,Clear,Urban Road,Damaged,Daylight,Signs,55,57,Valid,No,Curve,0
Maharashtra,Nagpur,2023,October,Saturday,08:40,Serious,4,Two-Wheeler,2,0,Hazy,State Highway,Dry,Daylight,Signs,65,50,Valid,No,Straight Road,1
Gujarat,Vadodara,2019,May,Monday,20:13,Minor,1,Two-Wheeler,2,0,Clear,National Highway,Dry,Dark,Signs,60,33,Expired,No,Straight Road,0
Chhattisgarh,Raipur,2019,October,Sunday,11:51,Minor,2,Bus,1,0,Hazy,Village Road,Dry,Daylight,No Control,35,49,Valid,No,Straight Road,0
Tamil Nadu,Chennai,2021,October,Thursday,07:10,Serious,5,Bus,3,0,Clear,Expressway,Dry,Daylight,Signs,80,35,Valid,No,Straight Road,1
Chhattisgarh,Raipur,2024,June,Thursday,16:01,Fatal,2,Car,3,1,Rainy,State Highway,Wet,Daylight,No Control,70,43,Valid,No,Bridge,1
Odisha,Bhubaneswar,2023,January,Wednesday,07:23,Fatal,3,Tractor,4,1,Foggy,Expressway,Dry,Daylight,Signs,100,18,Valid,No,Curve,1
Tamil Nadu,Chennai,2024,September,Monday,08:19,Serious,4,Two-Wheeler,2,0,Stormy,Village Road,Wet,Daylight,No Control,25,30,Valid,No,Curve,1
Punjab,Amritsar,2020,May,Friday,17:38,Minor,3,Truck,3,0,Clear,Urban Road,Dry,Dusk,Signals,50,39,Valid,No,Intersection,0
Andhra Pradesh,Visakhapatnam,2024,May,Wednesday,22:14,Minor,3,Car,1,0,Hazy,Urban Road,Dry,Dark,Police Checkpost,40,34,Valid,No,Intersection,0
Rajasthan,Jodhpur,2024,September,Friday,18:58,Serious,2,Two-Wheeler,4,0,Rainy,Village Road,Wet,Dark,No Control,40,53,Valid,No,Curve,1
Gujarat,Surat,2022,October,Friday,06:25,Fatal,4,Two-Wheeler,4,3,Rainy,Urban Road,Damaged,Daylight,Signs,55,41,Valid,Yes,Intersection,1
Punjab,Unknown,2019,February,Tuesday,09:42,Serious,2,Two-Wheeler,2,0,Hazy,State Highway,Dry,Daylight,Signs,75,44,Valid,Yes,Straight Road,1
Bihar,Gaya,2019,October,Thursday,19:46,Fatal,4,Truck,2,1,Rainy,National Highway,Wet,Dusk,No Control,95,40,Valid,No,Straight Road,1
Kerala,Kozhikode,2018,April,Wednesday,09:53,Serious,3,Two-Wheeler,4,0,Clear,State Highway,Dry,Daylight,No Control,75,37,Valid,No,Straight Road,1
Goa,Panaji,2023,July,Tuesday,18:30,Serious,1,Auto-Rickshaw,3,0,Clear,National Highway,Dry,Daylight,Signs,95,48,Valid,No,Bridge,1
Gujarat,Surat,2020,November,Saturday,13:13,Serious,2,Two-Wheeler,2,0,Clear,National Highway,Dry,Daylight,Signals,95,58,Valid,No,Straight Road,1
Punjab,Amritsar,2022,March,Monday,20:31,Serious,2,Car,3,0,Clear,State Highway,Under Construction,Dark,Signs,75,18,Valid,No,Straight Road,1
Delhi,New Delhi,2019,March,Wednesday,10:25,Serious,1,Car,2,0,Hazy,State Highway,Dry,Daylight,Signs,75,25,Valid,No,Curve,1
Uttar Pradesh,Lucknow,2024,December,Friday,21:36,Serious,3,Cycle,3,0,Clear,National Highway,Dry,Dark,Signs,65,38,Valid,Yes,Straight Road,1
Maharashtra,Unknown,2023,May,Thursday,11:14,Fatal,5,Two-Wheeler,2,1,Clear,Village Road,Under Construction,Daylight,Signs,25,53,Unlicensed,No,Straight Road,1
Karnataka,Mangaluru,2020,December,Sunday,18:30,Fatal,2,Two-Wheeler,3,1,Clear,National Highway,Dry,Dusk,Signs,75,46,Valid,No,Intersection,1
Delhi,New Delhi,2021,May,Sunday,07:57,Minor,6,Truck,1,0,Clear,Urban Road,Dry,Daylight,Signs,40,27,Valid,No,Straight Road,0
Tamil Nadu,Madurai,2018,August,Saturday,14:41,Minor,1,Two-Wheeler,3,0,Clear,Urban Road,Dry,Daylight,Signals,40,32,Valid,No,Intersection,0
Andhra Pradesh,Vijayawada,2018,July,Thursday,09:57,Serious,3,Car,2,0,Hazy,Expressway,Dry,Daylight,Signs,90,46,Valid,No,Straight Road,1
Maharashtra,Pune,2024,December,Thursday,00:06,Serious,4,Two-Wheeler,2,0,Clear,National Highway,Damaged,Dark,Signals,70,30,Valid,No,Curve,1
Karnataka,Hubballi,2023,July,Monday,12:39,Fatal,3,Auto-Rickshaw,1,1,Rainy,National Highway,Wet,Daylight,Signs,80,40,Valid,No,Straight Road,1
West Bengal,Siliguri,2023,July,Saturday,07:01,Minor,2,Auto-Rickshaw,1,0,Clear,Urban Road,Dry,Daylight,Signals,55,29,Valid,Yes,Curve,0
Maharashtra,Nagpur,2022,June,Thursday,22:12,Minor,2,Two-Wheeler,3,0,Clear,Urban Road,Dry,Dark,Signs,55,43,Valid,No,Intersection,0
Odisha,Bhubaneswar,2019,May,Wednesday,19:49,Serious,4,Truck,3,0,Clear,Village Road,Wet,Daylight,No Control,20,45,Valid,No,Straight Road,1
Uttar Pradesh,Lucknow,2018,June,Friday,18:06,Serious,4,Two-Wheeler,2,0,Clear,National Highway,Dry,Dusk,Signals,80,18,Valid,No,Bridge,1
Assam,Unknown,2023,June,Saturday,12:28,Serious,3,Cycle,3,0,Rainy,State Highway,Wet,Daylight,No Control,65,59,Valid,No,Straight Road,1
Uttar Pradesh,Agra,2020,October,Thursday,08:04,Fatal,2,Two-Wheeler,3,1,Clear,National Highway,Under Construction,Daylight,No Control,90,60,Unlicensed,No,Straight Road,1
Goa,Unknown,2018,January,Tuesday,10:17,Fatal,3,Two-Wheeler,5,2,Hazy,Urban Road,Dry,Daylight,No Control,55,18,Valid,No,Intersection,1
West Bengal,Kolkata,2018,July,Sunday,07:07,Fatal,4,Auto-Rickshaw,6,2,Stormy,State Highway,Wet,Daylight,Signs,60,34,Valid,No,Intersection,1
Maharashtra,Unknown,2021,July,Monday,15:27,Fatal,1,Two-Wheeler,2,2,Rainy,National Highway,Wet,Daylight,Signals,90,18,Unlicensed,No,Straight Road,1
Maharashtra,Mumbai,2023,October,Sunday,19:38,Minor,1,Cycle,1,0,Clear,Urban Road,Damaged,Dusk,Signs,45,18,Unlicensed,No,Straight Road,0
Maharashtra,Mumbai,2020,August,Thursday,07:39,Fatal,3,Truck,3,2,Rainy,National Highway,Wet,Daylight,Signs,70,47,Valid,No,Curve,1
Madhya Pradesh,Bhopal,2024,June,Sunday,00:55,Serious,3,Car,2,0,Clear,National Highway,Under Construction,Dark,Signs,80,59,Valid,No,Curve,1
Punjab,Amritsar,2020,February,Sunday,06:07,Serious,4,Two-Wheeler,4,0,Clear,National Highway,Dry,Dark,No Control,60,37,Valid,No,Bridge,1
Karnataka,Unknown,2023,May,Thursday,13:24,Minor,3,Truck,1,0,Hazy,Village Road,Dry,Daylight,No Control,20,56,Unlicensed,No,Intersection,0
Gujarat,Vadodara,2019,April,Saturday,00:31,Minor,2,Car,3,0,Clear,Urban Road,Dry,Dark,Signals,40,29,Valid,No,Intersection,0
Madhya Pradesh,Unknown,2022,March,Monday,11:05,Minor,4,Car,2,0,Clear,Urban Road,Dry,Daylight,No Control,60,20,Valid,Yes,Curve,0
Rajasthan,Udaipur,2019,September,Monday,05:06,Minor,1,Car,1,0,Stormy,Urban Road,Wet,Dawn,No Control,45,32,Valid,No,Intersection,0
Andhra Pradesh,Vijayawada,2023,June,Wednesday,05:18,Fatal,3,Car,1,1,Rainy,Expressway,Under Construction,Dawn,Signs,105,28,Valid,No,Intersection,1
Gujarat,Vadodara,2021,October,Friday,17:51,Serious,3,Car,3,1,Clear,National Highway,Under Construction,Daylight,Signals,95,42,Valid,Yes,Straight Road,1
Andhra Pradesh,Vijayawada,2018,February,Monday,23:35,Minor,1,Truck,1,0,Foggy,National Highway,Dry,Dark,Signs,75,50,Valid,Yes,Straight Road,0
Goa,Panaji,2019,December,Thursday,07:33,Minor,2,Car,1,0,Clear,Village Road,Dry,Daylight,No Control,30,23,Valid,No,Curve,0
Karnataka,Unknown,2020,June,Sunday,08:33,Minor,2,Tractor,3,0,Rainy,Urban Road,Dry,Dawn,No Control,40,21,Valid,No,Straight Road,0
Maharashtra,Pune,2021,April,Sunday,09:48,Minor,2,Car,2,0,Clear,Expressway,Dry,Daylight,Signs,90,48,Valid,No,Bridge,0
Maharashtra,Nashik,2019,May,Tuesday,19:32,Minor,2,Two-Wheeler,2,0,Foggy,Urban Road,Dry,Dusk,Police Checkpost,55,33,Valid,No,Intersection,0
Madhya Pradesh,Gwalior,2022,November,Friday,14:43,Minor,1,Tractor,2,0,Hazy,Urban Road,Dry,Daylight,No Control,50,46,Valid,No,Straight Road,0
Karnataka,Mysuru,2024,September,Tuesday,15:18,Minor,1,Tractor,1,0,Clear,Urban Road,Dry,Daylight,No Control,35,27,Unlicensed,No,Straight Road,0
Jharkhand,Ranchi,2022,March,Wednesday,15:48,Serious,2,Tractor,3,0,Stormy,National Highway,Wet,Daylight,Signs,75,29,Unlicensed,No,Straight Road,1
West Bengal,Siliguri,2020,December,Sunday,22:01,Minor,2,Two-Wheeler,3,0,Clear,Village Road,Dry,Dark,Signs,35,49,Unlicensed,No,Straight Road,0
Rajasthan,Jaipur,2022,February,Sunday,01:20,Serious,1,Two-Wheeler,2,0,Hazy,Urban Road,Dry,Dark,Police Checkpost,55,47,Valid,Yes,Intersection,1
Punjab,Amritsar,2024,April,Tuesday,07:15,Minor,1,Two-Wheeler,1,0,Clear,National Highway,Damaged,Daylight,Signals,85,54,Valid,No,Intersection,0
Tamil Nadu,Chennai,2019,September,Tuesday,11:08,Minor,1,Auto-Rickshaw,1,0,Clear,National Highway,Damaged,Daylight,Signs,60,34,Valid,No,Curve,0
Punjab,Amritsar,2019,July,Wednesday,13:32,Fatal,4,Truck,2,1,Rainy,State Highway,Wet,Daylight,Signs,60,53,Unlicensed,No,Curve,1
Maharashtra,Unknown,2018,June,Thursday,05:53,Fatal,4,Two-Wheeler,3,1,Clear,State Highway,Under Construction,Daylight,Signs,60,42,Expired,Yes,Bridge,1
West Bengal,Unknown,2023,December,Monday,20:09,Fatal,1,Two-Wheeler,1,1,Foggy,National Highway,Dry,Dark,Signs,65,42,Valid,No,Curve,1
Jharkhand,Ranchi,2023,October,Tuesday,17:53,Serious,1,Auto-Rickshaw,2,0,Clear,State Highway,Damaged,Dusk,Signs,60,27,Valid,No,Curve,1
Bihar,Patna,2020,December,Thursday,21:51,Minor,1,Two-Wheeler,1,0,Foggy,Village Road,Damaged,Dark,No Control,25,45,Valid,No,Intersection,0
Delhi,New Delhi,2024,April,Tuesday,22:52,Fatal,3,Car,2,1,Hazy,Urban Road,Dry,Dark,No Control,45,34,Valid,No,Intersection,1
Karnataka,Unknown,2022,November,Sunday,14:00,Minor,3,Two-Wheeler,2,0,Rainy,State Highway,Damaged,Daylight,Signs,60,59,Valid,No,Curve,0
Haryana,Unknown,2024,March,Saturday,20:59,Fatal,4,Two-Wheeler,3,2,Clear,National Highway,Dry,Dark,Signals,75,37,Valid,No,Bridge,1
Madhya Pradesh,Indore,2024,October,Friday,18:25,Minor,5,Car,2,0,Clear,Urban Road,Under Construction,Daylight,Signals,55,35,Valid,No,Straight Road,0
West Bengal,Durgapur,2024,July,Thursday,10:35,Minor,3,Two-Wheeler,1,0,Clear,Urban Road,Dry,Daylight,No Control,40,52,Valid,No,Intersection,0
Maharashtra,Nashik,2020,August,Saturday,17:18,Fatal,3,Two-Wheeler,4,1,Foggy,National Highway,Dry,Dark,No Control,65,38,Valid,No,Straight Road,1
Uttar Pradesh,Agra,2022,February,Tuesday,22:30,Fatal,3,Car,3,2,Hazy,Expressway,Dry,Dark,Signs,110,27,Valid,No,Straight Road,1
Madhya Pradesh,Indore,2019,November,Sunday,18:33,Serious,3,Two-Wheeler,2,0,Foggy,State Highway,Dry,Dark,Signs,55,19,Valid,No,Intersection,1
Maharashtra,Nashik,2024,April,Monday,17:47,Serious,4,Cycle,4,0,Hazy,State Highway,Dry,Dusk,No Control,55,26,Valid,No,Bridge,1
Kerala,Kochi,2020,August,Sunday,08:20,Serious,2,Car,4,0,Rainy,State Highway,Wet,Daylight,No Control,70,18,Valid,No,Intersection,1
Haryana,Faridabad,2021,February,Tuesday,19:06,Serious,3,Two-Wheeler,5,0,Clear,Expressway,Dry,Dark,Signs,90,36,Valid,No,Curve,1
Assam,Unknown,2022,December,Saturday,11:35,Serious,1,Two-Wheeler,4,0,Foggy,Village Road,Dry,Daylight,No Control,20,47,Unlicensed,No,Intersection,1
Maharashtra,Nashik,2023,April,Monday,16:46,Minor,2,Car,3,0,Clear,Urban Road,Under Construction,Daylight,Police Checkpost,35,30,Valid,No,Intersection,0
Jharkhand,Jamshedpur,2023,October,Saturday,17:00,Serious,4,Car,2,0,Clear,Urban Road,Damaged,Daylight,Signs,50,67,Expired,No,Intersection,1
Maharashtra,Nashik,2024,October,Friday,14:48,Serious,3,Truck,2,0,Clear,State Highway,Dry,Daylight,Signs,55,20,Valid,No,Curve,1
Gujarat,Vadodara,2022,July,Monday,07:48,Minor,4,Bus,2,0,Rainy,State Highway,Damaged,Daylight,Signs,60,43,Valid,No,Bridge,0
Haryana,Gurugram,2023,February,Saturday,17:34,Minor,1,Car,2,0,Clear,State Highway,Dry,Daylight,No Control,65,42,Valid,No,Straight Road,0
Maharashtra,Nagpur,2022,April,Monday,08:56,Minor,3,Two-Wheeler,1,0,Clear,Village Road,Under Construction,Daylight,No Control,25,32,Valid,No,Intersection,0
Maharashtra,Nagpur,2020,August,Friday,08:23,Fatal,1,Two-Wheeler,5,1,Rainy,Urban Road,Dry,Daylight,Signs,35,35,Valid,Yes,Curve,1
Maharashtra,Unknown,2024,July,Wednesday,06:08,Serious,3,Two-Wheeler,2,0,Rainy,State Highway,Dry,Daylight,Signs,50,57,Valid,Yes,Straight Road,1
Rajasthan,Jaipur,2020,August,Saturday,16:39,Serious,2,Two-Wheeler,5,0,Clear,Expressway,Dry,Daylight,Signs,80,50,Expired,No,Straight Road,1
Punjab,Amritsar,2022,March,Sunday,05:36,Serious,2,Car,5,0,Clear,National Highway,Damaged,Daylight,Signs,95,48,Valid,No,Straight Road,1
Maharashtra,Pune,2020,July,Thursday,10:54,Serious,2,Two-Wheeler,2,0,Clear,National Highway,Dry,Daylight,Signs,100,26,Valid,No,Straight Road,1
Maharashtra,Unknown,2021,February,Saturday,20:13,Serious,2,Two-Wheeler,2,0,Clear,State Highway,Dry,Dark,Signs,70,43,Valid,Yes,Straight Road,1
Madhya Pradesh,Unknown,2020,June,Sunday,12:09,Serious,1,Two-Wheeler,3,0,Clear,Expressway,Dry,Daylight,Signs,100,47,Valid,No,Straight Road,1
Uttar Pradesh,Unknown,2019,February,Saturday,20:40,Fatal,2,Auto-Rickshaw,3,2,Clear,National Highway,Damaged,Dark,No Control,90,47,Valid,No,Curve,1
Kerala,Kozhikode,2023,August,Wednesday,13:18,Fatal,1,Two-Wheeler,3,1,Rainy,National Highway,Under Construction,Daylight,Signals,95,20,Valid,No,Curve,1
Chhattisgarh,Raipur,2023,July,Thursday,07:11,Fatal,4,Truck,3,2,Rainy,State Highway,Wet,Daylight,Signs,65,41,Expired,No,Bridge,1
Bihar,Unknown,2022,November,Tuesday,18:40,Fatal,2,Auto-Rickshaw,2,1,Hazy,Expressway,Dry,Dusk,No Control,110,41,Valid,No,Curve,1
Delhi,New Delhi,2018,June,Thursday,10:11,Minor,3,Auto-Rickshaw,2,0,Clear,State Highway,Dry,Daylight,No Control,50,50,Valid,No,Intersection,0
Rajasthan,Jodhpur,2019,February,Tuesday,22:49,Minor,2,Auto-Rickshaw,1,0,Clear,Urban Road,Dry,Dark,Signs,35,34,Valid,No,Intersection,0
Haryana,Unknown,2019,March,Saturday,08:18,Serious,1,Truck,2,0,Clear,Village Road,Damaged,Daylight,No Control,35,23,Unlicensed,No,Straight Road,1
Uttar Pradesh,Unknown,2022,October,Friday,19:39,Serious,1,Two-Wheeler,5,1,Clear,Urban Road,Dry,Dusk,Signs,45,26,Valid,No,Straight Road,1
Maharashtra,Unknown,2024,December,Friday,13:34,Fatal,4,Car,6,2,Clear,National Highway,Dry,Daylight,Signs,90,41,Unlicensed,No,Curve,1
Telangana,Hyderabad,2020,January,Monday,19:35,Serious,1,Car,3,0,Foggy,National Highway,Dry,Daylight,Signs,80,51,Unlicensed,No,Straight Road,1
Maharashtra,Unknown,2020,September,Monday,07:18,Serious,3,Car,4,0,Rainy,National Highway,Wet,Dark,Signs,65,33,Valid,No,Intersection,1
Odisha,Bhubaneswar,2021,June,Saturday,16:05,Minor,6,Car,1,0,Rainy,Urban Road,Damaged,Daylight,Signals,35,41,Valid,No,Straight Road,0
Andhra Pradesh,Vijayawada,2024,April,Friday,05:38,Fatal,3,Two-Wheeler,2,1,Rainy,Village Road,Wet,Dark,No Control,30,18,Valid,No,Straight Road,1
Chhattisgarh,Bilaspur,2020,July,Sunday,19:26,Minor,2,Two-Wheeler,1,0,Hazy,National Highway,Dry,Daylight,Police Checkpost,65,18,Valid,No,Straight Road,0
Tamil Nadu,Madurai,2019,December,Friday,08:58,Fatal,3,Car,2,1,Clear,State Highway,Dry,Daylight,No Control,75,43,Unlicensed,Yes,Curve,1
Rajasthan,Jaipur,2021,March,Tuesday,12:53,Minor,2,Auto-Rickshaw,2,0,Clear,National Highway,Dry,Daylight,Signs,70,42,Valid,No,Straight Road,0
Kerala,Unknown,2024,November,Saturday,17:04,Minor,3,Truck,2,0,Clear,Urban Road,Dry,Dusk,Signals,50,46,Valid,No,Intersection,0
Uttar Pradesh,Kanpur,2023,February,Saturday,13:21,Serious,3,Two-Wheeler,2,0,Clear,State Highway,Dry,Daylight,Signs,55,18,Valid,No,Curve,1
Rajasthan,Jodhpur,2021,September,Monday,18:24,Fatal,4,Cycle,4,1,Rainy,Expressway,Wet,Dusk,Signs,110,54,Valid,No,Straight Road,1
Telangana,Unknown,2023,January,Saturday,17:22,Serious,3,Truck,2,1,Foggy,State Highway,Dry,Dusk,Signs,60,30,Valid,No,Curve,1
Himachal Pradesh,Unknown,2018,January,Tuesday,06:43,Fatal,2,Auto-Rickshaw,3,1,Stormy,National Highway,Wet,Dark,No Control,80,30,Expired,No,Bridge,1
Kerala,Thiruvananthapuram,2023,January,Tuesday,18:21,Serious,2,Auto-Rickshaw,2,0,Foggy,Urban Road,Under Construction,Dusk,No Control,35,45,Valid,No,Intersection,1
Maharashtra,Nagpur,2018,October,Monday,12:09,Minor,1,Truck,1,0,Rainy,Village Road,Dry,Daylight,No Control,35,38,Valid,No,Curve,0
Gujarat,Vadodara,2020,July,Friday,16:21,Minor,3,Cycle,2,0,Foggy,State Highway,Dry,Daylight,Police Checkpost,65,57,Valid,No,Intersection,0
Madhya Pradesh,Bhopal,2020,September,Saturday,08:47,Minor,2,Car,1,0,Rainy,Village Road,Wet,Daylight,No Control,30,46,Valid,No,Straight Road,0
Uttar Pradesh,Lucknow,2022,February,Tuesday,12:24,Minor,3,Bus,2,0,Clear,State Highway,Dry,Daylight,Signs,60,56,Valid,No,Straight Road,0
Gujarat,Surat,2019,December,Saturday,19:17,Minor,4,Two-Wheeler,2,0,Clear,Urban Road,Dry,Dark,Signals,35,32,Valid,No,Straight Road,0
Tamil Nadu,Madurai,2019,October,Saturday,21:46,Serious,5,Cycle,3,0,Clear,Urban Road,Damaged,Dark,No Control,55,52,Valid,No,Curve,1
Maharashtra,Mumbai,2024,June,Thursday,22:03,Fatal,3,Truck,1,1,Stormy,Village Road,Wet,Dark,No Control,20,18,Unlicensed,Yes,Intersection,1
Rajasthan,Jaipur,2021,November,Monday,17:27,Minor,1,Two-Wheeler,1,0,Foggy,Urban Road,Dry,Dusk,Signs,30,36,Valid,No,Intersection,0
Uttar Pradesh,Unknown,2023,February,Wednesday,04:06,Fatal,3,Car,1,1,Clear,State Highway,Under Construction,Dark,Signs,70,21,Valid,Yes,Bridge,1
Madhya Pradesh,Bhopal,2022,April,Tuesday,12:36,Minor,2,Two-Wheeler,2,0,Clear,Urban Road,Dry,Daylight,Signs,50,39,Valid,No,Intersection,0
Uttar Pradesh,Unknown,2022,January,Sunday,07:53,Serious,2,Car,4,1,Hazy,National Highway,Dry,Daylight,Signs,75,39,Valid,Yes,Straight Road,1
Kerala,Kozhikode,2022,February,Saturday,17:26,Serious,5,Bus,4,0,Clear,State Highway,Dry,Daylight,Signs,75,48,Expired,No,Curve,1
Uttar Pradesh,Varanasi,2022,November,Monday,07:58,Minor,2,Two-Wheeler,3,0,Hazy,State Highway,Dry,Daylight,No Control,50,40,Valid,No,Intersection,0
Odisha,Bhubaneswar,2024,May,Thursday,23:52,Minor,2,Truck,1,0,Clear,Urban Road,Dry,Dark,Signals,45,28,Valid,No,Intersection,0
Maharashtra,Unknown,2023,August,Wednesday,07:43,Minor,1,Truck,1,0,Clear,Village Road,Under Construction,Daylight,Signs,40,32,Valid,No,Straight Road,0
Rajasthan,Udaipur,2020,November,Monday,02:10,Serious,1,Cycle,3,1,Clear,Urban Road,Dry,Dark,Signs,40,39,Expired,No,Intersection,1
Tamil Nadu,Chennai,2019,October,Wednesday,19:01,Minor,2,Tractor,1,0,Clear,State Highway,Dry,Dark,Police Checkpost,75,29,Valid,No,Curve,0
Uttar Pradesh,Unknown,2023,May,Monday,07:07,Serious,1,Two-Wheeler,4,1,Clear,National Highway,Dry,Daylight,Signals,70,51,Valid,No,Straight Road,1
Gujarat,Unknown,2020,May,Tuesday,00:20,Serious,2,Two-Wheeler,3,0,Clear,Expressway,Dry,Dark,Signs,90,33,Valid,No,Curve,1
Haryana,Faridabad,2020,February,Wednesday,15:24,Minor,1,Two-Wheeler,1,0,Clear,State Highway,Damaged,Daylight,Police Checkpost,60,49,Valid,No,Straight Road,0
Assam,Unknown,2018,October,Thursday,22:12,Serious,2,Car,4,0,Hazy,National Highway,Dry,Dark,Signs,70,29,Valid,No,Straight Road,1
Tamil Nadu,Unknown,2021,December,Thursday,08:58,Minor,2,Two-Wheeler,2,0,Clear,Village Road,Under Construction,Daylight,Signs,20,45,Valid,No,Intersection,0
Uttar Pradesh,Kanpur,2021,July,Thursday,11:44,Minor,1,Car,1,0,Stormy,Village Road,Wet,Daylight,Signs,40,35,Valid,No,Straight Road,0
Kerala,Unknown,2023,June,Wednesday,08:41,Minor,2,Auto-Rickshaw,2,0,Clear,State Highway,Dry,Daylight,Signs,65,51,Valid,No,Straight Road,0
Madhya Pradesh,Bhopal,2023,November,Thursday,15:39,Minor,1,Truck,1,0,Clear,Urban Road,Dry,Daylight,Signals,60,60,Expired,No,Intersection,0
Uttar Pradesh,Lucknow,2023,May,Thursday,10:36,Minor,2,Car,2,0,Clear,Urban Road,Dry,Daylight,Signals,50,40,Valid,No,Straight Road,0
Bihar,Gaya,2021,May,Sunday,15:52,Fatal,2,Two-Wheeler,5,1,Hazy,National Highway,Damaged,Daylight,No Control,95,60,Unlicensed,No,Bridge,1
Rajasthan,Unknown,2024,November,Monday,13:23,Serious,2,Two-Wheeler,3,0,Clear,Expressway,Dry,Daylight,Signs,95,35,Valid,No,Straight Road,1
Telangana,Warangal,2024,May,Friday,21:08,Serious,1,Two-Wheeler,2,0,Clear,State Highway,Damaged,Dark,Signs,55,39,Valid,No,Straight Road,1
Karnataka,Unknown,2023,December,Tuesday,17:17,Serious,3,Two-Wheeler,3,0,Rainy,Urban Road,Wet,Dusk,No Control,60,36,Valid,No,Curve,1
Gujarat,Ahmedabad,2020,February,Wednesday,17:13,Fatal,2,Bus,1,1,Clear,National Highway,Dry,Dark,Signals,95,25,Valid,No,Curve,1
Uttar Pradesh,Agra,2019,June,Friday,13:57,Fatal,2,Cycle,3,2,Rainy,National Highway,Wet,Daylight,No Control,95,55,Valid,No,Curve,1
Kerala,Thiruvananthapuram,2018,June,Saturday,09:34,Fatal,4,Auto-Rickshaw,5,1,Rainy,National Highway,Wet,Daylight,Signs,95,39,Valid,No,Straight Road,1
Uttar Pradesh,Varanasi,2024,April,Sunday,09:25,Minor,2,Cycle,4,0,Clear,State Highway,Damaged,Daylight,Signs,60,32,Valid,No,Curve,0
Bihar,Unknown,2023,December,Thursday,14:01,Minor,2,Two-Wheeler,2,0,Clear,Village Road,Dry,Daylight,Signs,30,28,Valid,No,Bridge,0
Punjab,Unknown,2024,June,Tuesday,07:42,Serious,1,Two-Wheeler,3,0,Stormy,Urban Road,Damaged,Daylight,No Control,50,60,Unlicensed,No,Straight Road,1
Kerala,Thiruvananthapuram,2023,November,Saturday,06:38,Fatal,4,Two-Wheeler,4,2,Rainy,State Highway,Under Construction,Dark,Signs,75,35,Valid,No,Intersection,1
Maharashtra,Nagpur,2021,March,Tuesday,11:48,Minor,1,Two-Wheeler,2,0,Clear,State Highway,Dry,Daylight,No Control,55,35,Valid,No,Curve,0
Tamil Nadu,Madurai,2019,May,Thursday,06:07,Fatal,2,Two-Wheeler,4,1,Hazy,State Highway,Dry,Dawn,No Control,75,49,Valid,No,Straight Road,1
Gujarat,Unknown,2018,June,Sunday,08:39,Serious,4,Truck,5,0,Stormy,Urban Road,Damaged,Daylight,No Control,50,56,Valid,No,Intersection,1
Madhya Pradesh,Bhopal,2023,July,Thursday,14:21,Fatal,3,Car,4,1,Rainy,Urban Road,Wet,Daylight,Signals,45,31,Valid,No,Straight Road,1
Assam,Guwahati,2020,March,Friday,19:13,Minor,3,Auto-Rickshaw,3,0,Hazy,State Highway,Dry,Daylight,No Control,70,45,Valid,No,Curve,0
Karnataka,Hubballi,2020,April,Monday,08:13,Minor,1,Two-Wheeler,2,0,Clear,Urban Road,Dry,Daylight,No Control,40,44,Valid,No,Intersection,0
Delhi,Unknown,2023,August,Monday,19:17,Serious,2,Truck,2,0,Rainy,State Highway,Damaged,Daylight,No Control,60,35,Valid,No,Curve,1
Uttar Pradesh,Lucknow,2021,April,Sunday,00:43,Minor,1,Car,2,0,Foggy,Village Road,Under Construction,Dark,No Control,25,32,Valid,No,Bridge,0
Karnataka,Unknown,2024,October,Tuesday,23:01,Serious,1,Truck,5,0,Hazy,Urban Road,Under Construction,Dark,Signs,40,30,Expired,No,Intersection,1
Maharashtra,Nashik,2021,June,Wednesday,14:56,Minor,2,Car,2,0,Clear,National Highway,Dry,Daylight,No Control,70,49,Valid,No,Straight Road,0
Kerala,Kochi,2023,December,Thursday,13:58,Fatal,2,Two-Wheeler,5,2,Foggy,National Highway,Dry,Daylight,Signs,85,40,Valid,No,Curve,1
Uttar Pradesh,Unknown,2018,March,Wednesday,17:58,Serious,3,Car,4,0,Clear,National Highway,Dry,Dark,Police Checkpost,75,38,Valid,No,Straight Road,1
Tamil Nadu,Unknown,2020,November,Monday,13:50,Serious,3,Two-Wheeler,2,0,Clear,Village Road,Under Construction,Daylight,No Control,25,28,Unlicensed,No,Curve,1
Bihar,Gaya,2019,June,Tuesday,11:19,Serious,3,Two-Wheeler,4,0,Clear,Village Road,Under Construction,Daylight,No Control,25,49,Expired,No,Bridge,1
Rajasthan,Jaipur,2018,February,Thursday,11:24,Fatal,4,Two-Wheeler,1,1,Clear,Expressway,Dry,Daylight,Signs,100,41,Unlicensed,No,Straight Road,1
Maharashtra,Pune,2024,September,Thursday,23:07,Serious,2,Truck,2,0,Rainy,Urban Road,Wet,Dark,Police Checkpost,55,27,Valid,No,Intersection,1
Maharashtra,Unknown,2021,March,Saturday,20:53,Minor,3,Cycle,1,0,Clear,Village Road,Under Construction,Dark,Signs,35,33,Valid,No,Bridge,0
Rajasthan,Unknown,2020,February,Wednesday,14:46,Fatal,3,Two-Wheeler,3,1,Hazy,State Highway,Damaged,Daylight,No Control,55,46,Valid,No,Curve,1
Tamil Nadu,Chennai,2020,July,Sunday,19:09,Minor,2,Car,2,0,Stormy,Urban Road,Under Construction,Dusk,Signs,45,18,Valid,No,Intersection,0
Uttar Pradesh,Kanpur,2019,October,Wednesday,06:59,Serious,2,Two-Wheeler,4,0,Clear,State Highway,Dry,Dawn,No Control,70,37,Valid,No,Straight Road,1
West Bengal,Kolkata,2018,April,Wednesday,14:02,Minor,2,Two-Wheeler,4,0,Clear,Village Road,Dry,Daylight,No Control,25,47,Valid,No,Curve,0
Uttar Pradesh,Unknown,2024,August,Sunday,12:46,Minor,2,Car,1,0,Foggy,Expressway,Dry,Dusk,Signs,110,40,Valid,No,Straight Road,0
Madhya Pradesh,Indore,2018,January,Saturday,10:08,Minor,5,Bus,2,0,Clear,Urban Road,Dry,Dusk,Signs,45,46,Valid,No,Straight Road,0
Karnataka,Hubballi,2020,March,Wednesday,21:44,Serious,3,Two-Wheeler,3,0,Clear,Urban Road,Under Construction,Dark,Signs,35,18,Valid,No,Intersection,1
Uttar Pradesh,Varanasi,2019,October,Thursday,19:53,Minor,2,Two-Wheeler,2,0,Clear,Village Road,Dry,Daylight,No Control,35,21,Expired,No,Straight Road,0
Uttar Pradesh,Varanasi,2024,January,Sunday,21:57,Fatal,4,Cycle,2,1,Rainy,National Highway,Wet,Dark,No Control,65,48,Valid,Yes,Straight Road,1
Uttar Pradesh,Agra,2019,May,Monday,16:09,Fatal,3,Truck,5,1,Clear,Urban Road,Under Construction,Daylight,No Control,45,42,Valid,Yes,Curve,1
Maharashtra,Pune,2020,July,Wednesday,11:09,Minor,2,Two-Wheeler,2,0,Hazy,Urban Road,Dry,Daylight,Signs,40,34,Valid,No,Intersection,0
Tamil Nadu,Coimbatore,2023,January,Friday,18:04,Serious,3,Two-Wheeler,3,0,Rainy,Urban Road,Wet,Daylight,Signs,30,40,Expired,No,Straight Road,1
Odisha,Bhubaneswar,2021,December,Saturday,05:49,Fatal,2,Tractor,3,2,Rainy,Urban Road,Damaged,Daylight,Signs,50,44,Unlicensed,Yes,Curve,1
Haryana,Gurugram,2020,July,Friday,20:11,Serious,2,Tractor,3,0,Rainy,State Highway,Wet,Dark,Signs,70,31,Expired,No,Straight Road,1
Karnataka,Unknown,2021,May,Thursday,01:23,Fatal,2,Truck,4,1,Hazy,National Highway,Dry,Dark,Signs,70,29,Expired,No,Bridge,1
Madhya Pradesh,Bhopal,2021,December,Sunday,19:24,Serious,4,Two-Wheeler,3,0,Rainy,Village Road,Dry,Dusk,No Control,20,21,Expired,No,Curve,1
Madhya Pradesh,Indore,2020,July,Monday,17:21,Minor,2,Truck,1,0,Clear,Urban Road,Dry,Daylight,No Control,55,54,Valid,No,Intersection,0
Haryana,Unknown,2022,September,Saturday,04:29,Minor,1,Car,2,0,Stormy,Urban Road,Dry,Dark,Signs,40,38,Valid,No,Bridge,0
Uttar Pradesh,Lucknow,2020,February,Monday,06:20,Fatal,6,Two-Wheeler,1,1,Clear,National Highway,Under Construction,Dawn,Signs,95,55,Valid,No,Intersection,1
Tamil Nadu,Madurai,2024,February,Saturday,12:14,Minor,1,Two-Wheeler,2,0,Clear,National Highway,Dry,Daylight,Signs,75,21,Valid,No,Straight Road,0
Tamil Nadu,Unknown,2021,January,Friday,09:23,Serious,2,Two-Wheeler,3,0,Foggy,State Highway,Dry,Daylight,No Control,70,39,Valid,No,Intersection,1
Maharashtra,Nashik,2023,July,Wednesday,20:48,Fatal,2,Two-Wheeler,3,1,Foggy,National Highway,Dry,Dark,Signals,95,23,Valid,No,Straight Road,1
Tamil Nadu,Chennai,2019,November,Friday,07:07,Minor,2,Car,1,0,Clear,National Highway,Dry,Daylight,Signs,85,58,Valid,No,Bridge,0
Delhi,New Delhi,2022,November,Sunday,12:57,Fatal,2,Truck,2,1,Clear,National Highway,Dry,Daylight,No Control,95,70,Valid,No,Curve,1
Assam,Guwahati,2021,July,Thursday,08:24,Minor,2,Tractor,1,0,Rainy,State Highway,Wet,Daylight,Signs,50,52,Valid,No,Intersection,0
Maharashtra,Nashik,2023,January,Monday,06:17,Fatal,2,Tractor,5,4,Foggy,National Highway,Dry,Dark,Signs,90,24,Unlicensed,No,Intersection,1
Gujarat,Vadodara,2021,August,Monday,08:26,Minor,5,Bus,1,0,Clear,Urban Road,Dry,Daylight,No Control,50,23,Valid,No,Straight Road,0
Karnataka,Bengaluru,2023,August,Friday,20:55,Fatal,2,Two-Wheeler,3,1,Rainy,Urban Road,Wet,Dark,Signals,55,36,Valid,Yes,Intersection,1
Rajasthan,Unknown,2018,August,Saturday,18:48,Minor,1,Car,2,0,Rainy,Urban Road,Damaged,Daylight,Signals,50,39,Unlicensed,No,Straight Road,0
Madhya Pradesh,Bhopal,2022,September,Thursday,21:49,Fatal,3,Two-Wheeler,3,1,Hazy,Expressway,Dry,Dark,Signs,90,43,Expired,No,Bridge,1
Maharashtra,Nagpur,2023,July,Tuesday,11:13,Serious,2,Truck,4,1,Hazy,Urban Road,Damaged,Dawn,Signs,50,43,Valid,No,Curve,1
Haryana,Faridabad,2021,September,Saturday,08:53,Minor,3,Two-Wheeler,1,0,Clear,Village Road,Dry,Daylight,No Control,35,37,Expired,No,Intersection,0
Himachal Pradesh,Shimla,2018,June,Wednesday,01:42,Fatal,2,Truck,2,2,Clear,National Highway,Dry,Dark,Signs,100,34,Expired,No,Straight Road,1
Telangana,Warangal,2021,February,Monday,13:03,Minor,2,Two-Wheeler,2,0,Clear,State Highway,Dry,Daylight,Signs,70,27,Valid,No,Intersection,0
Telangana,Warangal,2023,January,Thursday,01:25,Fatal,3,Truck,3,1,Foggy,State Highway,Dry,Dark,Signs,75,45,Expired,No,Straight Road,1
Rajasthan,Udaipur,2021,November,Friday,00:50,Fatal,2,Truck,1,1,Hazy,Expressway,Dry,Dark,No Control,110,18,Valid,No,Curve,1
Tamil Nadu,Madurai,2018,June,Sunday,16:31,Fatal,5,Two-Wheeler,5,2,Stormy,Village Road,Damaged,Daylight,No Control,20,38,Valid,No,Curve,1
Uttar Pradesh,Varanasi,2020,April,Friday,07:35,Serious,3,Tractor,2,0,Clear,State Highway,Dry,Daylight,Signs,75,40,Valid,No,Intersection,1
Madhya Pradesh,Bhopal,2024,April,Tuesday,15:22,Minor,2,Two-Wheeler,1,0,Rainy,Village Road,Damaged,Daylight,No Control,35,34,Valid,No,Curve,0
Maharashtra,Unknown,2019,January,Saturday,15:02,Serious,1,Two-Wheeler,3,1,Clear,National Highway,Dry,Daylight,Signals,65,47,Valid,No,Straight Road,1
Haryana,Faridabad,2021,December,Wednesday,18:53,Minor,2,Car,1,0,Rainy,Urban Road,Dry,Daylight,No Control,35,49,Valid,No,Straight Road,0
Gujarat,Vadodara,2020,January,Sunday,11:45,Serious,3,Car,6,0,Foggy,National Highway,Dry,Daylight,Signals,70,39,Valid,No,Straight Road,1
Karnataka,Unknown,2022,March,Wednesday,17:16,Minor,2,Auto-Rickshaw,1,0,Hazy,Urban Road,Dry,Dusk,No Control,45,65,Valid,No,Straight Road,0
Tamil Nadu,Chennai,2020,June,Sunday,10:14,Minor,1,Car,1,0,Clear,National Highway,Dry,Daylight,No Control,90,29,Valid,No,Intersection,0
Uttarakhand,Dehradun,2020,May,Sunday,05:31,Minor,2,Two-Wheeler,1,0,Clear,Urban Road,Dry,Daylight,Signals,55,31,Valid,No,Intersection,0
Uttar Pradesh,Agra,2022,January,Sunday,09:47,Minor,2,Car,1,0,Clear,State Highway,Dry,Dawn,Signs,55,32,Valid,No,Straight Road,0
Uttar Pradesh,Lucknow,2022,April,Monday,00:05,Minor,1,Auto-Rickshaw,1,0,Hazy,Urban Road,Dry,Dark,No Control,60,51,Valid,No,Straight Road,0
Uttar Pradesh,Kanpur,2021,October,Sunday,13:37,Fatal,1,Two-Wheeler,3,1,Foggy,National Highway,Under Construction,Dawn,Signs,65,41,Valid,No,Intersection,1
Telangana,Warangal,2019,April,Saturday,18:50,Serious,1,Two-Wheeler,6,0,Hazy,Urban Road,Damaged,Daylight,Signs,45,18,Valid,No,Intersection,1
Goa,Panaji,2018,November,Wednesday,19:29,Minor,2,Auto-Rickshaw,1,0,Clear,State Highway,Under Construction,Dark,Signs,80,33,Valid,No,Straight Road,0
Uttar Pradesh,Kanpur,2022,May,Thursday,08:03,Serious,4,Auto-Rickshaw,4,0,Clear,National Highway,Dry,Daylight,Signals,75,30,Valid,No,Straight Road,1
Odisha,Cuttack,2020,January,Friday,05:01,Serious,3,Auto-Rickshaw,6,1,Stormy,Urban Road,Wet,Dawn,Police Checkpost,60,57,Valid,No,Bridge,1
Tamil Nadu,Coimbatore,2022,February,Sunday,07:09,Serious,1,Two-Wheeler,4,0,Clear,National Highway,Dry,Daylight,Signs,85,27,Unlicensed,No,Straight Road,1
Telangana,Warangal,2020,October,Saturday,23:53,Fatal,4,Bus,6,3,Clear,State Highway,Dry,Dark,No Control,60,37,Valid,Yes,Straight Road,1
Maharashtra,Nashik,2023,May,Thursday,09:27,Minor,2,Two-Wheeler,2,0,Clear,State Highway,Under Construction,Daylight,Police Checkpost,75,18,Valid,No,Intersection,0
Rajasthan,Udaipur,2022,December,Friday,12:08,Minor,2,Truck,2,0,Hazy,Urban Road,Dry,Daylight,No Control,30,39,Unlicensed,No,Straight Road,0
Telangana,Unknown,2020,October,Tuesday,04:54,Minor,3,Two-Wheeler,1,0,Clear,Urban Road,Dry,Dark,No Control,50,60,Valid,No,Straight Road,0
Rajasthan,Jaipur,2020,January,Thursday,19:49,Serious,3,Car,3,0,Clear,National Highway,Dry,Daylight,Signs,75,27,Valid,No,Curve,1
Uttar Pradesh,Lucknow,2023,April,Saturday,12:08,Serious,2,Auto-Rickshaw,3,0,Clear,State Highway,Dry,Daylight,Police Checkpost,70,48,Unlicensed,No,Straight Road,1
Haryana,Gurugram,2018,September,Friday,04:41,Minor,1,Two-Wheeler,4,0,Rainy,Urban Road,Damaged,Dark,Signs,30,35,Valid,No,Intersection,0
Uttarakhand,Dehradun,2018,January,Saturday,13:19,Minor,2,Two-Wheeler,2,0,Clear,Village Road,Dry,Daylight,No Control,40,37,Valid,No,Curve,0
Gujarat,Ahmedabad,2018,December,Thursday,18:04,Fatal,3,Truck,1,1,Rainy,National Highway,Wet,Daylight,Signals,65,44,Valid,No,Straight Road,1
West Bengal,Kolkata,2020,February,Wednesday,13:03,Fatal,3,Bus,1,1,Hazy,National Highway,Dry,Daylight,Signs,85,22,Valid,No,Straight Road,1
Bihar,Unknown,2021,October,Saturday,22:32,Minor,3,Car,1,0,Foggy,Urban Road,Dry,Dusk,No Control,35,28,Valid,Yes,Curve,0
Uttar Pradesh,Lucknow,2020,November,Monday,20:50,Fatal,2,Bus,3,1,Clear,State Highway,Dry,Dark,No Control,75,26,Unlicensed,Yes,Curve,1
Delhi,Unknown,2019,July,Sunday,14:57,Serious,2,Tractor,3,0,Rainy,National Highway,Damaged,Daylight,Signs,95,57,Valid,No,Curve,1
Tamil Nadu,Unknown,2020,October,Sunday,22:42,Fatal,3,Truck,3,1,Clear,National Highway,Dry,Dark,Signals,95,50,Valid,No,Curve,1
Bihar,Gaya,2021,November,Sunday,19:55,Fatal,2,Car,2,2,Rainy,Expressway,Wet,Dusk,Signs,95,49,Expired,No,Straight Road,1
Maharashtra,Nashik,2020,September,Sunday,11:14,Minor,4,Truck,2,0,Rainy,Urban Road,Wet,Daylight,Signs,35,49,Expired,No,Straight Road,0
Tamil Nadu,Chennai,2022,September,Thursday,18:08,Fatal,5,Two-Wheeler,2,1,Rainy,National Highway,Wet,Dusk,Signs,60,47,Expired,No,Straight Road,1
Rajasthan,Jaipur,2020,May,Thursday,14:06,Minor,1,Two-Wheeler,2,0,Clear,State Highway,Dry,Daylight,Signs,55,18,Valid,No,Straight Road,0
Rajasthan,Jaipur,2024,April,Saturday,14:10,Serious,1,Two-Wheeler,4,0,Clear,State Highway,Dry,Daylight,No Control,70,30,Valid,No,Curve,1
Haryana,Faridabad,2024,November,Wednesday,14:45,Serious,2,Car,3,0,Rainy,National Highway,Damaged,Daylight,No Control,75,34,Valid,No,Straight Road,1
Goa,Panaji,2022,March,Sunday,19:09,Fatal,2,Two-Wheeler,3,1,Clear,Expressway,Dry,Dark,Signs,80,39,Valid,No,Straight Road,1
Maharashtra,Mumbai,2021,May,Tuesday,21:25,Fatal,2,Two-Wheeler,4,4,Clear,State Highway,Under Construction,Dark,No Control,80,25,Valid,No,Bridge,1
Tamil Nadu,Coimbatore,2018,July,Sunday,09:45,Serious,2,Two-Wheeler,4,1,Rainy,Urban Road,Wet,Daylight,No Control,55,20,Valid,No,Intersection,1
Karnataka,Bengaluru,2022,May,Friday,16:55,Minor,3,Auto-Rickshaw,1,0,Clear,Village Road,Dry,Daylight,No Control,30,24,Valid,No,Straight Road,0
Gujarat,Vadodara,2020,May,Sunday,16:09,Serious,3,Two-Wheeler,2,0,Foggy,National Highway,Damaged,Daylight,Signs,70,28,Valid,No,Curve,1
Rajasthan,Udaipur,2020,August,Thursday,20:11,Serious,2,Auto-Rickshaw,3,0,Rainy,National Highway,Wet,Dark,Signs,75,33,Valid,No,Straight Road,1
Delhi,New Delhi,2023,April,Friday,12:03,Minor,3,Two-Wheeler,1,0,Foggy,State Highway,Under Construction,Daylight,No Control,55,42,Valid,No,Bridge,0
Bihar,Unknown,2018,December,Sunday,07:06,Minor,2,Car,2,0,Foggy,Urban Road,Dry,Daylight,No Control,30,35,Valid,No,Intersection,0
Maharashtra,Unknown,2019,March,Thursday,07:23,Serious,3,Auto-Rickshaw,3,0,Hazy,State Highway,Dry,Daylight,No Control,60,52,Unlicensed,No,Intersection,1
Gujarat,Ahmedabad,2023,May,Tuesday,02:18,Serious,5,Two-Wheeler,3,1,Clear,Urban Road,Under Construction,Dark,Police Checkpost,35,44,Valid,No,Intersection,1
West Bengal,Kolkata,2024,November,Monday,05:58,Serious,2,Car,2,0,Clear,National Highway,Dry,Dark,Signs,65,33,Valid,No,Straight Road,1
Gujarat,Ahmedabad,2021,June,Friday,09:26,Minor,2,Truck,3,0,Clear,National Highway,Dry,Daylight,Police Checkpost,100,42,Valid,No,Straight Road,0
Maharashtra,Unknown,2021,September,Friday,05:18,Minor,2,Car,2,0,Clear,State Highway,Damaged,Dawn,No Control,50,36,Valid,No,Straight Road,0
Karnataka,Unknown,2024,August,Friday,20:28,Fatal,3,Two-Wheeler,3,2,Clear,National Highway,Dry,Dark,No Control,95,30,Expired,No,Intersection,1
Karnataka,Mysuru,2018,April,Monday,10:43,Minor,1,Car,2,0,Hazy,Urban Road,Dry,Daylight,Signals,55,38,Valid,No,Intersection,0
Uttar Pradesh,Lucknow,2021,September,Monday,11:20,Fatal,2,Two-Wheeler,3,1,Rainy,Expressway,Wet,Daylight,No Control,95,42,Valid,No,Straight Road,1
Kerala,Kozhikode,2019,March,Sunday,18:08,Minor,2,Car,1,0,Clear,Village Road,Under Construction,Dusk,No Control,35,49,Valid,No,Curve,0
Tamil Nadu,Coimbatore,2021,September,Saturday,09:25,Minor,2,Two-Wheeler,2,0,Clear,Urban Road,Dry,Daylight,Signs,45,63,Unlicensed,No,Intersection,0
Madhya Pradesh,Bhopal,2024,February,Monday,18:37,Serious,4,Truck,3,0,Hazy,State Highway,Dry,Dusk,Signs,75,52,Unlicensed,No,Curve,1
Rajasthan,Unknown,2022,September,Monday,19:18,Minor,1,Bus,2,0,Clear,Urban Road,Wet,Dusk,Signs,55,25,Valid,No,Straight Road,0
Delhi,Unknown,2024,February,Tuesday,10:34,Serious,2,Two-Wheeler,2,0,Rainy,National Highway,Dry,Daylight,Signals,85,18,Valid,No,Curve,1
Maharashtra,Pune,2021,November,Saturday,13:19,Fatal,4,Truck,5,3,Clear,Expressway,Damaged,Daylight,Signs,100,53,Valid,No,Straight Road,1
Maharashtra,Nagpur,2024,August,Saturday,10:54,Serious,5,Bus,2,0,Rainy,Urban Road,Wet,Daylight,Signals,30,36,Valid,No,Intersection,1
Tamil Nadu,Chennai,2019,January,Friday,12:53,Minor,1,Car,2,0,Clear,State Highway,Dry,Dawn,No Control,60,29,Expired,No,Curve,0
Gujarat,Vadodara,2020,February,Friday,15:42,Serious,1,Cycle,4,0,Clear,Urban Road,Dry,Daylight,Signs,60,57,Valid,Yes,Intersection,1
Tamil Nadu,Madurai,2019,March,Sunday,10:50,Fatal,1,Two-Wheeler,5,3,Clear,National Highway,Dry,Daylight,No Control,95,35,Valid,Yes,Straight Road,1
Bihar,Patna,2023,December,Wednesday,13:07,Minor,1,Two-Wheeler,2,0,Foggy,Urban Road,Dry,Daylight,Signs,50,36,Valid,No,Intersection,0
Tamil Nadu,Unknown,2021,August,Wednesday,13:39,Serious,2,Two-Wheeler,2,0,Clear,State Highway,Dry,Daylight,Signs,65,29,Valid,No,Straight Road,1
Maharashtra,Pune,2019,April,Thursday,01:24,Minor,2,Cycle,2,0,Clear,Village Road,Dry,Dark,No Control,30,18,Unlicensed,No,Bridge,0
Karnataka,Unknown,2019,April,Sunday,07:46,Fatal,4,Truck,5,3,Clear,Expressway,Damaged,Daylight,Signs,95,26,Valid,No,Straight Road,1
Bihar,Patna,2020,January,Friday,14:00,Fatal,3,Two-Wheeler,3,3,Rainy,State Highway,Wet,Daylight,Signs,70,29,Valid,No,Straight Road,1
Delhi,New Delhi,2019,March,Friday,00:11,Minor,1,Car,2,0,Clear,Urban Road,Dry,Dark,Signs,35,18,Valid,Yes,Straight Road,0
Kerala,Kochi,2022,November,Saturday,17:14,Minor,3,Two-Wheeler,2,0,Clear,National Highway,Dry,Dusk,Police Checkpost,80,38,Valid,No,Straight Road,0
Madhya Pradesh,Indore,2023,August,Tuesday,21:33,Serious,2,Auto-Rickshaw,3,0,Rainy,Village Road,Wet,Dark,Signs,30,40,Valid,Yes,Curve,1
Kerala,Kochi,2024,May,Thursday,18:58,Serious,2,Two-Wheeler,2,1,Hazy,Urban Road,Dry,Dusk,No Control,50,48,Unlicensed,No,Straight Road,1
Telangana,Warangal,2019,January,Friday,09:53,Serious,2,Two-Wheeler,2,0,Clear,Expressway,Dry,Daylight,Signs,85,28,Valid,No,Straight Road,1
Uttar Pradesh,Lucknow,2021,May,Sunday,12:27,Minor,4,Two-Wheeler,3,0,Clear,Village Road,Dry,Daylight,Police Checkpost,35,18,Valid,No,Curve,0
Madhya Pradesh,Bhopal,2021,May,Tuesday,17:00,Serious,5,Car,3,0,Rainy,State Highway,Damaged,Dusk,No Control,65,33,Valid,No,Straight Road,1
Bihar,Patna,2021,February,Thursday,17:52,Fatal,3,Two-Wheeler,3,2,Clear,National Highway,Dry,Dusk,Signs,95,22,Expired,No,Bridge,1
Tamil Nadu,Chennai,2021,August,Sunday,23:34,Minor,2,Tractor,2,0,Clear,Urban Road,Dry,Dark,No Control,45,37,Valid,No,Straight Road,0
Telangana,Warangal,2019,August,Saturday,13:01,Minor,5,Auto-Rickshaw,1,0,Clear,State Highway,Dry,Daylight,Police Checkpost,75,47,Valid,No,Curve,0
Gujarat,Vadodara,2018,December,Friday,08:38,Minor,2,Car,2,0,Rainy,National Highway,Wet,Daylight,Police Checkpost,65,31,Valid,No,Straight Road,0
Rajasthan,Jodhpur,2020,May,Tuesday,10:52,Minor,2,Truck,1,0,Clear,Urban Road,Dry,Daylight,Signals,55,36,Expired,No,Straight Road,0
Maharashtra,Mumbai,2018,April,Tuesday,21:52,Minor,2,Two-Wheeler,1,0,Clear,Urban Road,Dry,Dark,Police Checkpost,30,18,Valid,No,Straight Road,0
Telangana,Warangal,2018,October,Wednesday,16:53,Minor,3,Two-Wheeler,1,0,Rainy,Urban Road,Wet,Daylight,Signs,45,32,Unlicensed,No,Straight Road,0
Delhi,New Delhi,2021,May,Tuesday,20:58,Fatal,4,Two-Wheeler,4,2,Rainy,State Highway,Wet,Dusk,Signs,70,56,Valid,No,Bridge,1
Uttar Pradesh,Agra,2024,August,Saturday,18:39,Serious,1,Car,3,0,Rainy,National Highway,Wet,Dark,Signals,75,44,Valid,No,Straight Road,1
Karnataka,Mangaluru,2021,September,Saturday,22:36,Serious,2,Two-Wheeler,3,0,Clear,National Highway,Dry,Dark,Police Checkpost,100,28,Valid,No,Straight Road,1
Maharashtra,Pune,2018,November,Saturday,14:06,Serious,3,Truck,2,0,Clear,Urban Road,Dry,Daylight,No Control,50,24,Valid,No,Intersection,1
Maharashtra,Nashik,2023,April,Tuesday,22:37,Fatal,3,Truck,5,1,Hazy,Urban Road,Dry,Dark,No Control,55,37,Valid,No,Intersection,1
Jammu and Kashmir,Unknown,2022,August,Wednesday,20:52,Minor,1,Tractor,2,0,Clear,Urban Road,Dry,Dark,Police Checkpost,45,43,Valid,No,Straight Road,0
Rajasthan,Jaipur,2020,February,Saturday,19:48,Serious,2,Bus,4,0,Clear,Expressway,Under Construction,Dusk,Signs,110,28,Valid,No,Bridge,1
Karnataka,Hubballi,2019,October,Tuesday,22:53,Minor,3,Car,1,0,Rainy,Village Road,Wet,Dark,No Control,20,35,Expired,No,Straight Road,0
Tamil Nadu,Madurai,2024,January,Tuesday,14:10,Minor,2,Two-Wheeler,1,0,Hazy,National Highway,Dry,Daylight,Signals,60,18,Unlicensed,No,Straight Road,0
Himachal Pradesh,Shimla,2021,September,Wednesday,18:12,Serious,3,Tractor,2,0,Rainy,Urban Road,Damaged,Daylight,Signs,45,47,Valid,No,Intersection,1
Tamil Nadu,Madurai,2018,March,Tuesday,15:51,Fatal,2,Two-Wheeler,1,1,Rainy,National Highway,Wet,Daylight,No Control,75,27,Unlicensed,No,Curve,1
Kerala,Thiruvananthapuram,2019,June,Monday,18:56,Minor,1,Two-Wheeler,1,0,Rainy,Urban Road,Wet,Dusk,Signals,40,45,Expired,No,Straight Road,0
Tamil Nadu,Chennai,2019,January,Wednesday,18:31,Fatal,2,Truck,4,2,Rainy,National Highway,Wet,Dark,Signs,85,41,Valid,No,Curve,1
Maharashtra,Pune,2020,September,Sunday,18:52,Serious,2,Tractor,2,0,Clear,National Highway,Dry,Dusk,Signals,75,43,Valid,No,Curve,1
Andhra Pradesh,Visakhapatnam,2020,June,Monday,12:40,Serious,5,Two-Wheeler,2,1,Rainy,Village Road,Wet,Daylight,No Control,40,34,Expired,No,Intersection,1
Maharashtra,Nagpur,2021,August,Friday,19:12,Serious,2,Tractor,3,0,Rainy,Urban Road,Under Construction,Dusk,No Control,50,57,Valid,No,Curve,1
Telangana,Unknown,2020,May,Friday,20:30,Minor,4,Car,2,0,Clear,State Highway,Dry,Dark,No Control,70,29,Valid,No,Straight Road,0
Tamil Nadu,Madurai,2022,January,Friday,16:23,Minor,1,Truck,2,0,Clear,Village Road,Damaged,Daylight,No Control,35,57,Valid,No,Curve,0
Kerala,Kozhikode,2021,July,Thursday,12:47,Serious,3,Truck,3,0,Rainy,State Highway,Wet,Daylight,Signs,50,40,Valid,No,Curve,1
Bihar,Gaya,2024,September,Monday,20:20,Serious,2,Car,3,0,Rainy,National Highway,Wet,Dark,Signs,65,38,Valid,No,Straight Road,1
Kerala,Thiruvananthapuram,2023,August,Monday,18:10,Minor,2,Cycle,2,0,Clear,State Highway,Dry,Daylight,No Control,75,34,Valid,No,Curve,0
Maharashtra,Nagpur,2020,April,Thursday,13:29,Minor,3,Two-Wheeler,1,0,Clear,Urban Road,Dry,Daylight,No Control,55,38,Valid,No,Straight Road,0
Andhra Pradesh,Visakhapatnam,2018,September,Sunday,15:29,Serious,5,Truck,2,0,Rainy,Urban Road,Wet,Daylight,Police Checkpost,45,37,Valid,No,Intersection,1
Jammu and Kashmir,Jammu,2022,July,Thursday,17:53,Serious,3,Car,4,0,Rainy,Urban Road,Wet,Dusk,No Control,35,58,Valid,Yes,Intersection,1
Uttar Pradesh,Varanasi,2020,March,Thursday,17:00,Minor,2,Bus,2,0,Clear,Urban Road,Damaged,Daylight,No Control,40,22,Valid,Yes,Straight Road,0
Tamil Nadu,Unknown,2024,February,Sunday,09:52,Minor,1,Auto-Rickshaw,3,0,Clear,Urban Road,Damaged,Daylight,Police Checkpost,45,35,Valid,No,Intersection,0
Punjab,Amritsar,2020,April,Saturday,09:12,Serious,3,Car,2,0,Clear,State Highway,Dry,Daylight,No Control,50,26,Valid,Yes,Curve,1
Uttar Pradesh,Lucknow,2020,January,Saturday,20:10,Fatal,5,Two-Wheeler,4,2,Hazy,National Highway,Dry,Dark,Signs,95,30,Valid,No,Straight Road,1
Telangana,Warangal,2020,September,Thursday,22:25,Fatal,3,Bus,3,2,Stormy,National Highway,Damaged,Dark,Signs,75,37,Valid,Yes,Intersection,1
Kerala,Thiruvananthapuram,2024,January,Sunday,11:33,Minor,3,Two-Wheeler,2,0,Foggy,Urban Road,Dry,Daylight,Signs,55,55,Valid,No,Straight Road,0
Maharashtra,Pune,2018,January,Friday,21:55,Serious,2,Two-Wheeler,3,0,Foggy,Village Road,Damaged,Dark,No Control,30,43,Unlicensed,No,Straight Road,1
Madhya Pradesh,Bhopal,2024,February,Friday,13:32,Minor,4,Car,1,0,Clear,State Highway,Dry,Daylight,Signs,60,26,Valid,Yes,Intersection,0
Madhya Pradesh,Gwalior,2019,April,Saturday,07:08,Minor,2,Two-Wheeler,1,0,Clear,State Highway,Dry,Daylight,No Control,50,33,Valid,No,Straight Road,0
Tamil Nadu,Chennai,2023,January,Thursday,18:27,Minor,2,Auto-Rickshaw,2,0,Foggy,Urban Road,Dry,Daylight,Signals,55,51,Valid,No,Curve,0
Delhi,New Delhi,2021,August,Sunday,02:55,Serious,1,Two-Wheeler,5,1,Rainy,National Highway,Wet,Dark,Signs,85,30,Valid,No,Bridge,1
Uttar Pradesh,Lucknow,2021,February,Sunday,05:42,Minor,1,Two-Wheeler,2,0,Clear,Urban Road,Dry,Dawn,Police Checkpost,55,39,Valid,No,Straight Road,0
Karnataka,Mysuru,2019,October,Friday,22:13,Serious,2,Truck,2,1,Clear,Urban Road,Dry,Dark,No Control,35,42,Expired,No,Straight Road,1
Haryana,Unknown,2023,July,Tuesday,14:38,Fatal,2,Two-Wheeler,4,2,Hazy,State Highway,Under Construction,Daylight,No Control,55,34,Unlicensed,Yes,Intersection,1
Uttar Pradesh,Lucknow,2022,February,Saturday,08:44,Minor,3,Truck,4,0,Clear,National Highway,Dry,Daylight,Signs,70,26,Valid,No,Straight Road,0
Punjab,Ludhiana,2021,May,Wednesday,13:16,Fatal,1,Two-Wheeler,1,1,Rainy,Expressway,Dry,Daylight,Signs,95,40,Unlicensed,Yes,Straight Road,1
Maharashtra,Nashik,2021,February,Friday,15:31,Serious,2,Truck,2,0,Clear,National Highway,Dry,Daylight,No Control,75,65,Valid,No,Straight Road,1
Rajasthan,Jodhpur,2022,December,Monday,16:20,Minor,1,Car,1,0,Hazy,National Highway,Dry,Daylight,No Control,90,31,Valid,No,Straight Road,0
Maharashtra,Pune,2021,August,Saturday,10:10,Serious,2,Bus,3,1,Clear,State Highway,Damaged,Daylight,Police Checkpost,80,31,Valid,No,Curve,1
Telangana,Hyderabad,2024,October,Sunday,11:53,Minor,1,Two-Wheeler,4,0,Clear,Urban Road,Dry,Daylight,Signs,30,46,Valid,No,Intersection,0
Bihar,Patna,2018,May,Monday,15:19,Minor,1,Auto-Rickshaw,2,0,Clear,Urban Road,Dry,Daylight,Signals,45,66,Valid,No,Straight Road,0
Haryana,Faridabad,2019,February,Saturday,16:19,Minor,2,Two-Wheeler,1,0,Clear,Urban Road,Dry,Daylight,No Control,50,27,Unlicensed,No,Intersection,0
Himachal Pradesh,Shimla,2023,March,Sunday,21:06,Minor,2,Car,1,0,Clear,Urban Road,Dry,Dark,Signals,35,23,Valid,Yes,Curve,0
Telangana,Warangal,2023,June,Monday,11:26,Serious,2,Two-Wheeler,3,0,Rainy,State Highway,Wet,Daylight,Signs,60,47,Expired,No,Straight Road,1
Bihar,Patna,2020,October,Tuesday,20:38,Fatal,1,Two-Wheeler,5,3,Clear,National Highway,Dry,Dark,No Control,90,47,Valid,Yes,Curve,1
Rajasthan,Udaipur,2021,June,Wednesday,23:58,Serious,1,Two-Wheeler,2,0,Clear,State Highway,Under Construction,Dark,No Control,65,25,Valid,No,Straight Road,1
Assam,Guwahati,2018,December,Saturday,10:46,Fatal,2,Two-Wheeler,4,2,Stormy,State Highway,Damaged,Daylight,Signs,50,33,Valid,Yes,Curve,1
West Bengal,Kolkata,2019,May,Thursday,01:51,Serious,1,Car,2,0,Clear,Urban Road,Damaged,Dark,No Control,40,23,Unlicensed,No,Intersection,1
Odisha,Cuttack,2024,March,Tuesday,16:59,Minor,2,Truck,4,0,Clear,Urban Road,Dry,Daylight,No Control,40,33,Valid,No,Straight Road,0
Uttar Pradesh,Unknown,2022,June,Tuesday,21:41,Serious,3,Two-Wheeler,2,0,Clear,Expressway,Dry,Dark,Signs,85,34,Valid,Yes,Straight Road,1
Rajasthan,Jaipur,2018,February,Thursday,02:51,Minor,2,Two-Wheeler,1,0,Rainy,Urban Road,Damaged,Dawn,Signs,35,48,Unlicensed,No,Straight Road,0
Kerala,Unknown,2023,September,Monday,07:18,Minor,1,Two-Wheeler,3,0,Hazy,Urban Road,Dry,Daylight,Signs,40,52,Valid,No,Straight Road,0
Uttar Pradesh,Unknown,2020,February,Friday,17:42,Fatal,3,Car,2,1,Clear,Expressway,Under Construction,Dusk,Signs,115,36,Valid,No,Intersection,1
Uttar Pradesh,Lucknow,2021,August,Monday,19:37,Fatal,2,Two-Wheeler,3,2,Rainy,State Highway,Wet,Daylight,Signs,75,55,Expired,No,Straight Road,1
Himachal Pradesh,Unknown,2023,May,Saturday,04:27,Minor,2,Two-Wheeler,2,0,Clear,State Highway,Dry,Dark,No Control,55,49,Valid,No,Straight Road,0
Gujarat,Ahmedabad,2023,May,Saturday,10:38,Minor,2,Car,2,0,Clear,Urban Road,Dry,Daylight,Police Checkpost,50,21,Valid,No,Bridge,0
Uttar Pradesh,Varanasi,2018,August,Sunday,08:43,Minor,3,Car,1,0,Rainy,Urban Road,Wet,Dawn,Signals,50,51,Expired,No,Straight Road,0
Tamil Nadu,Coimbatore,2020,September,Tuesday,22:24,Minor,1,Two-Wheeler,2,0,Clear,Village Road,Dry,Dark,No Control,30,47,Valid,No,Curve,0
Karnataka,Unknown,2019,December,Friday,17:50,Serious,2,Bus,4,0,Clear,Urban Road,Under Construction,Dusk,Signals,30,60,Expired,No,Intersection,1
West Bengal,Durgapur,2024,April,Saturday,13:02,Minor,3,Car,1,0,Clear,Village Road,Dry,Daylight,No Control,35,40,Valid,No,Curve,0
Assam,Guwahati,2023,October,Thursday,20:19,Serious,4,Bus,2,0,Clear,National Highway,Dry,Dark,Signs,65,58,Valid,No,Straight Road,1
Jammu and Kashmir,Jammu,2022,November,Monday,14:21,Serious,3,Two-Wheeler,3,0,Clear,Village Road,Under Construction,Daylight,No Control,25,18,Valid,No,Intersection,1
Telangana,Hyderabad,2018,December,Monday,21:49,Fatal,2,Car,2,1,Clear,National Highway,Under Construction,Dark,Signs,70,32,Valid,Yes,Straight Road,1
Andhra Pradesh,Unknown,2023,December,Friday,08:30,Serious,2,Tractor,4,0,Foggy,National Highway,Dry,Daylight,No Control,65,18,Valid,No,Curve,1
Tamil Nadu,Unknown,2021,October,Thursday,01:55,Fatal,2,Car,3,1,Rainy,National Highway,Wet,Dark,No Control,95,33,Valid,No,Straight Road,1
Delhi,New Delhi,2019,April,Sunday,12:57,Minor,2,Two-Wheeler,2,0,Clear,Urban Road,Dry,Daylight,No Control,45,39,Valid,No,Intersection,0
Uttar Pradesh,Agra,2021,September,Saturday,07:27,Serious,4,Truck,3,0,Rainy,State Highway,Damaged,Daylight,Signs,75,37,Valid,No,Straight Road,1
Maharashtra,Nashik,2021,October,Saturday,19:43,Minor,2,Truck,1,0,Clear,National Highway,Dry,Dusk,Signals,60,48,Valid,No,Straight Road,0
Himachal Pradesh,Shimla,2020,April,Sunday,14:14,Minor,3,Tractor,1,0,Hazy,Urban Road,Dry,Daylight,Police Checkpost,35,67,Valid,No,Straight Road,0
Delhi,New Delhi,2024,October,Saturday,09:06,Minor,4,Car,1,0,Clear,Urban Road,Dry,Daylight,Signs,35,33,Valid,No,Straight Road,0
Tamil Nadu,Madurai,2024,September,Monday,18:29,Minor,1,Car,2,0,Clear,State Highway,Dry,Dusk,Signs,50,52,Valid,No,Intersection,0
Telangana,Warangal,2018,June,Monday,14:18,Minor,3,Two-Wheeler,1,0,Clear,Urban Road,Dry,Daylight,Signals,50,46,Valid,Yes,Intersection,0
Gujarat,Surat,2024,November,Saturday,14:43,Minor,1,Car,1,0,Clear,Village Road,Under Construction,Daylight,Signs,25,41,Valid,No,Intersection,0
Tamil Nadu,Madurai,2020,February,Wednesday,07:31,Serious,2,Two-Wheeler,3,0,Hazy,Urban Road,Damaged,Daylight,Police Checkpost,55,47,Valid,No,Curve,1
Tamil Nadu,Chennai,2023,September,Sunday,23:08,Minor,2,Auto-Rickshaw,3,0,Clear,Urban Road,Wet,Dark,Signs,50,33,Valid,No,Straight Road,0
Uttar Pradesh,Lucknow,2023,October,Monday,17:27,Minor,2,Truck,1,0,Clear,Village Road,Dry,Dusk,Signs,25,50,Unlicensed,No,Curve,0
Madhya Pradesh,Gwalior,2022,January,Tuesday,20:24,Fatal,5,Truck,4,2,Foggy,Village Road,Dry,Dark,No Control,25,20,Expired,No,Bridge,1
Gujarat,Surat,2023,May,Saturday,18:00,Serious,4,Truck,3,0,Clear,State Highway,Dry,Dusk,Signs,60,39,Valid,No,Intersection,1
Rajasthan,Jodhpur,2022,July,Sunday,14:32,Fatal,2,Two-Wheeler,4,2,Rainy,National Highway,Under Construction,Daylight,No Control,80,33,Valid,No,Straight Road,1
Uttar Pradesh,Unknown,2023,March,Sunday,00:56,Minor,1,Two-Wheeler,3,0,Clear,National Highway,Dry,Dark,No Control,85,67,Valid,No,Curve,0
Jharkhand,Ranchi,2020,November,Monday,17:53,Minor,2,Car,2,0,Clear,Urban Road,Dry,Daylight,Signals,45,24,Valid,No,Straight Road,0
West Bengal,Siliguri,2023,August,Wednesday,05:54,Serious,3,Car,3,0,Rainy,Village Road,Wet,Dawn,No Control,35,43,Expired,No,Straight Road,1
Odisha,Bhubaneswar,2024,April,Friday,22:53,Serious,3,Auto-Rickshaw,5,0,Foggy,National Highway,Dry,Dark,Police Checkpost,90,52,Valid,No,Straight Road,1
Maharashtra,Unknown,2024,June,Sunday,08:55,Minor,4,Truck,1,0,Rainy,Urban Road,Wet,Daylight,No Control,35,30,Valid,No,Straight Road,0
West Bengal,Durgapur,2019,February,Tuesday,11:05,Minor,3,Two-Wheeler,1,0,Clear,National Highway,Dry,Daylight,Signs,75,37,Valid,No,Straight Road,0
Haryana,Unknown,2021,February,Friday,15:25,Minor,3,Car,1,0,Hazy,Urban Road,Dry,Daylight,No Control,55,31,Valid,No,Straight Road,0
Tamil Nadu,Madurai,2021,September,Tuesday,14:32,Minor,3,Car,3,0,Stormy,Village Road,Wet,Daylight,Signs,35,32,Valid,No,Intersection,0
Uttar Pradesh,Kanpur,2022,December,Saturday,17:50,Minor,2,Truck,2,0,Foggy,Urban Road,Dry,Daylight,Signs,60,57,Valid,No,Straight Road,0
Tamil Nadu,Chennai,2022,April,Monday,19:22,Fatal,7,Truck,4,1,Clear,Expressway,Dry,Daylight,Signs,85,18,Valid,No,Straight Road,1
Tamil Nadu,Chennai,2023,March,Sunday,18:42,Minor,2,Car,4,0,Clear,Urban Road,Dry,Daylight,No Control,30,40,Valid,No,Intersection,0
Gujarat,Vadodara,2021,September,Monday,21:46,Minor,3,Auto-Rickshaw,2,0,Rainy,Urban Road,Wet,Dark,Signs,45,18,Valid,No,Straight Road,0
Tamil Nadu,Chennai,2022,July,Saturday,13:30,Minor,2,Two-Wheeler,1,0,Rainy,Village Road,Wet,Daylight,No Control,25,48,Valid,No,Straight Road,0
Tamil Nadu,Chennai,2024,February,Saturday,14:14,Minor,5,Bus,2,0,Clear,Urban Road,Dry,Daylight,Signals,50,32,Valid,Yes,Bridge,0
Telangana,Hyderabad,2018,September,Tuesday,20:04,Fatal,2,Two-Wheeler,5,1,Rainy,Expressway,Wet,Dark,Signs,110,18,Unlicensed,No,Curve,1
Maharashtra,Nashik,2022,March,Tuesday,09:26,Serious,1,Auto-Rickshaw,4,0,Stormy,National Highway,Wet,Daylight,Signs,75,35,Valid,No,Straight Road,1
Karnataka,Mangaluru,2020,February,Friday,08:10,Serious,1,Two-Wheeler,2,0,Clear,National Highway,Dry,Daylight,Signs,60,23,Valid,No,Straight Road,1
Andhra Pradesh,Vijayawada,2024,June,Friday,00:38,Fatal,4,Truck,3,1,Rainy,National Highway,Wet,Dark,Signals,75,49,Valid,No,Curve,1
Uttar Pradesh,Unknown,2021,September,Saturday,18:14,Serious,5,Truck,3,0,Hazy,Village Road,Dry,Daylight,No Control,25,50,Valid,Yes,Straight Road,1
Uttar Pradesh,Kanpur,2022,July,Friday,17:52,Serious,1,Two-Wheeler,6,0,Hazy,National Highway,Dry,Dusk,Signs,75,23,Valid,No,Straight Road,1
Uttar Pradesh,Agra,2023,August,Tuesday,09:53,Serious,1,Two-Wheeler,4,1,Rainy,Village Road,Wet,Daylight,No Control,35,44,Valid,Yes,Straight Road,1
Maharashtra,Mumbai,2019,March,Sunday,06:50,Minor,1,Truck,1,0,Clear,Urban Road,Dry,Dawn,Signs,50,29,Valid,No,Straight Road,0
Gujarat,Vadodara,2021,June,Tuesday,02:39,Serious,1,Two-Wheeler,4,0,Rainy,Urban Road,Dry,Dark,No Control,50,34,Valid,Yes,Straight Road,1
Maharashtra,Mumbai,2023,September,Friday,13:06,Serious,5,Two-Wheeler,3,1,Rainy,Urban Road,Wet,Daylight,No Control,30,61,Valid,No,Intersection,1
Tamil Nadu,Unknown,2023,July,Sunday,07:58,Fatal,5,Truck,2,2,Rainy,State Highway,Wet,Daylight,No Control,70,33,Valid,No,Curve,1
Goa,Panaji,2019,March,Sunday,19:03,Serious,2,Truck,3,0,Clear,National Highway,Dry,Daylight,Signs,80,55,Valid,No,Curve,1
Assam,Guwahati,2023,December,Tuesday,22:33,Serious,1,Two-Wheeler,2,0,Hazy,Urban Road,Dry,Dark,No Control,50,58,Valid,Yes,Straight Road,1
Uttar Pradesh,Unknown,2019,January,Tuesday,18:48,Fatal,2,Car,2,2,Foggy,Expressway,Damaged,Dusk,Signs,95,33,Valid,No,Straight Road,1
Tamil Nadu,Coimbatore,2019,November,Friday,20:05,Serious,1,Auto-Rickshaw,2,1,Rainy,National Highway,Dry,Dark,Signs,80,41,Valid,No,Straight Road,1
Gujarat,Vadodara,2023,September,Wednesday,23:29,Serious,3,Car,5,0,Rainy,National Highway,Wet,Dark,No Control,75,31,Unlicensed,No,Intersection,1
Haryana,Faridabad,2022,February,Saturday,18:28,Serious,4,Two-Wheeler,3,0,Clear,Village Road,Dry,Dark,No Control,35,37,Valid,No,Straight Road,1
Punjab,Amritsar,2021,April,Thursday,15:11,Serious,2,Truck,2,0,Clear,National Highway,Dry,Daylight,No Control,75,45,Valid,No,Bridge,1
Maharashtra,Unknown,2021,May,Wednesday,19:06,Serious,3,Two-Wheeler,4,0,Hazy,National Highway,Dry,Daylight,No Control,95,36,Valid,No,Curve,1
Maharashtra,Nagpur,2024,December,Thursday,15:54,Minor,2,Cycle,1,0,Foggy,Village Road,Dry,Daylight,No Control,40,42,Valid,No,Straight Road,0
Karnataka,Hubballi,2019,July,Saturday,12:54,Serious,3,Two-Wheeler,3,0,Rainy,Urban Road,Wet,Daylight,Signals,55,29,Valid,Yes,Straight Road,1
Delhi,New Delhi,2020,April,Saturday,01:05,Fatal,3,Truck,1,1,Clear,National Highway,Under Construction,Dark,Signs,80,26,Expired,No,Straight Road,1
Odisha,Bhubaneswar,2021,December,Wednesday,16:16,Fatal,4,Truck,1,1,Foggy,Expressway,Damaged,Daylight,No Control,100,33,Valid,No,Curve,1
Maharashtra,Nashik,2023,February,Monday,21:23,Minor,4,Truck,3,0,Clear,Urban Road,Dry,Dark,Signs,45,39,Valid,No,Intersection,0
Madhya Pradesh,Bhopal,2021,October,Wednesday,17:11,Serious,2,Auto-Rickshaw,2,0,Hazy,National Highway,Under Construction,Dusk,No Control,90,53,Valid,No,Bridge,1
Uttar Pradesh,Agra,2023,October,Friday,11:03,Minor,4,Car,3,0,Clear,Urban Road,Dry,Daylight,Police Checkpost,55,35,Unlicensed,No,Straight Road,0
Andhra Pradesh,Visakhapatnam,2023,May,Saturday,16:30,Minor,1,Auto-Rickshaw,1,0,Clear,Village Road,Dry,Daylight,Police Checkpost,35,42,Expired,No,Curve,0
Assam,Guwahati,2024,January,Sunday,19:26,Minor,2,Car,1,0,Clear,Urban Road,Dry,Dusk,No Control,50,26,Valid,No,Straight Road,0
Gujarat,Ahmedabad,2021,November,Sunday,18:48,Serious,1,Tractor,6,0,Clear,Urban Road,Dry,Dusk,No Control,45,48,Valid,Yes,Bridge,1
Maharashtra,Pune,2021,December,Friday,13:17,Serious,3,Two-Wheeler,2,1,Hazy,State Highway,Dry,Daylight,Signs,55,33,Valid,No,Intersection,1
Madhya Pradesh,Indore,2018,May,Sunday,10:30,Serious,2,Auto-Rickshaw,3,0,Clear,National Highway,Under Construction,Daylight,Signs,75,35,Valid,No,Bridge,1
Karnataka,Mysuru,2018,March,Tuesday,11:18,Serious,2,Truck,2,0,Clear,Urban Road,Damaged,Daylight,Signals,60,38,Unlicensed,No,Straight Road,1
Punjab,Ludhiana,2021,April,Friday,21:02,Serious,2,Auto-Rickshaw,4,1,Clear,National Highway,Dry,Dark,Signs,75,31,Unlicensed,No,Straight Road,1
Karnataka,Mysuru,2023,February,Friday,07:43,Minor,3,Two-Wheeler,1,0,Clear,Village Road,Dry,Daylight,No Control,30,24,Valid,No,Straight Road,0
Delhi,New Delhi,2023,August,Saturday,20:44,Fatal,3,Truck,3,3,Rainy,National Highway,Wet,Dawn,Signals,80,43,Valid,Yes,Straight Road,1
Tamil Nadu,Chennai,2020,July,Saturday,07:39,Minor,2,Car,1,0,Clear,National Highway,Dry,Daylight,No Control,75,48,Valid,No,Bridge,0
Uttar Pradesh,Agra,2021,May,Wednesday,23:02,Serious,4,Bus,3,0,Clear,National Highway,Dry,Dark,No Control,65,21,Valid,No,Bridge,1
Tamil Nadu,Unknown,2023,August,Sunday,12:41,Minor,2,Truck,2,0,Rainy,Village Road,Wet,Daylight,Police Checkpost,25,40,Expired,No,Straight Road,0
Maharashtra,Pune,2020,August,Sunday,18:36,Minor,2,Auto-Rickshaw,2,0,Stormy,Urban Road,Wet,Dusk,Signs,35,40,Valid,No,Intersection,0
Tamil Nadu,Unknown,2019,January,Sunday,18:26,Minor,1,Car,2,0,Clear,State Highway,Dry,Dark,No Control,55,33,Valid,No,Curve,0
Telangana,Hyderabad,2024,May,Thursday,18:37,Minor,1,Car,1,0,Rainy,Urban Road,Damaged,Daylight,No Control,35,33,Valid,No,Straight Road,0
Uttar Pradesh,Unknown,2021,November,Sunday,19:06,Minor,2,Auto-Rickshaw,2,0,Foggy,Urban Road,Dry,Daylight,No Control,60,50,Valid,No,Straight Road,0
Maharashtra,Mumbai,2019,October,Saturday,01:12,Minor,3,Car,2,0,Clear,Village Road,Dry,Dark,No Control,20,63,Valid,No,Bridge,0
Uttar Pradesh,Agra,2019,November,Friday,09:07,Serious,2,Car,3,0,Hazy,State Highway,Dry,Daylight,Signs,55,53,Valid,No,Curve,1
Maharashtra,Mumbai,2020,December,Thursday,08:26,Serious,1,Car,4,0,Foggy,National Highway,Under Construction,Daylight,Police Checkpost,80,44,Valid,No,Curve,1
Delhi,New Delhi,2019,January,Sunday,17:53,Minor,3,Bus,1,0,Clear,Village Road,Dry,Dusk,Signs,40,51,Valid,No,Curve,0
Chhattisgarh,Raipur,2021,April,Saturday,17:00,Serious,2,Cycle,3,0,Foggy,Urban Road,Dry,Dark,Signs,50,43,Unlicensed,No,Straight Road,1
Maharashtra,Nagpur,2023,June,Friday,09:26,Minor,1,Two-Wheeler,1,0,Hazy,Urban Road,Wet,Daylight,No Control,35,29,Valid,Yes,Straight Road,0
Bihar,Patna,2023,July,Sunday,19:17,Fatal,3,Two-Wheeler,2,2,Rainy,National Highway,Wet,Dusk,Signs,85,42,Valid,No,Curve,1
Kerala,Kochi,2024,October,Tuesday,09:56,Serious,4,Two-Wheeler,3,0,Clear,Village Road,Dry,Daylight,No Control,30,21,Valid,No,Bridge,1
Goa,Panaji,2023,September,Friday,10:37,Minor,1,Two-Wheeler,1,0,Clear,Village Road,Dry,Daylight,No Control,35,28,Valid,No,Bridge,0
Karnataka,Unknown,2020,September,Wednesday,11:13,Serious,1,Two-Wheeler,3,0,Rainy,State Highway,Wet,Daylight,No Control,60,48,Valid,No,Curve,1
Tamil Nadu,Chennai,2018,February,Thursday,18:17,Fatal,3,Bus,2,1,Rainy,National Highway,Wet,Dusk,Signals,75,35,Valid,No,Straight Road,1
Gujarat,Vadodara,2019,September,Wednesday,00:34,Fatal,3,Two-Wheeler,3,1,Clear,National Highway,Under Construction,Dusk,No Control,100,27,Valid,Yes,Intersection,1
Delhi,New Delhi,2023,October,Wednesday,21:02,Fatal,1,Car,6,2,Clear,State Highway,Dry,Dark,Signs,75,30,Expired,No,Curve,1
Kerala,Kozhikode,2020,October,Wednesday,17:04,Minor,1,Auto-Rickshaw,1,0,Hazy,Urban Road,Dry,Dusk,Signals,35,22,Valid,No,Intersection,0
Gujarat,Unknown,2023,July,Monday,15:40,Serious,2,Cycle,2,1,Rainy,State Highway,Wet,Daylight,Signs,70,41,Valid,No,Curve,1
Tamil Nadu,Madurai,2021,February,Monday,08:48,Minor,3,Car,1,0,Clear,Urban Road,Damaged,Daylight,No Control,55,32,Valid,No,Intersection,0
Kerala,Thiruvananthapuram,2024,February,Saturday,19:44,Serious,2,Two-Wheeler,5,0,Clear,National Highway,Dry,Dusk,Signs,90,34,Valid,No,Intersection,1
Delhi,New Delhi,2021,September,Wednesday,20:10,Serious,4,Car,5,0,Clear,National Highway,Dry,Dark,Signals,85,42,Valid,No,Straight Road,1
Karnataka,Mangaluru,2024,November,Monday,14:51,Serious,1,Cycle,4,1,Clear,Expressway,Dry,Daylight,Signs,110,41,Valid,No,Straight Road,1
Telangana,Hyderabad,2019,October,Monday,09:13,Serious,4,Auto-Rickshaw,3,0,Clear,State Highway,Damaged,Daylight,No Control,65,23,Valid,No,Intersection,1
Karnataka,Hubballi,2023,June,Tuesday,11:52,Serious,2,Two-Wheeler,2,0,Rainy,Expressway,Wet,Daylight,Police Checkpost,90,23,Valid,No,Straight Road,1
Gujarat,Vadodara,2021,August,Monday,12:17,Minor,3,Tractor,1,0,Rainy,Urban Road,Wet,Daylight,Signs,45,36,Valid,No,Straight Road,0
Rajasthan,Udaipur,2019,March,Sunday,09:29,Serious,2,Two-Wheeler,2,0,Hazy,National Highway,Dry,Daylight,Signs,80,45,Valid,No,Straight Road,1
Bihar,Patna,2019,August,Friday,17:57,Minor,2,Bus,1,0,Rainy,Urban Road,Under Construction,Daylight,No Control,50,29,Valid,No,Intersection,0
Himachal Pradesh,Unknown,2020,March,Wednesday,10:24,Fatal,7,Cycle,2,1,Rainy,Expressway,Wet,Daylight,Signs,110,31,Valid,No,Straight Road,1
Gujarat,Vadodara,2019,October,Friday,19:40,Minor,3,Two-Wheeler,1,0,Hazy,Village Road,Under Construction,Dusk,Police Checkpost,20,39,Valid,No,Straight Road,0
Karnataka,Mysuru,2024,October,Monday,13:35,Minor,1,Two-Wheeler,2,0,Hazy,State Highway,Dry,Daylight,No Control,50,38,Valid,No,Curve,0
Karnataka,Mysuru,2019,January,Saturday,16:04,Minor,3,Car,1,0,Clear,National Highway,Dry,Daylight,Signs,65,36,Valid,No,Straight Road,0
Uttar Pradesh,Agra,2022,December,Sunday,22:47,Serious,6,Two-Wheeler,3,0,Foggy,Urban Road,Dry,Dark,No Control,35,42,Valid,No,Curve,1
Tamil Nadu,Madurai,2021,October,Monday,12:21,Minor,2,Tractor,2,0,Hazy,National Highway,Dry,Daylight,Signs,70,26,Expired,No,Straight Road,0
Maharashtra,Nagpur,2021,May,Tuesday,07:28,Minor,2,Car,1,0,Hazy,State Highway,Dry,Daylight,No Control,65,55,Valid,No,Straight Road,0
Gujarat,Ahmedabad,2022,June,Friday,15:18,Serious,3,Auto-Rickshaw,3,1,Rainy,Village Road,Wet,Daylight,No Control,35,33,Valid,No,Curve,1
Uttar Pradesh,Kanpur,2024,January,Tuesday,13:59,Minor,2,Two-Wheeler,1,0,Clear,Urban Road,Dry,Daylight,Signals,40,57,Valid,No,Intersection,0
Karnataka,Bengaluru,2024,December,Monday,18:33,Minor,1,Tractor,1,0,Clear,Urban Road,Dry,Dusk,No Control,45,18,Valid,No,Intersection,0
Bihar,Patna,2024,February,Friday,20:38,Fatal,2,Truck,3,1,Clear,Urban Road,Dry,Dark,No Control,55,18,Valid,No,Straight Road,1
Tamil Nadu,Madurai,2021,December,Friday,17:31,Serious,3,Two-Wheeler,2,0,Clear,National Highway,Dry,Dusk,No Control,90,36,Valid,No,Straight Road,1
West Bengal,Unknown,2023,August,Tuesday,22:18,Fatal,4,Two-Wheeler,4,1,Rainy,National Highway,Wet,Dark,Signs,90,49,Valid,Yes,Straight Road,1
Odisha,Unknown,2019,December,Saturday,09:35,Minor,1,Two-Wheeler,2,0,Foggy,Urban Road,Damaged,Daylight,Signals,50,40,Valid,No,Straight Road,0
Madhya Pradesh,Bhopal,2024,May,Monday,08:47,Minor,4,Car,3,0,Clear,State Highway,Dry,Daylight,No Control,50,36,Valid,No,Straight Road,0
Uttar Pradesh,Lucknow,2019,November,Wednesday,09:05,Minor,2,Auto-Rickshaw,2,0,Clear,Urban Road,Dry,Daylight,Signs,50,40,Valid,No,Intersection,0
Karnataka,Hubballi,2018,June,Saturday,17:09,Fatal,3,Bus,4,2,Rainy,National Highway,Wet,Dusk,Signs,80,37,Valid,No,Straight Road,1
Madhya Pradesh,Bhopal,2023,May,Friday,08:09,Serious,4,Car,2,0,Clear,State Highway,Dry,Daylight,No Control,70,61,Expired,No,Bridge,1
Rajasthan,Unknown,2023,May,Friday,04:56,Serious,3,Car,2,1,Clear,National Highway,Dry,Dark,No Control,90,31,Expired,No,Straight Road,1
Uttar Pradesh,Lucknow,2018,December,Saturday,23:34,Serious,3,Cycle,3,0,Hazy,National Highway,Dry,Dark,Signals,60,52,Valid,No,Straight Road,1
Gujarat,Surat,2024,June,Friday,09:20,Minor,1,Car,4,0,Rainy,Village Road,Wet,Daylight,Signs,35,28,Expired,No,Straight Road,0
Madhya Pradesh,Indore,2018,June,Sunday,08:11,Serious,7,Truck,3,0,Clear,Urban Road,Damaged,Daylight,No Control,55,33,Valid,No,Straight Road,1
Tamil Nadu,Unknown,2018,August,Friday,10:41,Minor,3,Two-Wheeler,3,0,Clear,Village Road,Dry,Daylight,No Control,30,25,Valid,No,Straight Road,0
West Bengal,Kolkata,2024,July,Thursday,07:31,Serious,4,Two-Wheeler,3,0,Rainy,Village Road,Wet,Daylight,No Control,35,47,Valid,No,Straight Road,1
Maharashtra,Nashik,2019,July,Saturday,01:37,Minor,1,Two-Wheeler,2,0,Rainy,Urban Road,Wet,Dark,No Control,30,52,Valid,No,Straight Road,0
Karnataka,Unknown,2019,May,Tuesday,09:42,Serious,1,Tractor,2,1,Clear,State Highway,Dry,Daylight,No Control,70,35,Valid,No,Intersection,1
Punjab,Ludhiana,2023,February,Saturday,10:05,Minor,3,Truck,2,0,Clear,Urban Road,Dry,Daylight,No Control,55,44,Valid,No,Straight Road,0
Tamil Nadu,Madurai,2022,December,Wednesday,19:40,Minor,3,Cycle,1,0,Clear,National Highway,Dry,Dusk,Signals,75,39,Valid,No,Straight Road,0
West Bengal,Siliguri,2021,June,Thursday,12:43,Minor,1,Two-Wheeler,2,0,Rainy,Village Road,Damaged,Daylight,No Control,30,44,Valid,No,Bridge,0
Karnataka,Mysuru,2024,December,Saturday,18:16,Minor,2,Two-Wheeler,1,0,Hazy,Village Road,Dry,Dusk,Signs,30,51,Valid,No,Straight Road,0
Tamil Nadu,Chennai,2018,June,Friday,18:18,Serious,3,Two-Wheeler,2,0,Stormy,Urban Road,Wet,Dusk,Signals,35,23,Unlicensed,No,Straight Road,1
Assam,Guwahati,2024,August,Monday,19:35,Minor,1,Car,1,0,Clear,State Highway,Dry,Daylight,Signs,50,24,Valid,No,Straight Road,0
Karnataka,Unknown,2019,July,Thursday,21:22,Fatal,1,Tractor,3,2,Clear,National Highway,Dry,Dark,Signs,65,30,Valid,Yes,Straight Road,1
Uttar Pradesh,Agra,2022,December,Saturday,13:55,Minor,4,Two-Wheeler,3,0,Clear,National Highway,Dry,Daylight,Signals,65,32,Valid,No,Straight Road,0
Assam,Guwahati,2020,February,Sunday,05:05,Serious,3,Cycle,3,0,Clear,State Highway,Dry,Dawn,No Control,75,40,Valid,No,Intersection,1
Kerala,Kozhikode,2020,July,Thursday,01:10,Serious,3,Two-Wheeler,4,0,Rainy,Village Road,Wet,Dark,No Control,30,37,Valid,No,Curve,1
Telangana,Warangal,2020,February,Monday,07:48,Serious,1,Two-Wheeler,3,0,Clear,National Highway,Dry,Daylight,Signs,85,35,Valid,No,Straight Road,1
Maharashtra,Nagpur,2021,November,Wednesday,19:40,Fatal,4,Two-Wheeler,4,3,Hazy,Expressway,Dry,Dusk,Signs,85,36,Valid,No,Bridge,1
Uttar Pradesh,Lucknow,2024,July,Thursday,15:51,Minor,3,Two-Wheeler,2,0,Stormy,Urban Road,Damaged,Daylight,Signals,35,40,Unlicensed,No,Intersection,0
West Bengal,Unknown,2018,December,Monday,06:01,Fatal,2,Truck,3,2,Foggy,State Highway,Damaged,Dark,Signs,80,28,Expired,No,Straight Road,1
Uttar Pradesh,Agra,2022,April,Sunday,06:08,Fatal,4,Tractor,4,2,Clear,National Highway,Dry,Dawn,Signs,80,18,Valid,No,Bridge,1
Uttar Pradesh,Agra,2024,February,Friday,20:50,Serious,2,Tractor,3,0,Clear,National Highway,Dry,Dark,Signs,65,26,Valid,Yes,Curve,1
Bihar,Patna,2023,August,Thursday,14:48,Minor,2,Two-Wheeler,1,0,Rainy,Urban Road,Wet,Daylight,Signs,60,50,Valid,No,Curve,0
Tamil Nadu,Madurai,2024,February,Thursday,07:49,Minor,3,Car,2,0,Clear,Urban Road,Dry,Daylight,Signals,45,18,Valid,No,Intersection,0
Maharashtra,Mumbai,2018,May,Monday,21:53,Minor,1,Car,1,0,Clear,State Highway,Dry,Dark,Signs,65,51,Valid,No,Straight Road,0
Maharashtra,Nashik,2020,April,Thursday,18:13,Serious,3,Two-Wheeler,2,0,Rainy,State Highway,Wet,Dusk,Police Checkpost,65,30,Valid,No,Straight Road,1
Gujarat,Unknown,2020,March,Thursday,13:05,Serious,7,Car,3,0,Clear,National Highway,Dry,Daylight,No Control,75,47,Valid,No,Straight Road,1
West Bengal,Kolkata,2021,February,Wednesday,13:17,Serious,2,Two-Wheeler,2,0,Clear,State Highway,Dry,Daylight,Signs,70,25,Valid,No,Curve,1
Delhi,New Delhi,2020,August,Friday,17:59,Serious,5,Two-Wheeler,2,0,Rainy,Urban Road,Wet,Dusk,Signals,40,18,Valid,No,Intersection,1
Maharashtra,Nagpur,2019,October,Thursday,10:31,Minor,2,Tractor,3,0,Clear,Urban Road,Dry,Daylight,Signals,40,27,Valid,No,Intersection,0
Uttar Pradesh,Varanasi,2023,May,Friday,23:00,Serious,1,Truck,2,0,Stormy,National Highway,Wet,Dark,Signals,65,35,Expired,No,Straight Road,1
Rajasthan,Udaipur,2019,April,Sunday,19:44,Minor,5,Bus,1,0,Clear,Urban Road,Dry,Dusk,Police Checkpost,35,42,Valid,No,Intersection,0
Karnataka,Hubballi,2024,February,Wednesday,16:50,Serious,2,Car,5,0,Rainy,National Highway,Wet,Daylight,Police Checkpost,95,20,Valid,No,Straight Road,1
Gujarat,Surat,2018,September,Thursday,17:07,Minor,3,Car,2,0,Hazy,Urban Road,Dry,Dusk,No Control,35,42,Valid,No,Intersection,0
Assam,Unknown,2020,October,Sunday,23:33,Minor,1,Car,2,0,Clear,Urban Road,Dry,Dark,No Control,35,37,Valid,No,Intersection,0
Madhya Pradesh,Bhopal,2022,July,Wednesday,00:44,Minor,1,Two-Wheeler,1,0,Stormy,Urban Road,Wet,Dark,Signals,45,30,Valid,No,Intersection,0
Karnataka,Mysuru,2024,June,Thursday,00:57,Fatal,3,Tractor,2,1,Hazy,National Highway,Dry,Dark,Signs,60,38,Expired,No,Straight Road,1
Jammu and Kashmir,Jammu,2023,August,Saturday,19:36,Serious,3,Truck,3,0,Clear,Urban Road,Damaged,Dark,Signs,40,38,Valid,No,Straight Road,1
Maharashtra,Nashik,2018,November,Friday,08:20,Minor,3,Car,1,0,Clear,Urban Road,Dry,Daylight,Signs,35,43,Unlicensed,No,Straight Road,0
Jharkhand,Ranchi,2023,December,Sunday,17:54,Serious,3,Truck,2,0,Foggy,National Highway,Damaged,Dusk,Signs,70,39,Valid,No,Straight Road,1
Rajasthan,Unknown,2020,March,Thursday,14:21,Serious,3,Tractor,5,0,Clear,National Highway,Damaged,Daylight,Signs,65,38,Valid,No,Straight Road,1
Rajasthan,Jodhpur,2024,June,Thursday,09:37,Serious,1,Two-Wheeler,4,0,Rainy,Urban Road,Wet,Daylight,Signals,55,61,Valid,No,Curve,1
Assam,Guwahati,2023,November,Monday,08:50,Fatal,3,Auto-Rickshaw,5,1,Clear,State Highway,Damaged,Daylight,No Control,60,18,Unlicensed,No,Straight Road,1
Rajasthan,Jaipur,2019,August,Tuesday,18:31,Minor,2,Two-Wheeler,2,0,Stormy,Urban Road,Wet,Daylight,Signals,30,21,Valid,No,Straight Road,0
Gujarat,Vadodara,2020,October,Friday,07:42,Minor,1,Two-Wheeler,2,0,Clear,National Highway,Dry,Daylight,No Control,95,50,Valid,No,Straight Road,0
Tamil Nadu,Madurai,2023,December,Tuesday,07:50,Fatal,4,Cycle,1,1,Clear,National Highway,Dry,Daylight,Signals,100,19,Valid,No,Curve,1
Telangana,Unknown,2024,February,Thursday,12:36,Minor,1,Two-Wheeler,1,0,Clear,Urban Road,Dry,Daylight,Signals,35,48,Expired,No,Straight Road,0
Madhya Pradesh,Gwalior,2022,August,Wednesday,05:25,Fatal,3,Truck,7,1,Stormy,National Highway,Under Construction,Dawn,Signals,65,41,Valid,No,Straight Road,1
Uttar Pradesh,Lucknow,2019,July,Monday,16:38,Serious,2,Car,3,1,Rainy,National Highway,Wet,Daylight,No Control,65,21,Valid,No,Straight Road,1
Andhra Pradesh,Vijayawada,2020,April,Thursday,23:24,Minor,3,Car,3,0,Clear,National Highway,Dry,Dark,Signals,70,49,Valid,No,Intersection,0
West Bengal,Siliguri,2023,August,Friday,18:40,Minor,3,Tractor,1,0,Rainy,Village Road,Wet,Dusk,No Control,30,51,Valid,No,Curve,0
Karnataka,Bengaluru,2022,February,Wednesday,16:04,Serious,2,Two-Wheeler,4,0,Clear,State Highway,Dry,Daylight,No Control,75,37,Valid,No,Curve,1
Maharashtra,Mumbai,2019,June,Saturday,11:02,Minor,3,Two-Wheeler,1,0,Clear,Urban Road,Dry,Daylight,No Control,55,36,Valid,No,Curve,0
Gujarat,Ahmedabad,2019,May,Tuesday,23:28,Serious,3,Two-Wheeler,3,0,Hazy,Urban Road,Dry,Dark,Police Checkpost,55,53,Valid,No,Intersection,1
Maharashtra,Mumbai,2019,May,Monday,20:07,Fatal,4,Tractor,5,2,Clear,State Highway,Damaged,Dark,Signs,75,18,Unlicensed,Yes,Curve,1
Maharashtra,Nagpur,2021,August,Sunday,19:43,Serious,1,Cycle,5,0,Clear,National Highway,Dry,Dusk,Police Checkpost,60,45,Valid,Yes,Bridge,1
Gujarat,Unknown,2021,December,Sunday,08:10,Fatal,4,Two-Wheeler,4,2,Hazy,National Highway,Dry,Daylight,Signs,100,20,Valid,No,Bridge,1
Maharashtra,Unknown,2021,December,Thursday,06:29,Serious,4,Car,2,0,Foggy,National Highway,Dry,Dawn,Signs,85,44,Valid,No,Straight Road,1
Tamil Nadu,Madurai,2024,September,Thursday,07:10,Serious,2,Car,4,0,Rainy,Village Road,Wet,Daylight,No Control,20,35,Valid,No,Intersection,1
Telangana,Warangal,2022,April,Sunday,08:55,Minor,4,Tractor,2,0,Clear,Urban Road,Dry,Daylight,No Control,60,37,Valid,No,Intersection,0
Tamil Nadu,Madurai,2022,December,Friday,04:50,Serious,2,Truck,2,0,Clear,Village Road,Dry,Dark,Signs,35,57,Valid,No,Curve,1
Goa,Panaji,2020,December,Monday,20:00,Minor,1,Auto-Rickshaw,2,0,Clear,Village Road,Dry,Dark,No Control,35,18,Valid,No,Curve,0
Assam,Guwahati,2022,November,Monday,07:23,Serious,1,Two-Wheeler,5,1,Rainy,National Highway,Wet,Daylight,Signs,85,46,Valid,No,Straight Road,1
Madhya Pradesh,Indore,2024,November,Monday,08:56,Minor,1,Car,3,0,Clear,Urban Road,Under Construction,Daylight,Signs,55,36,Expired,No,Intersection,0
Uttarakhand,Dehradun,2018,October,Saturday,20:29,Minor,3,Bus,3,0,Clear,Urban Road,Dry,Dark,No Control,30,38,Valid,No,Intersection,0
Delhi,New Delhi,2020,October,Friday,22:50,Serious,1,Two-Wheeler,3,0,Hazy,Urban Road,Damaged,Dark,Signs,45,47,Valid,No,Intersection,1
Tamil Nadu,Unknown,2018,September,Wednesday,08:05,Serious,4,Car,2,0,Stormy,Expressway,Wet,Daylight,Signs,105,47,Valid,No,Straight Road,1
Kerala,Kochi,2019,August,Tuesday,09:25,Serious,3,Cycle,4,0,Rainy,State Highway,Wet,Daylight,Signs,75,44,Valid,No,Straight Road,1
Uttar Pradesh,Agra,2018,August,Monday,19:52,Minor,3,Bus,1,0,Clear,Urban Road,Dry,Daylight,Police Checkpost,50,27,Valid,No,Straight Road,0
Andhra Pradesh,Vijayawada,2022,May,Saturday,22:11,Serious,5,Two-Wheeler,6,0,Clear,State Highway,Dry,Dark,Signs,55,44,Unlicensed,No,Curve,1
Rajasthan,Jaipur,2023,November,Sunday,17:00,Minor,4,Car,2,0,Foggy,Village Road,Dry,Dusk,No Control,35,46,Valid,No,Curve,0
Maharashtra,Nashik,2024,August,Friday,12:44,Fatal,2,Car,3,2,Rainy,National Highway,Wet,Daylight,No Control,70,43,Valid,No,Curve,1
Tamil Nadu,Chennai,2019,August,Saturday,17:04,Fatal,1,Two-Wheeler,4,3,Stormy,State Highway,Wet,Dusk,Signs,55,45,Valid,No,Straight Road,1
Chhattisgarh,Bilaspur,2022,September,Wednesday,18:18,Minor,2,Two-Wheeler,1,0,Rainy,Village Road,Wet,Dusk,Signs,30,38,Unlicensed,No,Intersection,0
Tamil Nadu,Coimbatore,2020,January,Friday,05:48,Serious,1,Two-Wheeler,3,0,Hazy,National Highway,Dry,Daylight,Signs,75,23,Valid,No,Straight Road,1
Uttar Pradesh,Lucknow,2020,December,Thursday,12:53,Minor,2,Tractor,3,0,Stormy,Urban Road,Wet,Daylight,Signals,40,32,Valid,No,Intersection,0
Uttar Pradesh,Varanasi,2022,July,Monday,20:07,Minor,2,Car,3,0,Rainy,Urban Road,Dry,Dark,No Control,45,31,Valid,No,Intersection,0
Gujarat,Surat,2022,December,Thursday,17:29,Minor,1,Two-Wheeler,1,0,Clear,Urban Road,Dry,Dusk,Police Checkpost,35,37,Valid,No,Straight Road,0
Haryana,Faridabad,2022,February,Sunday,06:47,Minor,2,Car,3,0,Clear,National Highway,Under Construction,Daylight,Police Checkpost,65,32,Valid,No,Straight Road,0
Bihar,Unknown,2018,March,Monday,18:23,Serious,1,Two-Wheeler,3,0,Hazy,National Highway,Wet,Dark,No Control,75,59,Valid,No,Straight Road,1
Gujarat,Unknown,2020,December,Thursday,17:21,Minor,1,Auto-Rickshaw,1,0,Clear,State Highway,Dry,Dusk,No Control,55,42,Valid,No,Bridge,0
Uttar Pradesh,Varanasi,2019,September,Sunday,08:32,Serious,1,Truck,2,0,Clear,State Highway,Damaged,Daylight,No Control,70,36,Valid,No,Curve,1
Maharashtra,Unknown,2018,August,Saturday,10:46,Fatal,1,Car,1,1,Rainy,Expressway,Wet,Daylight,Signs,105,40,Valid,No,Curve,1
Gujarat,Unknown,2018,May,Thursday,09:02,Minor,4,Truck,1,0,Hazy,Urban Road,Dry,Daylight,Signs,60,42,Valid,No,Intersection,0
Punjab,Amritsar,2021,July,Tuesday,23:03,Minor,3,Two-Wheeler,1,0,Rainy,Urban Road,Wet,Dusk,Police Checkpost,35,63,Valid,No,Intersection,0
Kerala,Thiruvananthapuram,2018,July,Sunday,07:06,Minor,2,Car,3,0,Hazy,National Highway,Dry,Daylight,No Control,90,42,Valid,No,Straight Road,0
Karnataka,Mangaluru,2023,March,Tuesday,19:20,Minor,3,Two-Wheeler,2,0,Clear,Village Road,Dry,Dark,Signs,20,32,Valid,No,Straight Road,0
Madhya Pradesh,Indore,2018,July,Wednesday,14:16,Fatal,3,Two-Wheeler,2,1,Rainy,National Highway,Damaged,Daylight,Signs,85,25,Valid,No,Bridge,1
Gujarat,Vadodara,2019,July,Monday,20:28,Fatal,2,Two-Wheeler,3,2,Rainy,Expressway,Under Construction,Dark,Signs,85,40,Valid,Yes,Straight Road,1
Madhya Pradesh,Bhopal,2024,April,Thursday,23:18,Fatal,1,Two-Wheeler,4,2,Clear,Expressway,Dry,Dark,Signs,110,62,Valid,No,Straight Road,1
Rajasthan,Unknown,2022,May,Friday,22:37,Serious,3,Truck,3,1,Clear,Expressway,Dry,Dark,Signs,85,35,Valid,No,Straight Road,1
Telangana,Unknown,2021,October,Saturday,20:19,Fatal,5,Two-Wheeler,4,2,Clear,State Highway,Under Construction,Dark,No Control,50,26,Valid,Yes,Curve,1
Rajasthan,Jodhpur,2018,September,Thursday,12:50,Serious,1,Two-Wheeler,3,0,Rainy,National Highway,Dry,Daylight,Signs,70,49,Valid,Yes,Straight Road,1
Jharkhand,Ranchi,2018,June,Sunday,09:18,Minor,2,Two-Wheeler,2,0,Stormy,Urban Road,Wet,Daylight,Signs,40,38,Unlicensed,No,Intersection,0
Gujarat,Vadodara,2024,August,Friday,09:14,Fatal,3,Two-Wheeler,3,1,Hazy,State Highway,Under Construction,Daylight,No Control,70,18,Expired,No,Straight Road,1
Maharashtra,Pune,2023,March,Friday,17:51,Serious,1,Two-Wheeler,4,0,Rainy,State Highway,Wet,Dusk,Signs,55,40,Expired,Yes,Intersection,1
Uttar Pradesh,Unknown,2024,June,Tuesday,10:39,Serious,2,Two-Wheeler,4,0,Rainy,Urban Road,Wet,Dark,Signs,55,51,Valid,No,Straight Road,1
Rajasthan,Jodhpur,2023,July,Tuesday,12:02,Minor,1,Tractor,1,0,Rainy,Urban Road,Wet,Daylight,Police Checkpost,45,18,Valid,No,Straight Road,0
Rajasthan,Jodhpur,2018,April,Friday,04:09,Fatal,3,Two-Wheeler,4,1,Clear,State Highway,Damaged,Dark,Signs,50,46,Unlicensed,No,Curve,1
Madhya Pradesh,Indore,2023,March,Saturday,18:02,Minor,4,Car,2,0,Clear,State Highway,Dry,Dusk,Signs,80,22,Unlicensed,No,Intersection,0
Andhra Pradesh,Visakhapatnam,2021,July,Tuesday,05:47,Minor,2,Bus,3,0,Clear,Urban Road,Damaged,Dawn,Signs,45,35,Valid,No,Intersection,0
Tamil Nadu,Chennai,2022,December,Thursday,10:37,Fatal,3,Tractor,5,2,Clear,National Highway,Damaged,Daylight,Signals,95,31,Expired,No,Curve,1
Telangana,Warangal,2020,June,Wednesday,15:55,Minor,1,Two-Wheeler,1,0,Hazy,Urban Road,Dry,Daylight,No Control,30,50,Valid,No,Intersection,0
Andhra Pradesh,Vijayawada,2023,November,Thursday,14:19,Minor,2,Two-Wheeler,2,0,Clear,Urban Road,Dry,Daylight,Police Checkpost,45,49,Valid,No,Curve,0
Karnataka,Hubballi,2023,November,Tuesday,20:02,Serious,3,Car,3,1,Clear,Village Road,Dry,Dark,No Control,25,21,Unlicensed,Yes,Curve,1
Karnataka,Mysuru,2024,September,Tuesday,17:27,Serious,3,Truck,2,0,Rainy,Urban Road,Wet,Dusk,No Control,45,18,Valid,No,Straight Road,1
Uttar Pradesh,Varanasi,2021,November,Wednesday,19:04,Minor,1,Car,3,0,Clear,Urban Road,Dry,Dark,Signals,55,19,Valid,No,Straight Road,0
Karnataka,Mysuru,2019,May,Sunday,09:08,Serious,3,Two-Wheeler,3,0,Hazy,Village Road,Wet,Daylight,No Control,35,42,Expired,No,Straight Road,1
Bihar,Patna,2022,October,Saturday,06:47,Serious,5,Cycle,2,0,Clear,Urban Road,Dry,Dawn,No Control,60,18,Valid,No,Straight Road,1
Assam,Guwahati,2021,February,Monday,18:22,Minor,2,Car,1,0,Clear,Urban Road,Dry,Dusk,Signs,35,29,Valid,No,Intersection,0
Madhya Pradesh,Gwalior,2019,April,Monday,06:52,Fatal,2,Two-Wheeler,1,1,Clear,National Highway,Damaged,Dark,Signs,70,48,Valid,No,Curve,1
Tamil Nadu,Unknown,2023,July,Thursday,19:30,Minor,1,Tractor,1,0,Rainy,Urban Road,Under Construction,Dark,Signals,55,44,Valid,No,Intersection,0
Andhra Pradesh,Vijayawada,2018,January,Wednesday,22:38,Fatal,3,Car,1,1,Clear,National Highway,Under Construction,Dark,Signals,90,18,Valid,Yes,Intersection,1
Kerala,Kochi,2020,October,Saturday,09:50,Serious,2,Auto-Rickshaw,6,0,Hazy,National Highway,Dry,Daylight,Signs,75,39,Valid,No,Straight Road,1
Tamil Nadu,Chennai,2022,December,Thursday,18:27,Minor,1,Two-Wheeler,4,0,Hazy,Urban Road,Dry,Dark,Signals,40,26,Valid,No,Straight Road,0
Haryana,Faridabad,2024,February,Sunday,12:19,Fatal,3,Two-Wheeler,4,2,Clear,National Highway,Dry,Daylight,Signs,65,29,Valid,Yes,Intersection,1
Maharashtra,Nashik,2022,December,Monday,09:46,Serious,1,Two-Wheeler,3,0,Clear,State Highway,Dry,Daylight,Signs,75,30,Valid,No,Curve,1
Maharashtra,Nashik,2024,February,Sunday,12:49,Minor,3,Truck,1,0,Clear,Urban Road,Dry,Daylight,No Control,35,32,Valid,No,Straight Road,0
Maharashtra,Unknown,2023,February,Saturday,16:17,Minor,1,Tractor,1,0,Clear,Urban Road,Damaged,Daylight,Signals,45,36,Valid,No,Straight Road,0
Uttar Pradesh,Varanasi,2019,October,Saturday,23:49,Minor,2,Cycle,1,0,Clear,Urban Road,Under Construction,Dark,Signs,40,28,Valid,No,Intersection,0
Odisha,Cuttack,2023,September,Sunday,09:59,Minor,2,Truck,1,0,Rainy,Urban Road,Wet,Daylight,Signals,45,29,Valid,No,Intersection,0
Gujarat,Vadodara,2020,December,Thursday,17:11,Serious,2,Truck,2,0,Foggy,Urban Road,Damaged,Daylight,Signals,55,48,Unlicensed,No,Straight Road,1
Tamil Nadu,Coimbatore,2022,June,Tuesday,10:50,Fatal,5,Two-Wheeler,2,1,Stormy,Expressway,Wet,Daylight,Signs,110,37,Valid,No,Bridge,1
Gujarat,Vadodara,2019,July,Thursday,08:05,Fatal,3,Two-Wheeler,5,1,Hazy,National Highway,Dry,Daylight,Signals,95,24,Valid,No,Curve,1
Karnataka,Hubballi,2021,February,Saturday,16:53,Serious,1,Two-Wheeler,3,0,Clear,National Highway,Dry,Daylight,Signs,85,38,Valid,No,Bridge,1
Tamil Nadu,Chennai,2022,September,Sunday,18:53,Serious,2,Car,2,0,Clear,State Highway,Dry,Dark,Signs,60,19,Unlicensed,No,Intersection,1
Uttar Pradesh,Lucknow,2024,December,Thursday,18:51,Minor,2,Tractor,1,0,Clear,Urban Road,Damaged,Dusk,No Control,60,38,Expired,No,Intersection,0
Telangana,Warangal,2024,August,Saturday,22:20,Serious,3,Truck,3,0,Clear,National Highway,Dry,Dusk,Signs,80,44,Valid,No,Straight Road,1
Uttar Pradesh,Unknown,2023,December,Tuesday,05:55,Minor,4,Car,2,0,Foggy,Urban Road,Damaged,Dawn,Signals,40,47,Expired,No,Straight Road,0
Bihar,Unknown,2021,May,Tuesday,14:33,Minor,1,Two-Wheeler,1,0,Clear,Urban Road,Dry,Daylight,No Control,55,42,Valid,No,Intersection,0
Uttar Pradesh,Varanasi,2024,December,Friday,09:03,Serious,5,Car,2,0,Stormy,Village Road,Wet,Daylight,Signs,40,24,Valid,No,Straight Road,1
Kerala,Kochi,2018,July,Thursday,19:50,Serious,3,Two-Wheeler,5,0,Rainy,Village Road,Wet,Dusk,No Control,30,30,Valid,No,Straight Road,1
Punjab,Ludhiana,2024,February,Tuesday,03:54,Serious,2,Cycle,3,0,Clear,National Highway,Dry,Dark,Police Checkpost,95,51,Valid,No,Straight Road,1
Maharashtra,Nagpur,2019,May,Saturday,07:18,Minor,4,Truck,1,0,Clear,State Highway,Dry,Daylight,Signs,65,33,Valid,No,Curve,0
Maharashtra,Pune,2020,June,Friday,18:14,Serious,4,Two-Wheeler,3,0,Rainy,Urban Road,Wet,Dusk,No Control,45,36,Expired,No,Intersection,1
Chhattisgarh,Raipur,2024,January,Thursday,10:34,Minor,2,Car,1,0,Clear,Village Road,Dry,Daylight,Signs,30,45,Valid,No,Straight Road,0
Gujarat,Unknown,2023,November,Tuesday,17:21,Serious,4,Two-Wheeler,2,0,Clear,National Highway,Dry,Dusk,No Control,80,55,Valid,No,Curve,1
West Bengal,Durgapur,2023,March,Tuesday,23:38,Serious,3,Two-Wheeler,6,0,Clear,Urban Road,Dry,Dark,Signals,55,36,Valid,Yes,Straight Road,1
Maharashtra,Nagpur,2022,September,Saturday,13:22,Serious,2,Car,3,0,Clear,National Highway,Dry,Daylight,Signals,95,32,Valid,No,Curve,1
Tamil Nadu,Madurai,2022,December,Sunday,14:13,Serious,5,Car,4,0,Foggy,National Highway,Under Construction,Daylight,Police Checkpost,90,60,Valid,No,Straight Road,1
Rajasthan,Jaipur,2019,June,Tuesday,23:13,Fatal,2,Two-Wheeler,2,2,Stormy,State Highway,Wet,Dark,Signs,65,61,Unlicensed,No,Curve,1
Odisha,Cuttack,2024,August,Saturday,18:39,Serious,3,Two-Wheeler,2,0,Stormy,Urban Road,Wet,Dusk,Signs,35,37,Valid,No,Intersection,1
Tamil Nadu,Coimbatore,2022,July,Saturday,07:26,Minor,2,Two-Wheeler,1,0,Clear,Urban Road,Damaged,Daylight,Signals,40,37,Valid,No,Bridge,0
Bihar,Unknown,2022,October,Saturday,19:00,Minor,2,Two-Wheeler,2,0,Clear,Urban Road,Wet,Dusk,Signals,35,48,Valid,No,Curve,0
Telangana,Hyderabad,2020,January,Friday,14:30,Minor,1,Two-Wheeler,2,0,Hazy,Urban Road,Dry,Daylight,Police Checkpost,30,42,Valid,No,Intersection,0
Maharashtra,Pune,2024,May,Wednesday,19:47,Minor,1,Car,2,0,Stormy,State Highway,Wet,Dusk,Signs,70,37,Valid,No,Straight Road,0
Tamil Nadu,Chennai,2021,August,Saturday,16:08,Fatal,3,Truck,3,1,Stormy,National Highway,Wet,Daylight,Signs,70,46,Valid,Yes,Straight Road,1
Uttar Pradesh,Varanasi,2019,February,Thursday,08:14,Minor,2,Car,3,0,Clear,Village Road,Dry,Daylight,No Control,20,29,Unlicensed,No,Straight Road,0
Gujarat,Surat,2019,November,Tuesday,19:21,Serious,1,Tractor,3,1,Rainy,National Highway,Wet,Dark,Signals,70,50,Valid,No,Curve,1
West Bengal,Durgapur,2022,August,Thursday,00:55,Minor,1,Car,3,0,Rainy,Village Road,Dry,Dark,No Control,20,45,Valid,No,Straight Road,0
Gujarat,Surat,2023,January,Thursday,20:20,Serious,3,Truck,3,0,Clear,Urban Road,Damaged,Dark,No Control,35,42,Unlicensed,No,Intersection,1
Tamil Nadu,Coimbatore,2019,January,Thursday,19:50,Minor,3,Car,1,0,Clear,Urban Road,Dry,Dusk,Signs,45,36,Valid,No,Intersection,0
Andhra Pradesh,Visakhapatnam,2022,February,Sunday,22:40,Minor,1,Cycle,2,0,Rainy,Urban Road,Dry,Dawn,Signs,50,30,Unlicensed,No,Straight Road,0
Madhya Pradesh,Gwalior,2024,August,Thursday,01:59,Serious,2,Car,3,0,Hazy,Village Road,Dry,Dark,No Control,35,18,Valid,No,Straight Road,1
Rajasthan,Jodhpur,2021,July,Wednesday,12:34,Fatal,4,Truck,2,1,Rainy,National Highway,Wet,Daylight,Signs,75,18,Valid,No,Straight Road,1
Madhya Pradesh,Unknown,2024,June,Sunday,07:19,Minor,2,Car,1,0,Rainy,Urban Road,Wet,Daylight,No Control,50,18,Valid,No,Intersection,0
Uttar Pradesh,Kanpur,2019,July,Tuesday,11:42,Minor,1,Auto-Rickshaw,3,0,Rainy,State Highway,Under Construction,Daylight,No Control,50,52,Valid,No,Straight Road,0
Telangana,Warangal,2020,June,Monday,10:05,Minor,2,Bus,2,0,Rainy,Urban Road,Wet,Daylight,Signals,35,29,Unlicensed,No,Intersection,0
Karnataka,Mysuru,2021,May,Sunday,16:47,Minor,1,Auto-Rickshaw,1,0,Clear,Urban Road,Dry,Daylight,No Control,40,22,Valid,No,Straight Road,0
Karnataka,Unknown,2020,January,Sunday,12:14,Fatal,3,Two-Wheeler,1,1,Clear,National Highway,Dry,Daylight,Signals,85,36,Valid,No,Bridge,1
Uttar Pradesh,Unknown,2018,January,Saturday,22:40,Serious,3,Car,4,0,Foggy,National Highway,Dry,Dark,Signs,65,26,Valid,No,Straight Road,1
Madhya Pradesh,Unknown,2021,September,Thursday,09:34,Minor,4,Car,3,0,Rainy,Urban Road,Damaged,Daylight,Signals,30,32,Expired,No,Intersection,0
West Bengal,Unknown,2020,September,Friday,12:14,Fatal,1,Car,6,2,Hazy,Expressway,Dry,Daylight,Signs,105,44,Valid,No,Straight Road,1
Karnataka,Mysuru,2019,March,Saturday,17:28,Serious,2,Two-Wheeler,2,0,Rainy,Urban Road,Wet,Daylight,Signs,40,33,Valid,No,Intersection,1
Delhi,New Delhi,2020,March,Sunday,09:30,Minor,1,Bus,1,0,Clear,Urban Road,Under Construction,Daylight,No Control,40,33,Expired,No,Straight Road,0
Haryana,Gurugram,2020,May,Monday,18:46,Minor,1,Two-Wheeler,1,0,Clear,Village Road,Dry,Dusk,Signs,30,37,Expired,No,Curve,0
Maharashtra,Mumbai,2024,August,Sunday,17:27,Minor,4,Car,3,0,Clear,Village Road,Under Construction,Dusk,Signs,40,20,Valid,No,Straight Road,0
Andhra Pradesh,Vijayawada,2021,August,Friday,17:03,Minor,3,Car,1,0,Clear,Urban Road,Dry,Dusk,No Control,35,40,Valid,No,Intersection,0
Karnataka,Bengaluru,2020,July,Monday,17:04,Serious,1,Car,4,0,Rainy,State Highway,Dry,Daylight,Signs,70,54,Valid,No,Straight Road,1
Goa,Unknown,2020,January,Monday,19:39,Minor,2,Cycle,3,0,Foggy,Urban Road,Dry,Dusk,Signs,50,33,Valid,No,Intersection,0
Uttar Pradesh,Kanpur,2022,June,Monday,23:53,Minor,2,Auto-Rickshaw,2,0,Clear,State Highway,Dry,Dark,No Control,70,38,Valid,No,Curve,0
Tamil Nadu,Coimbatore,2019,October,Sunday,02:26,Minor,1,Car,1,0,Stormy,Village Road,Wet,Dark,No Control,20,27,Valid,No,Curve,0
Gujarat,Unknown,2024,August,Thursday,13:05,Fatal,4,Two-Wheeler,1,1,Rainy,State Highway,Wet,Daylight,Signs,60,28,Valid,No,Straight Road,1
Tamil Nadu,Madurai,2020,October,Saturday,19:10,Serious,3,Two-Wheeler,2,0,Clear,Urban Road,Dry,Daylight,Signs,60,49,Unlicensed,Yes,Intersection,1
Andhra Pradesh,Vijayawada,2020,September,Monday,00:58,Minor,1,Two-Wheeler,3,0,Rainy,Village Road,Wet,Dark,Signs,35,39,Valid,No,Intersection,0
Gujarat,Ahmedabad,2018,November,Saturday,15:42,Minor,1,Car,1,0,Clear,Urban Road,Dry,Daylight,Signs,55,45,Valid,No,Straight Road,0
Uttar Pradesh,Varanasi,2024,July,Thursday,17:01,Fatal,3,Two-Wheeler,4,1,Rainy,National Highway,Wet,Daylight,No Control,90,40,Valid,No,Straight Road,1
Rajasthan,Jodhpur,2021,July,Sunday,07:15,Fatal,4,Car,5,2,Rainy,National Highway,Wet,Daylight,No Control,60,35,Unlicensed,No,Curve,1
Odisha,Bhubaneswar,2018,July,Thursday,11:43,Serious,3,Two-Wheeler,2,0,Clear,Urban Road,Damaged,Daylight,Signals,60,52,Valid,No,Straight Road,1
Bihar,Patna,2019,April,Saturday,19:37,Serious,1,Two-Wheeler,4,0,Clear,National Highway,Dry,Dusk,No Control,95,18,Valid,No,Straight Road,1
Rajasthan,Udaipur,2020,June,Friday,03:17,Fatal,2,Bus,2,2,Hazy,National Highway,Dry,Dark,Signals,85,27,Valid,Yes,Curve,1
Tamil Nadu,Chennai,2023,March,Thursday,06:41,Minor,1,Tractor,2,0,Hazy,State Highway,Dry,Dawn,No Control,50,32,Valid,No,Intersection,0
Uttar Pradesh,Varanasi,2018,June,Sunday,19:54,Minor,1,Car,1,0,Rainy,Urban Road,Wet,Dusk,Signals,55,38,Valid,No,Intersection,0
Delhi,Unknown,2018,February,Thursday,19:54,Minor,2,Two-Wheeler,1,0,Hazy,Urban Road,Dry,Dusk,No Control,55,33,Valid,No,Curve,0
Andhra Pradesh,Vijayawada,2021,June,Sunday,15:49,Fatal,4,Two-Wheeler,2,1,Stormy,National Highway,Wet,Daylight,Signs,95,40,Valid,No,Straight Road,1
Madhya Pradesh,Bhopal,2021,December,Monday,12:21,Serious,3,Two-Wheeler,2,0,Hazy,Urban Road,Dry,Daylight,No Control,40,53,Unlicensed,No,Intersection,1
Odisha,Unknown,2024,June,Friday,05:01,Fatal,2,Truck,4,2,Clear,State Highway,Dry,Dawn,No Control,75,23,Valid,No,Intersection,1
Maharashtra,Nagpur,2023,September,Sunday,19:23,Minor,1,Car,3,0,Clear,Urban Road,Damaged,Dusk,Signals,30,55,Valid,No,Intersection,0
Andhra Pradesh,Vijayawada,2022,June,Sunday,08:01,Minor,1,Bus,3,0,Rainy,Village Road,Wet,Daylight,No Control,30,34,Valid,No,Straight Road,0
Uttar Pradesh,Varanasi,2020,November,Thursday,21:34,Fatal,3,Car,3,1,Stormy,National Highway,Wet,Dark,Signals,90,39,Valid,Yes,Curve,1
Maharashtra,Nashik,2022,March,Thursday,18:36,Minor,1,Two-Wheeler,1,0,Clear,Urban Road,Dry,Dark,Signs,35,37,Unlicensed,No,Straight Road,0
Gujarat,Ahmedabad,2022,November,Saturday,04:20,Fatal,1,Auto-Rickshaw,2,1,Foggy,National Highway,Dry,Dark,Police Checkpost,100,40,Valid,No,Straight Road,1
Karnataka,Mysuru,2019,September,Wednesday,16:08,Serious,2,Auto-Rickshaw,3,0,Rainy,National Highway,Wet,Daylight,Signs,85,51,Valid,No,Intersection,1
Jharkhand,Jamshedpur,2020,November,Sunday,21:31,Serious,7,Bus,2,1,Clear,Urban Road,Dry,Dawn,Signals,35,23,Valid,Yes,Intersection,1
Tamil Nadu,Unknown,2024,February,Tuesday,20:00,Serious,3,Tractor,4,0,Rainy,Urban Road,Wet,Dark,Signals,55,28,Valid,No,Intersection,1
Punjab,Ludhiana,2021,November,Monday,16:16,Minor,2,Auto-Rickshaw,1,0,Hazy,Urban Road,Dry,Daylight,Signals,35,45,Valid,No,Straight Road,0
Kerala,Kozhikode,2021,November,Saturday,07:58,Serious,2,Car,3,0,Clear,Village Road,Under Construction,Daylight,No Control,40,27,Valid,Yes,Intersection,1
Telangana,Unknown,2023,April,Thursday,17:54,Minor,1,Auto-Rickshaw,2,0,Hazy,Urban Road,Dry,Daylight,No Control,60,18,Valid,No,Straight Road,0
Assam,Unknown,2019,August,Wednesday,17:37,Fatal,5,Truck,1,1,Rainy,National Highway,Damaged,Dusk,Signals,95,45,Valid,No,Straight Road,1
Karnataka,Unknown,2019,August,Wednesday,15:22,Minor,2,Car,2,0,Rainy,Urban Road,Under Construction,Daylight,Police Checkpost,40,28,Valid,No,Curve,0
Karnataka,Unknown,2024,January,Sunday,08:00,Minor,5,Car,2,0,Foggy,Urban Road,Dry,Daylight,Signs,45,48,Valid,No,Intersection,0
Uttar Pradesh,Lucknow,2023,July,Friday,21:39,Minor,2,Truck,2,0,Rainy,Urban Road,Dry,Dusk,Signs,50,32,Unlicensed,No,Straight Road,0
Tamil Nadu,Madurai,2020,August,Sunday,14:29,Serious,2,Two-Wheeler,3,0,Rainy,State Highway,Under Construction,Daylight,Signs,75,51,Valid,No,Curve,1
Odisha,Cuttack,2024,March,Wednesday,09:42,Minor,2,Truck,3,0,Clear,Expressway,Dry,Daylight,Signs,90,40,Valid,No,Bridge,0
Gujarat,Vadodara,2020,May,Thursday,08:09,Minor,1,Car,1,0,Clear,Urban Road,Dry,Dark,Signs,45,29,Valid,No,Straight Road,0
Karnataka,Bengaluru,2022,August,Tuesday,09:49,Minor,3,Car,2,0,Clear,Urban Road,Dry,Daylight,Signs,40,22,Valid,No,Intersection,0
Uttar Pradesh,Agra,2018,December,Thursday,13:48,Minor,5,Car,1,0,Foggy,Urban Road,Dry,Daylight,Signs,50,34,Expired,No,Straight Road,0
Gujarat,Surat,2022,January,Monday,08:25,Minor,2,Cycle,1,0,Foggy,Urban Road,Damaged,Daylight,Signs,55,38,Unlicensed,No,Straight Road,0
Andhra Pradesh,Visakhapatnam,2019,December,Monday,14:01,Serious,2,Tractor,4,0,Foggy,State Highway,Dry,Daylight,No Control,60,29,Valid,No,Intersection,1
Tamil Nadu,Unknown,2019,October,Thursday,07:27,Fatal,5,Tractor,5,1,Clear,National Highway,Dry,Daylight,No Control,95,21,Valid,Yes,Straight Road,1
Bihar,Gaya,2023,November,Saturday,09:22,Serious,2,Truck,2,0,Clear,Urban Road,Dry,Daylight,Police Checkpost,40,34,Unlicensed,Yes,Curve,1
West Bengal,Siliguri,2019,January,Thursday,05:45,Minor,2,Bus,6,0,Hazy,Urban Road,Dry,Daylight,Signals,50,55,Valid,No,Straight Road,0
Bihar,Gaya,2021,July,Thursday,10:14,Serious,4,Two-Wheeler,5,0,Rainy,National Highway,Wet,Daylight,No Control,75,40,Valid,No,Intersection,1
Tamil Nadu,Unknown,2024,May,Thursday,11:01,Minor,2,Car,1,0,Clear,Urban Road,Dry,Daylight,Signals,35,29,Unlicensed,No,Curve,0
West Bengal,Durgapur,2024,December,Friday,11:58,Minor,1,Two-Wheeler,1,0,Clear,Village Road,Dry,Daylight,No Control,25,39,Valid,No,Straight Road,0
Uttar Pradesh,Lucknow,2021,September,Saturday,18:14,Minor,2,Two-Wheeler,1,0,Rainy,Village Road,Damaged,Daylight,Signs,35,45,Valid,No,Intersection,0
Karnataka,Mangaluru,2018,August,Saturday,13:04,Minor,2,Truck,3,0,Rainy,State Highway,Wet,Daylight,No Control,60,26,Valid,No,Curve,0
Kerala,Thiruvananthapuram,2020,January,Saturday,17:51,Fatal,2,Two-Wheeler,1,1,Hazy,State Highway,Dry,Dark,Signs,75,34,Valid,No,Curve,1
West Bengal,Kolkata,2022,November,Tuesday,01:43,Minor,4,Auto-Rickshaw,1,0,Clear,Village Road,Under Construction,Dark,No Control,35,35,Valid,No,Straight Road,0
Uttar Pradesh,Unknown,2020,June,Thursday,12:16,Fatal,4,Tractor,3,2,Rainy,Expressway,Wet,Daylight,Signs,95,32,Unlicensed,No,Straight Road,1
Delhi,New Delhi,2023,February,Saturday,04:28,Fatal,2,Two-Wheeler,2,1,Foggy,National Highway,Dry,Dark,No Control,70,22,Valid,No,Curve,1
Maharashtra,Mumbai,2024,November,Sunday,13:41,Minor,1,Two-Wheeler,1,0,Hazy,National Highway,Dry,Daylight,No Control,90,45,Valid,No,Straight Road,0
Madhya Pradesh,Gwalior,2022,November,Friday,16:48,Fatal,4,Bus,2,1,Rainy,National Highway,Wet,Daylight,Signals,85,18,Valid,No,Bridge,1
Jammu and Kashmir,Jammu,2022,June,Thursday,19:22,Minor,1,Bus,2,0,Clear,Urban Road,Damaged,Dusk,No Control,40,29,Expired,No,Straight Road,0
Rajasthan,Jodhpur,2021,August,Saturday,15:12,Minor,4,Bus,3,0,Rainy,Urban Road,Damaged,Daylight,Signals,30,28,Unlicensed,No,Intersection,0
Punjab,Amritsar,2019,August,Sunday,11:00,Serious,3,Truck,2,0,Clear,National Highway,Dry,Daylight,No Control,75,30,Valid,No,Straight Road,1
Madhya Pradesh,Indore,2022,April,Thursday,08:51,Minor,2,Bus,1,0,Clear,Urban Road,Damaged,Daylight,No Control,30,55,Valid,No,Intersection,0
Bihar,Gaya,2024,September,Tuesday,22:48,Fatal,3,Auto-Rickshaw,5,1,Rainy,National Highway,Wet,Dark,Signs,90,33,Valid,No,Straight Road,1
Telangana,Hyderabad,2022,December,Saturday,07:57,Minor,2,Two-Wheeler,2,0,Hazy,National Highway,Dry,Daylight,Police Checkpost,70,50,Valid,No,Straight Road,0
Andhra Pradesh,Visakhapatnam,2023,December,Saturday,02:44,Serious,3,Tractor,4,0,Stormy,Urban Road,Damaged,Dusk,Signs,40,39,Valid,Yes,Straight Road,1
Uttar Pradesh,Agra,2024,September,Tuesday,06:12,Minor,2,Bus,1,0,Hazy,Urban Road,Dry,Dawn,Signals,35,42,Unlicensed,No,Straight Road,0
Kerala,Kozhikode,2020,May,Wednesday,23:14,Minor,2,Car,1,0,Clear,State Highway,Dry,Dark,Signs,75,33,Valid,Yes,Intersection,0
Uttar Pradesh,Varanasi,2020,November,Friday,21:14,Serious,1,Car,2,0,Rainy,State Highway,Damaged,Dark,Signs,75,46,Valid,No,Curve,1
Himachal Pradesh,Shimla,2024,December,Saturday,10:27,Fatal,3,Tractor,2,1,Hazy,State Highway,Dry,Dusk,Signs,80,30,Unlicensed,No,Curve,1
Uttar Pradesh,Lucknow,2021,January,Saturday,00:57,Serious,3,Two-Wheeler,3,0,Hazy,Village Road,Dry,Dawn,No Control,35,32,Valid,Yes,Straight Road,1
Uttar Pradesh,Varanasi,2023,May,Tuesday,18:41,Minor,5,Bus,2,0,Clear,Village Road,Dry,Dusk,No Control,20,31,Valid,No,Intersection,0
Delhi,New Delhi,2022,July,Tuesday,09:26,Serious,4,Two-Wheeler,2,1,Clear,Urban Road,Dry,Daylight,Signals,50,24,Valid,No,Intersection,1
Uttar Pradesh,Kanpur,2018,July,Saturday,00:44,Fatal,1,Car,3,1,Rainy,Expressway,Under Construction,Dark,Signs,100,37,Valid,Yes,Curve,1
Karnataka,Mangaluru,2020,September,Monday,13:50,Minor,2,Car,1,0,Clear,Urban Road,Dry,Daylight,No Control,50,47,Valid,No,Straight Road,0
Andhra Pradesh,Vijayawada,2020,July,Thursday,12:24,Minor,1,Two-Wheeler,1,0,Clear,National Highway,Dry,Daylight,Signs,85,33,Valid,No,Straight Road,0
Uttar Pradesh,Lucknow,2019,January,Friday,10:50,Minor,4,Two-Wheeler,1,0,Clear,Urban Road,Damaged,Daylight,Signs,50,27,Valid,No,Straight Road,0
Uttar Pradesh,Kanpur,2023,February,Wednesday,17:01,Minor,1,Two-Wheeler,2,0,Clear,Village Road,Dry,Dusk,Signs,30,60,Valid,No,Bridge,0
Rajasthan,Jodhpur,2024,October,Saturday,18:18,Minor,2,Two-Wheeler,1,0,Clear,Urban Road,Dry,Dusk,Signs,55,32,Expired,No,Straight Road,0
Tamil Nadu,Coimbatore,2024,September,Monday,15:10,Serious,1,Two-Wheeler,2,0,Clear,Expressway,Under Construction,Daylight,Signs,115,46,Valid,No,Straight Road,1
Uttar Pradesh,Kanpur,2019,August,Saturday,00:10,Serious,5,Car,4,0,Stormy,Urban Road,Damaged,Dark,Signs,45,37,Unlicensed,No,Intersection,1
Maharashtra,Nashik,2021,June,Friday,00:12,Minor,3,Car,4,0,Clear,Village Road,Dry,Dark,No Control,20,50,Expired,No,Straight Road,0
Karnataka,Mangaluru,2019,April,Thursday,20:21,Minor,2,Truck,1,0,Clear,Urban Road,Under Construction,Dark,Signals,30,36,Valid,No,Intersection,0
Tamil Nadu,Chennai,2018,April,Sunday,07:43,Minor,1,Two-Wheeler,3,0,Clear,Village Road,Dry,Daylight,No Control,20,36,Expired,No,Intersection,0
Maharashtra,Nagpur,2022,September,Tuesday,11:35,Fatal,3,Truck,3,2,Rainy,Expressway,Wet,Dark,Signs,115,36,Valid,Yes,Straight Road,1
West Bengal,Durgapur,2024,July,Saturday,05:26,Minor,4,Car,3,0,Rainy,State Highway,Dry,Dawn,No Control,65,34,Valid,No,Straight Road,0
West Bengal,Unknown,2018,February,Tuesday,08:29,Minor,3,Truck,1,0,Clear,Urban Road,Dry,Daylight,No Control,45,38,Valid,No,Intersection,0
Maharashtra,Unknown,2022,May,Sunday,13:10,Serious,3,Tractor,4,0,Clear,National Highway,Damaged,Daylight,Signals,70,28,Expired,No,Straight Road,1
Tamil Nadu,Chennai,2018,October,Monday,08:44,Minor,3,Auto-Rickshaw,1,0,Clear,Village Road,Dry,Daylight,No Control,40,43,Valid,No,Straight Road,0
Delhi,Unknown,2023,August,Friday,17:45,Minor,3,Auto-Rickshaw,4,0,Rainy,Urban Road,Wet,Daylight,No Control,35,70,Valid,No,Intersection,0
Madhya Pradesh,Unknown,2018,November,Tuesday,11:32,Serious,1,Truck,2,0,Clear,National Highway,Dry,Daylight,Police Checkpost,95,26,Expired,No,Straight Road,1
Karnataka,Hubballi,2021,July,Thursday,19:48,Fatal,2,Two-Wheeler,2,2,Hazy,State Highway,Dry,Daylight,Signs,70,41,Unlicensed,No,Intersection,1
Gujarat,Vadodara,2018,June,Tuesday,16:48,Fatal,5,Two-Wheeler,3,3,Rainy,National Highway,Damaged,Daylight,Signals,75,37,Expired,No,Straight Road,1
Uttar Pradesh,Agra,2020,December,Tuesday,08:48,Serious,1,Truck,2,0,Clear,State Highway,Dry,Daylight,Signs,70,23,Unlicensed,No,Straight Road,1
Punjab,Ludhiana,2021,July,Monday,19:06,Fatal,4,Car,4,1,Rainy,National Highway,Wet,Dark,No Control,95,46,Valid,No,Curve,1
Assam,Guwahati,2021,February,Monday,21:05,Fatal,3,Car,3,3,Hazy,Expressway,Dry,Dark,Signs,80,32,Valid,No,Straight Road,1
Assam,Guwahati,2023,May,Saturday,05:26,Serious,4,Truck,3,0,Clear,Urban Road,Dry,Dark,No Control,30,29,Valid,Yes,Straight Road,1
Uttar Pradesh,Kanpur,2024,August,Thursday,17:03,Fatal,3,Truck,3,1,Foggy,Expressway,Dry,Daylight,Signs,85,53,Valid,No,Straight Road,1
Tamil Nadu,Coimbatore,2020,May,Monday,16:00,Fatal,4,Two-Wheeler,3,1,Clear,National Highway,Damaged,Daylight,No Control,85,33,Unlicensed,No,Straight Road,1
Uttar Pradesh,Agra,2024,May,Sunday,17:07,Fatal,4,Cycle,3,2,Clear,State Highway,Wet,Dark,No Control,65,51,Unlicensed,No,Straight Road,1
Tamil Nadu,Coimbatore,2020,November,Friday,01:07,Serious,2,Auto-Rickshaw,3,0,Hazy,Village Road,Dry,Dark,No Control,35,43,Valid,No,Straight Road,1
Tamil Nadu,Coimbatore,2018,June,Wednesday,01:19,Minor,1,Two-Wheeler,1,0,Hazy,Urban Road,Dry,Dark,Signals,40,38,Valid,No,Straight Road,0
West Bengal,Kolkata,2022,April,Thursday,09:19,Serious,2,Car,3,0,Clear,National Highway,Dry,Daylight,Signals,95,45,Expired,No,Straight Road,1
Uttar Pradesh,Agra,2023,February,Thursday,04:49,Serious,3,Auto-Rickshaw,2,0,Clear,Village Road,Dry,Dark,No Control,30,46,Valid,Yes,Straight Road,1
Assam,Guwahati,2020,May,Friday,10:54,Serious,4,Truck,3,0,Clear,National Highway,Dry,Daylight,No Control,80,35,Valid,No,Straight Road,1
Maharashtra,Nagpur,2022,October,Sunday,20:10,Serious,4,Car,3,0,Hazy,State Highway,Dry,Dark,No Control,65,33,Expired,No,Straight Road,1
Maharashtra,Unknown,2021,April,Friday,10:22,Minor,3,Cycle,3,0,Clear,Urban Road,Dry,Daylight,Signs,35,47,Valid,No,Straight Road,0
Delhi,New Delhi,2019,June,Sunday,11:30,Minor,2,Bus,1,0,Hazy,Urban Road,Damaged,Daylight,Signals,60,70,Valid,No,Straight Road,0
Andhra Pradesh,Unknown,2020,August,Saturday,08:16,Minor,4,Truck,1,0,Clear,Urban Road,Dry,Daylight,Police Checkpost,30,18,Expired,No,Curve,0
Karnataka,Hubballi,2020,December,Sunday,12:19,Minor,1,Car,1,0,Hazy,National Highway,Dry,Daylight,Signs,60,24,Expired,No,Straight Road,0
Madhya Pradesh,Unknown,2020,October,Friday,19:40,Fatal,3,Bus,2,1,Rainy,National Highway,Wet,Dusk,Signals,80,25,Valid,No,Straight Road,1
Uttar Pradesh,Unknown,2024,April,Saturday,19:25,Minor,2,Auto-Rickshaw,2,0,Clear,State Highway,Dry,Daylight,Signs,70,33,Valid,No,Straight Road,0
Uttar Pradesh,Lucknow,2020,February,Saturday,12:42,Minor,1,Two-Wheeler,1,0,Clear,State Highway,Dry,Daylight,Police Checkpost,65,25,Valid,No,Straight Road,0
Gujarat,Surat,2022,September,Saturday,11:04,Fatal,3,Truck,4,1,Clear,National Highway,Damaged,Daylight,Signs,90,44,Valid,No,Bridge,1
Karnataka,Mysuru,2018,April,Monday,07:28,Minor,2,Truck,3,0,Clear,Urban Road,Dry,Daylight,Police Checkpost,40,20,Valid,No,Straight Road,0
West Bengal,Siliguri,2020,May,Monday,23:18,Minor,3,Two-Wheeler,2,0,Clear,Village Road,Dry,Dark,No Control,25,32,Valid,No,Straight Road,0
